DATE,b0_level,b1_slope,b2_curvature,lambda
2001-07-31,0.06015192570052544,-0.025585925082701848,-0.015011846260013771,0.4014827424711989
2001-08-01,0.06017790535664692,-0.025776491015486624,-0.01321722306221284,0.4014827424711989
2001-08-02,0.060409673556255664,-0.02618110313161652,-0.010902224643489535,0.4014827424711989
2001-08-03,0.06047388681180446,-0.02639979051839457,-0.009625057625435238,0.4014827424711989
2001-08-06,0.06064240694433553,-0.02658692289186247,-0.010664050556845122,0.4014827424711989
2001-08-07,0.06069664347345428,-0.026623092173732436,-0.01032227465593985,0.4014827424711989
2001-08-08,0.05999374685062726,-0.026113591597889382,-0.013872910291486571,0.4014827424711989
2001-08-09,0.06020558958957978,-0.02658711412557073,-0.012462728593515323,0.4014827424711989
2001-08-10,0.06002387295889348,-0.026603615188448063,-0.013445454023493727,0.4014827424711989
2001-08-13,0.06014745378298183,-0.02664898320971256,-0.014909112403945364,0.4014827424711989
2001-08-14,0.05986250048841733,-0.026514209544826917,-0.013158679090472488,0.4014827424711989
2001-08-15,0.05965248969879582,-0.02638174027335056,-0.010867737477363536,0.4014827424711989
2001-08-16,0.05932470072781279,-0.026440397466419723,-0.01154132966701606,0.4014827424711989
2001-08-17,0.05887977468133364,-0.026107128669043304,-0.01381069058620122,0.4014827424711989
2001-08-20,0.05908737436688666,-0.025903937467265457,-0.012463764567420663,0.4014827424711989
2001-08-21,0.059099581425925106,-0.026185793888080247,-0.013665434366066388,0.4014827424711989
2001-08-22,0.058731828290600106,-0.025850489010411776,-0.011162883080532857,0.4014827424711989
2001-08-23,0.05855463298572973,-0.025463754655803594,-0.012107417246490892,0.4014827424711989
2001-08-24,0.05890660644752793,-0.0257358090059235,-0.011615013080204512,0.4014827424711989
2001-08-27,0.05912916693885885,-0.025618062720212206,-0.012091425142238273,0.4014827424711989
2001-08-28,0.05862612077522991,-0.025235737731130813,-0.014067230932680681,0.4014827424711989
2001-08-29,0.058103093141897856,-0.024847460877451287,-0.014687032298378089,0.4014827424711989
2001-08-30,0.058364066373675395,-0.02581351435953007,-0.014702566486753764,0.4014827424711989
2001-08-31,0.058501538664331595,-0.025929032844782787,-0.013502094585348887,0.4014827424711989
2001-09-03,0.058501538664331595,-0.025929032844782787,-0.013502094585348887,0.4014827424711989
2001-09-04,0.059086512078505335,-0.025941825503270878,-0.009109481883772384,0.4014827424711989
2001-09-05,0.05910908954511189,-0.02604373612439537,-0.010322582625516557,0.4014827424711989
2001-09-06,0.058771049777137326,-0.026124126403207135,-0.01370118729329136,0.4014827424711989
2001-09-07,0.05884147177595867,-0.026945272866121292,-0.016062258292683894,0.4014827424711989
2001-09-10,0.05941680216050199,-0.027450113560274485,-0.016675677899932365,0.4014827424711989
2001-09-11,0.05941680216050199,-0.027450113560274485,-0.016675677899932365,0.4014827424711989
2001-09-12,0.05941680216050199,-0.027450113560274485,-0.016675677899932365,0.4014827424711989
2001-09-13,0.060055318494842885,-0.03375493003727721,-0.022268757658941027,0.4014827424711989
2001-09-14,0.0599425942807565,-0.034807204040200754,-0.023900115310922593,0.4014827424711989
2001-09-17,0.060053789212600246,-0.03567862361476999,-0.019675128927276377,0.4014827424711989
2001-09-18,0.06168729680796101,-0.03839613998515718,-0.019485620080418858,0.4014827424711989
2001-09-19,0.06185872507090548,-0.04162816456108646,-0.017959513952858122,0.4014827424711989
2001-09-20,0.06233494932026391,-0.04170471850120517,-0.016685838051659657,0.4014827424711989
2001-09-21,0.06197084881158834,-0.04102826327974996,-0.017644643805366518,0.4014827424711989
2001-09-24,0.06215562188922278,-0.03971398292650112,-0.01967425454502009,0.4014827424711989
2001-09-25,0.06272123491098631,-0.0395028737412875,-0.023944715191242662,0.4014827424711989
2001-09-26,0.06187634385335829,-0.039039915518003704,-0.023864925442504556,0.4014827424711989
2001-09-27,0.06107691626009706,-0.038982764756608716,-0.0225313212244578,0.4014827424711989
2001-09-28,0.060312740522521675,-0.03831337581303812,-0.01855126956895254,0.4014827424711989
2001-10-01,0.05979825033703652,-0.03792726936900263,-0.01872359653317617,0.4014827424711989
2001-10-02,0.05949140853705422,-0.03827435128769337,-0.01828117598887649,0.4014827424711989
2001-10-03,0.05912769928322217,-0.03839040686877686,-0.017181017586536628,0.4014827424711989
2001-10-04,0.05906895381779125,-0.03852066733068584,-0.016609036900720648,0.4014827424711989
2001-10-05,0.05929732128587771,-0.03894272176497167,-0.017764507320416643,0.4014827424711989
2001-10-08,0.05929732128587771,-0.03894272176497167,-0.017764507320416643,0.4014827424711989
2001-10-09,0.06019112280579835,-0.03970717031944423,-0.017125405426451697,0.4014827424711989
2001-10-10,0.05967814242828528,-0.03900326296153771,-0.01613537038685836,0.4014827424711989
2001-10-11,0.05996110986233952,-0.03897000291415338,-0.013796657083357347,0.4014827424711989
2001-10-12,0.06037998735874898,-0.03946282773196057,-0.01602259568180936,0.4014827424711989
2001-10-15,0.059992395264030815,-0.03897085021855963,-0.017148968775996885,0.4014827424711989
2001-10-16,0.05972206107929615,-0.038852285594675975,-0.017397772743747493,0.4014827424711989
2001-10-17,0.059198771794136865,-0.038309761853199314,-0.015858343513017334,0.4014827424711989
2001-10-18,0.05914804540555684,-0.03862949055859751,-0.015517231219675721,0.4014827424711989
2001-10-19,0.059749876701849364,-0.0393487868122459,-0.01562410109305931,0.4014827424711989
2001-10-22,0.05957380104187471,-0.039063312140115734,-0.014924656808102642,0.4014827424711989
2001-10-23,0.05974639340887104,-0.03927264363126529,-0.01427532197071953,0.4014827424711989
2001-10-24,0.05925293191060248,-0.03903740530539107,-0.015432393692863658,0.4014827424711989
2001-10-25,0.05914164388150192,-0.03922186844398545,-0.017366145420036564,0.4014827424711989
2001-10-26,0.0589654264278098,-0.03903601692779583,-0.017477977604406728,0.4014827424711989
2001-10-29,0.05901505554751054,-0.039493735771343796,-0.019132835341897008,0.4014827424711989
2001-10-30,0.05884713007601123,-0.03987838521807435,-0.020381607066637254,0.4014827424711989
2001-10-31,0.0557706679744595,-0.037025572543944854,-0.016999634220738354,0.4014827424711989
2001-11-01,0.05452686227287157,-0.03552703122452569,-0.014725650963800931,0.4014827424711989
2001-11-02,0.05636044749490499,-0.03819892181973165,-0.014307610514352434,0.4014827424711989
2001-11-05,0.05527275890336474,-0.03716459261457678,-0.01354182432931956,0.4014827424711989
2001-11-06,0.05577848011114844,-0.038733302827096465,-0.016334281872582936,0.4014827424711989
2001-11-07,0.054849266877871915,-0.038330708537744444,-0.016091299697676698,0.4014827424711989
2001-11-08,0.0553774108037602,-0.0386864864338655,-0.013481702555579879,0.4014827424711989
2001-11-09,0.05531357365542652,-0.03870822424920287,-0.011769257019825894,0.4014827424711989
2001-11-12,0.05531357365542652,-0.03870822424920287,-0.011769257019825894,0.4014827424711989
2001-11-13,0.055466412453952944,-0.03873512454065002,-0.009211313819555108,0.4014827424711989
2001-11-14,0.05610450428102773,-0.039159992022442344,-0.005610292425358968,0.4014827424711989
2001-11-15,0.05728548668339889,-0.04008040552225625,0.0021279748042149806,0.4014827424711989
2001-11-16,0.05791090683908296,-0.04053986964528508,0.005484461098628978,0.4014827424711989
2001-11-19,0.05760943196154283,-0.040320820987231845,0.0007712054061262113,0.4014827424711989
2001-11-20,0.058527004249047845,-0.041324902359587884,0.001034891354518723,0.4014827424711989
2001-11-21,0.05855123376479902,-0.04150940472600502,0.006478359188494457,0.4014827424711989
2001-11-22,0.05855123376479902,-0.04150940472600502,0.006478359188494457,0.4014827424711989
2001-11-23,0.058677419306303484,-0.04178132755628852,0.009418737779826686,0.4014827424711989
2001-11-26,0.05865921359274898,-0.04161107585260474,0.009829950111355195,0.4014827424711989
2001-11-27,0.058942074620779536,-0.04210505065538797,0.006022172876497074,0.4014827424711989
2001-11-28,0.05869629006017442,-0.04258407163150966,0.007742372859166987,0.4014827424711989
2001-11-29,0.058446473418960025,-0.04301177816031644,0.0005772389905841814,0.4014827424711989
2001-11-30,0.058819279290467485,-0.04346411925911615,-0.0005796114528723792,0.4014827424711989
2001-12-03,0.05852698062819115,-0.04307890131803942,-0.0011552916982933946,0.4014827424711989
2001-12-04,0.05779213623209793,-0.042615805092432436,-0.00015337990748899924,0.4014827424711989
2001-12-05,0.05838162218668305,-0.04324778574725532,0.00825781027126243,0.4014827424711989
2001-12-06,0.059082261207231264,-0.044222768338123504,0.012457206486450914,0.4014827424711989
2001-12-07,0.06098206624618542,-0.04712806805446692,0.013370698605857673,0.4014827424711989
2001-12-10,0.06110481823253557,-0.04734276860591281,0.010951788178985903,0.4014827424711989
2001-12-11,0.061049600433129,-0.04762887828125716,0.009186479683137712,0.4014827424711989
2001-12-12,0.06029555176863376,-0.04647261962527285,0.0067740931337626955,0.4014827424711989
2001-12-13,0.060514192643559415,-0.046675429019598834,0.01083822203688966,0.4014827424711989
2001-12-14,0.06094047736653019,-0.04707369369700856,0.01398394976244014,0.4014827424711989
2001-12-17,0.06117704268469684,-0.0471137715138146,0.013789712592674523,0.4014827424711989
2001-12-18,0.06026226254681134,-0.046224619582109716,0.012530109608455908,0.4014827424711989
2001-12-19,0.059372029235859915,-0.045413910646891834,0.012314870209952289,0.4014827424711989
2001-12-20,0.05897240239810334,-0.045231804292943614,0.014540531660097236,0.4014827424711989
2001-12-21,0.059228194584123,-0.04541266959859565,0.01492212869774853,0.4014827424711989
2001-12-24,0.05959701795213468,-0.045818030442312356,0.01614333917980166,0.4014827424711989
2001-12-25,0.05959701795213468,-0.045818030442312356,0.01614333917980166,0.4014827424711989
2001-12-26,0.05983330598060065,-0.045370101977573525,0.01644127426306104,0.4014827424711989
2001-12-27,0.059646140471447305,-0.04525525321419285,0.013575681972587062,0.4014827424711989
2001-12-28,0.060316631548563815,-0.04609717616929042,0.012539954327953188,0.4014827424711989
2001-12-31,0.05988353106527915,-0.04576374322495908,0.010199008028007342,0.4014827424711989
2002-01-01,0.05988353106527915,-0.04576374322495908,0.010199008028007342,0.4014827424711989
2002-01-02,0.060415599968281095,-0.04616203995258554,0.014293032947983349,0.4014827424711989
2002-01-03,0.06027741986673786,-0.04611327187096789,0.013211808447341941,0.4014827424711989
2002-01-04,0.06065343624778828,-0.04658475570182188,0.013355943646519042,0.4014827424711989
2002-01-07,0.05996135865402218,-0.0461372436000914,0.01114989948320946,0.4014827424711989
2002-01-08,0.0602182967980748,-0.04637592140355976,0.010517437817079329,0.4014827424711989
2002-01-09,0.06031867962016277,-0.04657513225925144,0.009873696845432685,0.4014827424711989
2002-01-10,0.059494406364821555,-0.04578342285534632,0.007524019816455585,0.4014827424711989
2002-01-11,0.05970607035929449,-0.046775287872953604,0.0033589585229461764,0.4014827424711989
2002-01-14,0.05968354657016495,-0.046682516727974514,0.0038379315144825236,0.4014827424711989
2002-01-15,0.059091396432641316,-0.045970153244602095,0.00429218731244474,0.4014827424711989
2002-01-16,0.05908117634315305,-0.04591992074611523,0.005167783655423235,0.4014827424711989
2002-01-17,0.0591994878048566,-0.045935740933146715,0.009261095121306758,0.4014827424711989
2002-01-18,0.05874006495160848,-0.04558193071368459,0.008593432486673646,0.4014827424711989
2002-01-21,0.05874006495160848,-0.04558193071368459,0.008593432486673646,0.4014827424711989
2002-01-22,0.05902276099547609,-0.045123505804719646,0.008140486497445833,0.4014827424711989
2002-01-23,0.059858781964878524,-0.04586868633632635,0.009771842406205785,0.4014827424711989
2002-01-24,0.05921953317941409,-0.045118332483252234,0.012838739055490324,0.4014827424711989
2002-01-25,0.059075521646177194,-0.045036001568917954,0.01473782445524883,0.4014827424711989
2002-01-28,0.059040496179642334,-0.04465822707601491,0.014989872977491062,0.4014827424711989
2002-01-29,0.05870988785229975,-0.04434520088192079,0.010955063462382597,0.4014827424711989
2002-01-30,0.05873829483946716,-0.0443218043827678,0.011306522313865204,0.4014827424711989
2002-01-31,0.058710965045303175,-0.044234763610792295,0.01390869511208579,0.4014827424711989
2002-02-01,0.05855305121002954,-0.04415447849995146,0.01196642460387511,0.4014827424711989
2002-02-04,0.05832489297193816,-0.04370682683592901,0.008775277713368987,0.4014827424711989
2002-02-05,0.0582336389757714,-0.043436104500940785,0.008414083881213166,0.4014827424711989
2002-02-06,0.0587458821551218,-0.044152942019932966,0.007963375725678764,0.4014827424711989
2002-02-07,0.059030646551810194,-0.04460484353457929,0.008480654381428214,0.4014827424711989
2002-02-08,0.05885176691488465,-0.044503376932283345,0.0072484636704984295,0.4014827424711989
2002-02-11,0.05917544196714491,-0.044409874411745105,0.006300715516499515,0.4014827424711989
2002-02-12,0.05939063638778551,-0.04454047143523182,0.008504766182920058,0.4014827424711989
2002-02-13,0.059471123962276974,-0.04470523228983164,0.010103722246950846,0.4014827424711989
2002-02-14,0.058781400661397046,-0.044019385720039786,0.009922572375166371,0.4014827424711989
2002-02-15,0.05847989978614898,-0.043820624361174614,0.007298092243680285,0.4014827424711989
2002-02-18,0.05847989978614898,-0.043820624361174614,0.007298092243680285,0.4014827424711989
2002-02-19,0.0597897000281516,-0.044812924493617935,0.004947733482711148,0.4014827424711989
2002-02-20,0.05962060158725962,-0.04456215666965829,0.005339592960258464,0.4014827424711989
2002-02-21,0.059552437455573995,-0.044440304019494004,0.0052851393847849395,0.4014827424711989
2002-02-22,0.05919600917358294,-0.044121183640232126,0.004552187651682856,0.4014827424711989
2002-02-25,0.05924460739116445,-0.043999389866046026,0.005434784946136383,0.4014827424711989
2002-02-26,0.05944348216682882,-0.04416492865892622,0.007799624631547401,0.4014827424711989
2002-02-27,0.05904015302584496,-0.04368458530264982,0.005823925502874014,0.4014827424711989
2002-02-28,0.059416742836875605,-0.0442104448871812,0.006584120692909885,0.4014827424711989
2002-03-01,0.059751442720519375,-0.044584389443983366,0.010525936857575057,0.4014827424711989
2002-03-04,0.05977604983844968,-0.04442693228431738,0.011323638281861757,0.4014827424711989
2002-03-05,0.05957260348199362,-0.04427899980144538,0.01210341488339697,0.4014827424711989
2002-03-06,0.06029929678130002,-0.04516241957132904,0.011470157888343442,0.4014827424711989
2002-03-07,0.060975369318744393,-0.04602314805392381,0.01674392657850076,0.4014827424711989
2002-03-08,0.06068174192865217,-0.04543875800496997,0.023261478203710134,0.4014827424711989
2002-03-11,0.06078693930866159,-0.04514270077587639,0.02207199765103824,0.4014827424711989
2002-03-12,0.06116534190318998,-0.045526963335318686,0.020489034626937776,0.4014827424711989
2002-03-13,0.061384177254681094,-0.045919887291333394,0.017982395626877264,0.4014827424711989
2002-03-14,0.061772782200019,-0.046286909059488957,0.022232449971499955,0.4014827424711989
2002-03-15,0.060982823126323575,-0.04535380681158012,0.023024245126228533,0.4014827424711989
2002-03-18,0.06035873945302742,-0.04452167997124666,0.024196368581131555,0.4014827424711989
2002-03-19,0.06079989906666383,-0.04506595331135975,0.02304693934562905,0.4014827424711989
2002-03-20,0.061119785235584284,-0.045519537754953744,0.02532476884787261,0.4014827424711989
2002-03-21,0.0605705496045527,-0.04509502761216538,0.02758027603719089,0.4014827424711989
2002-03-22,0.060666496074986614,-0.04511414548781995,0.028105700239003113,0.4014827424711989
2002-03-25,0.060734147794111105,-0.04498120898998316,0.027908092236432074,0.4014827424711989
2002-03-26,0.06038952360372077,-0.04471752483920793,0.025652218987210984,0.4014827424711989
2002-03-27,0.06050719655372034,-0.045136550636482344,0.025752179450502455,0.4014827424711989
2002-03-28,0.061005655040380975,-0.04571440788463985,0.027156352421313746,0.4014827424711989
2002-03-29,0.061005655040380975,-0.04571440788463985,0.027156352421313746,0.4014827424711989
2002-04-01,0.061140095601600636,-0.04552465416628872,0.02674896241238993,0.4014827424711989
2002-04-02,0.06076303139851135,-0.04519581986437484,0.02414147031647512,0.4014827424711989
2002-04-03,0.060627257000843295,-0.04522496241707033,0.021833091242269544,0.4014827424711989
2002-04-04,0.0603267937865056,-0.04498200348331034,0.022603405183688925,0.4014827424711989
2002-04-05,0.0601876399947644,-0.04500406272053492,0.020346140534861952,0.4014827424711989
2002-04-08,0.060741538900017024,-0.04548240933854058,0.019499426696974242,0.4014827424711989
2002-04-09,0.06023513703244634,-0.04524080174049652,0.020146129766826077,0.4014827424711989
2002-04-10,0.060346552679375026,-0.04566909579820198,0.020915490177939408,0.4014827424711989
2002-04-11,0.06023618034574046,-0.045523169068810834,0.02043302832670544,0.4014827424711989
2002-04-12,0.06040615791116962,-0.045769691084126825,0.018110366010612944,0.4014827424711989
2002-04-15,0.06014337943448569,-0.045413821457214544,0.017401335125357728,0.4014827424711989
2002-04-16,0.060376519486754765,-0.045627178811126934,0.01868342765505614,0.4014827424711989
2002-04-17,0.06143365853752887,-0.04687972591840534,0.016977474661665517,0.4014827424711989
2002-04-18,0.06148477933322101,-0.047062500042569996,0.016519824335945302,0.4014827424711989
2002-04-19,0.06098769528925735,-0.046590296185558135,0.016827464943739247,0.4014827424711989
2002-04-22,0.06076202731725221,-0.04639075554344758,0.017185121924653483,0.4014827424711989
2002-04-23,0.06056895921443511,-0.0461325798841041,0.01764147290655472,0.4014827424711989
2002-04-24,0.06029539339919331,-0.045945203982592185,0.014996649882830214,0.4014827424711989
2002-04-25,0.060500514382449334,-0.04600682749738802,0.013534655314592237,0.4014827424711989
2002-04-26,0.06051929996521544,-0.045947371915099594,0.012239171913057676,0.4014827424711989
2002-04-29,0.06073843162530696,-0.04583441593619656,0.01311002532576707,0.4014827424711989
2002-04-30,0.060502642957804595,-0.04551583008888373,0.012527927859166944,0.4014827424711989
2002-05-01,0.06031612269628474,-0.04533673348353199,0.011626952952268049,0.4014827424711989
2002-05-02,0.06045809300099281,-0.04561326288898899,0.01339583957379062,0.4014827424711989
2002-05-03,0.060136867231737494,-0.045488067793238336,0.011792237359853021,0.4014827424711989
2002-05-06,0.06019723302297811,-0.04540039015643381,0.012172668546578709,0.4014827424711989
2002-05-07,0.06066685650259818,-0.045835723351172114,0.009121152394202392,0.4014827424711989
2002-05-08,0.06125643626279512,-0.04647777756939188,0.014289168715911033,0.4014827424711989
2002-05-09,0.06138903249467252,-0.04661998710105465,0.01216831462289863,0.4014827424711989
2002-05-10,0.0612363642099412,-0.04651656653314626,0.00978917973912773,0.4014827424711989
2002-05-13,0.06182397325386794,-0.04678277725684063,0.01146769266049006,0.4014827424711989
2002-05-14,0.062020198139359224,-0.046987724596888575,0.015072969664757723,0.4014827424711989
2002-05-15,0.061898041451838866,-0.04699002774185133,0.014067040600625502,0.4014827424711989
2002-05-16,0.0618536835095653,-0.04704269167626071,0.011233938863033602,0.4014827424711989
2002-05-17,0.061841377272075046,-0.04691263955490565,0.014966581526721558,0.4014827424711989
2002-05-20,0.06148849392352389,-0.04648596869316397,0.012813538883450631,0.4014827424711989
2002-05-21,0.06157051778231835,-0.046630988701735404,0.011115119015491304,0.4014827424711989
2002-05-22,0.06134869649228127,-0.046480941854021754,0.009540833338062923,0.4014827424711989
2002-05-23,0.06149305156229439,-0.046539854817262596,0.01050982707234502,0.4014827424711989
2002-05-24,0.061434510280224335,-0.04659300572079138,0.010985397225078847,0.4014827424711989
2002-05-27,0.061434510280224335,-0.04659300572079138,0.010985397225078847,0.4014827424711989
2002-05-28,0.06141159693119745,-0.04622743000980141,0.010659590943710455,0.4014827424711989
2002-05-29,0.061403913975371587,-0.046331174099886734,0.008651483539361817,0.4014827424711989
2002-05-30,0.061250704470247254,-0.046139656187771834,0.006525760450106026,0.4014827424711989
2002-05-31,0.0612600041512337,-0.04618646615331415,0.007773887223202063,0.4014827424711989
2002-06-03,0.06136201145690698,-0.04606628251574111,0.006593635794385513,0.4014827424711989
2002-06-04,0.06162418717414021,-0.04635925594514572,0.00420082804603741,0.4014827424711989
2002-06-05,0.06198030581797102,-0.046711979904576616,0.004884689787167088,0.4014827424711989
2002-06-06,0.06180331689748057,-0.04660625864498467,0.003736065641456506,0.4014827424711989
2002-06-07,0.06226517550690679,-0.04714520204387745,0.004792518589424217,0.4014827424711989
2002-06-10,0.061704353079833886,-0.04648301856159197,0.004954108868112579,0.4014827424711989
2002-06-11,0.06136991951269667,-0.046180501661615796,0.0034895195736101958,0.4014827424711989
2002-06-12,0.06116710054337866,-0.046044423841745605,0.002448693444813868,0.4014827424711989
2002-06-13,0.06097964963769122,-0.046122911417164125,0.0015994068525160068,0.4014827424711989
2002-06-14,0.060332626467452063,-0.04541197579626256,-0.0008883757335791647,0.4014827424711989
2002-06-17,0.06085288288164354,-0.04575459163543083,-0.00035069331806581415,0.4014827424711989
2002-06-18,0.06087954721694304,-0.04593237400204046,-0.001005849808352114,0.4014827424711989
2002-06-19,0.06066431372837239,-0.04581293295183289,-0.005083454234838953,0.4014827424711989
2002-06-20,0.06096870388862482,-0.04611446956097868,-0.0016942540271714362,0.4014827424711989
2002-06-21,0.06033992791894494,-0.04554581333003515,-0.002339335211321309,0.4014827424711989
2002-06-24,0.060820580167117645,-0.04600589888530544,-0.0006777169609338829,0.4014827424711989
2002-06-25,0.06120675216396466,-0.046107937513932724,-0.0020539587914653965,0.4014827424711989
2002-06-26,0.06112889667969627,-0.046219659703241156,-0.007163238661309106,0.4014827424711989
2002-06-27,0.06182126622813483,-0.04705618266538898,-0.004799040462653278,0.4014827424711989
2002-06-28,0.06192999681616234,-0.04729491159272368,-0.004049607370100152,0.4014827424711989
2002-07-01,0.06177337920265966,-0.04688544766048718,-0.004374983578248387,0.4014827424711989
2002-07-02,0.061637692498213936,-0.04663102945748218,-0.007909390230937906,0.4014827424711989
2002-07-03,0.06153099803039398,-0.04670991307582268,-0.00705813794712696,0.4014827424711989
2002-07-04,0.06153099803039398,-0.04670991307582268,-0.00705813794712696,0.4014827424711989
2002-07-05,0.06205400426219068,-0.047333689588433134,-0.0031898436287634002,0.4014827424711989
2002-07-08,0.06184551816355321,-0.04684102634698569,-0.005503592288525306,0.4014827424711989
2002-07-09,0.06162260571998045,-0.04673502951737463,-0.008124726089243698,0.4014827424711989
2002-07-10,0.06127011414164364,-0.04612686299631501,-0.01274640829743656,0.4014827424711989
2002-07-11,0.061481508149135805,-0.04639195590784712,-0.013071175249418702,0.4014827424711989
2002-07-12,0.06141730708177843,-0.04628298917726901,-0.014362122508353524,0.4014827424711989
2002-07-15,0.06176583057801369,-0.046688069794801015,-0.014221279483860701,0.4014827424711989
2002-07-16,0.06228762902635871,-0.0471804409796291,-0.011933869255656891,0.4014827424711989
2002-07-17,0.062115878644078804,-0.04696524701641042,-0.013154027915223084,0.4014827424711989
2002-07-18,0.06243485601217673,-0.047176300925973955,-0.01670927015166058,0.4014827424711989
2002-07-19,0.06196351488555507,-0.046743840122034114,-0.017787954262766397,0.4014827424711989
2002-07-22,0.06163224359595944,-0.046189056370994255,-0.021101822082109034,0.4014827424711989
2002-07-23,0.06186725013942188,-0.046308102130331,-0.023861034683863094,0.4014827424711989
2002-07-24,0.062374676878958,-0.04700840094168325,-0.023573859611627744,0.4014827424711989
2002-07-25,0.0625678175595143,-0.04698315661948924,-0.027713009683541533,0.4014827424711989
2002-07-26,0.06304296906616923,-0.04753210266490896,-0.030306898044048375,0.4014827424711989
2002-07-29,0.0634072040151974,-0.04782242020414384,-0.02338312259550071,0.4014827424711989
2002-07-30,0.06302641230917812,-0.047476711848137634,-0.021383270112169263,0.4014827424711989
2002-07-31,0.06282633877347443,-0.047338020845872304,-0.027855502438409258,0.4014827424711989
2002-08-01,0.06315769234893653,-0.047911131574672784,-0.03043278150639236,0.4014827424711989
2002-08-02,0.06275054096762452,-0.04778633467498273,-0.03534142793978242,0.4014827424711989
2002-08-05,0.06274201129771002,-0.04747443492263467,-0.03797606776599842,0.4014827424711989
2002-08-06,0.06274854740361324,-0.04767745855299173,-0.03192724741736127,0.4014827424711989
2002-08-07,0.06299745509828719,-0.048265268360036626,-0.035816568888050036,0.4014827424711989
2002-08-08,0.06256918600510449,-0.047766726430655895,-0.031532944524551014,0.4014827424711989
2002-08-09,0.06121208909110935,-0.046285762076619656,-0.0314135961990794,0.4014827424711989
2002-08-12,0.060488682233471855,-0.04497525959524072,-0.0317977659090205,0.4014827424711989
2002-08-13,0.06002485779816331,-0.044731514980203724,-0.03414436829152332,0.4014827424711989
2002-08-14,0.05801632451923579,-0.04268563710478661,-0.028241556195390143,0.4014827424711989
2002-08-15,0.05868141626937571,-0.04362855889680355,-0.0253015104522712,0.4014827424711989
2002-08-16,0.059532217106219344,-0.04466481083551257,-0.022453598439204768,0.4014827424711989
2002-08-19,0.0592804326765465,-0.0440305079657099,-0.02334479743119838,0.4014827424711989
2002-08-20,0.058965314745037536,-0.043748264739931673,-0.02780611639316198,0.4014827424711989
2002-08-21,0.059406384529115425,-0.044182875247829094,-0.02812199306299958,0.4014827424711989
2002-08-22,0.05992760558193241,-0.04468881748363658,-0.02540327804152338,0.4014827424711989
2002-08-23,0.05962874511754793,-0.04435819193445865,-0.02695753401127166,0.4014827424711989
2002-08-26,0.05930176973116684,-0.04377823340006497,-0.027378357493758103,0.4014827424711989
2002-08-27,0.059573919549085044,-0.04396362872014723,-0.02505932617224433,0.4014827424711989
2002-08-28,0.059140114132592035,-0.043470916078758394,-0.026402040477003015,0.4014827424711989
2002-08-29,0.05906565471114995,-0.043467219337983,-0.029079817854816906,0.4014827424711989
2002-08-30,0.0584919019721583,-0.04289545323223514,-0.028427636085245376,0.4014827424711989
2002-09-02,0.0584919019721583,-0.04289545323223514,-0.028427636085245376,0.4014827424711989
2002-09-03,0.057634519579622775,-0.04207252026004666,-0.03221231914855903,0.4014827424711989
2002-09-04,0.057308045975064136,-0.04181337853875625,-0.0321592342268259,0.4014827424711989
2002-09-05,0.057407203175906765,-0.042029505851647476,-0.03443162263506164,0.4014827424711989
2002-09-06,0.05815289364473242,-0.04246283806160245,-0.031230064530040038,0.4014827424711989
2002-09-09,0.05772224133445098,-0.04178506990770015,-0.030046077364587052,0.4014827424711989
2002-09-10,0.05752819814252072,-0.04149139092544773,-0.03084987913987089,0.4014827424711989
2002-09-11,0.057814189171650404,-0.04180004202816059,-0.028636840270950772,0.4014827424711989
2002-09-12,0.0573045314939631,-0.04124549602178281,-0.030714552381207356,0.4014827424711989
2002-09-13,0.056814803389991946,-0.04079734592021068,-0.03195391844454571,0.4014827424711989
2002-09-16,0.05652901412250156,-0.04030057659191575,-0.03190585235933388,0.4014827424711989
2002-09-17,0.056564357888655464,-0.04024515212666261,-0.03312343515160916,0.4014827424711989
2002-09-18,0.05666298013705171,-0.040466712406636476,-0.033408493058825636,0.4014827424711989
2002-09-19,0.05647643053807603,-0.04065058366939732,-0.03582047682837526,0.4014827424711989
2002-09-20,0.0569067003013462,-0.04102071382990189,-0.036724924930734516,0.4014827424711989
2002-09-23,0.05615324835970198,-0.04008161897380019,-0.03802920356393975,0.4014827424711989
2002-09-24,0.05586725870686174,-0.03972302410827829,-0.037843458750072646,0.4014827424711989
2002-09-25,0.05650746127949046,-0.040377551500172054,-0.03610485985464743,0.4014827424711989
2002-09-26,0.05684897112456417,-0.04097614516967844,-0.03625482241690948,0.4014827424711989
2002-09-27,0.05695007843059573,-0.041171659626322264,-0.04090167491866317,0.4014827424711989
2002-09-30,0.05706989934001854,-0.04171358322214225,-0.04384207974413981,0.4014827424711989
2002-10-01,0.0579484497837271,-0.042448199832896515,-0.04244706683048853,0.4014827424711989
2002-10-02,0.057751773173630595,-0.04247185839444093,-0.04260599193489868,0.4014827424711989
2002-10-03,0.05778012059199981,-0.0426653970510461,-0.04229000735158095,0.4014827424711989
2002-10-04,0.057683507856948445,-0.04208941551011231,-0.04282524786279672,0.4014827424711989
2002-10-07,0.05752948500169897,-0.04166016449061857,-0.04427021546664391,0.4014827424711989
2002-10-08,0.057425753570084614,-0.04162975503764603,-0.04303936620929488,0.4014827424711989
2002-10-09,0.05728772172753215,-0.041798506920337916,-0.04442838626514341,0.4014827424711989
2002-10-10,0.05772933899939322,-0.04217454267574631,-0.04368832937394171,0.4014827424711989
2002-10-11,0.058553869222780115,-0.04322218071797468,-0.04009829481439924,0.4014827424711989
2002-10-14,0.058553869222780115,-0.04322218071797468,-0.04009829481439924,0.4014827424711989
2002-10-15,0.05967099616735838,-0.04373629056782379,-0.033996498371348445,0.4014827424711989
2002-10-16,0.060019297110009806,-0.044246586395897194,-0.03546677504988111,0.4014827424711989
2002-10-17,0.060660499498087446,-0.04491363600955602,-0.03336447578493694,0.4014827424711989
2002-10-18,0.0607623314866376,-0.04495930968388231,-0.034587251274498014,0.4014827424711989
2002-10-21,0.060796468073813455,-0.04474185865593898,-0.030717253129889176,0.4014827424711989
2002-10-22,0.06108298559658782,-0.04510145953040516,-0.031012004535288268,0.4014827424711989
2002-10-23,0.061341748866327206,-0.04547821047373823,-0.0320653691689672,0.4014827424711989
2002-10-24,0.06114274235553911,-0.04560516065284966,-0.03470293592448123,0.4014827424711989
2002-10-25,0.06115894710446499,-0.045731423984437164,-0.03743418104776062,0.4014827424711989
2002-10-28,0.06183418354969713,-0.046893871393600496,-0.04053441536808189,0.4014827424711989
2002-10-29,0.061180565153371835,-0.04660235081723358,-0.04321201506860686,0.4014827424711989
2002-10-30,0.061674585290951794,-0.047224119705122775,-0.0445278799146512,0.4014827424711989
2002-10-31,0.06142997249060879,-0.04748773076153869,-0.04544952817190219,0.4014827424711989
2002-11-01,0.06131806581418629,-0.04785618023250506,-0.041082390143686656,0.4014827424711989
2002-11-04,0.06139916232106532,-0.048049255729484326,-0.0390097325040253,0.4014827424711989
2002-11-05,0.06157983344786428,-0.048347537862625675,-0.03843779013013111,0.4014827424711989
2002-11-06,0.060934660475317114,-0.04958910906673011,-0.03284932458765685,0.4014827424711989
2002-11-07,0.05863688823258724,-0.04718848675615454,-0.03251670577591223,0.4014827424711989
2002-11-08,0.05731232389161357,-0.04608994416053913,-0.02967001953418359,0.4014827424711989
2002-11-11,0.05731232389161357,-0.04608994416053913,-0.02967001953418359,0.4014827424711989
2002-11-12,0.057689419390409356,-0.04632094744570377,-0.03225138681796767,0.4014827424711989
2002-11-13,0.05754084737638322,-0.04618837751519701,-0.032677955197718295,0.4014827424711989
2002-11-14,0.058751924112833365,-0.047615701817483216,-0.02822323161698815,0.4014827424711989
2002-11-15,0.05842143460554538,-0.0473265453127532,-0.02649940341611695,0.4014827424711989
2002-11-18,0.058053616631151855,-0.04691356828100786,-0.0263324417872978,0.4014827424711989
2002-11-19,0.05749029850042789,-0.04641972842050017,-0.02559040413310381,0.4014827424711989
2002-11-20,0.05821597042540614,-0.04737911817388869,-0.02295893765698742,0.4014827424711989
2002-11-21,0.058651140363188664,-0.04788413869541095,-0.021146218769500097,0.4014827424711989
2002-11-22,0.058632281135556415,-0.047870118873901996,-0.019223373305842825,0.4014827424711989
2002-11-25,0.05882589933340978,-0.04792964384569736,-0.019804209881286207,0.4014827424711989
2002-11-26,0.058326223325924006,-0.04724285910328549,-0.023805855715928533,0.4014827424711989
2002-11-27,0.059512942854497576,-0.04862050846161487,-0.018661781124635776,0.4014827424711989
2002-11-28,0.059512942854497576,-0.04862050846161487,-0.018661781124635776,0.4014827424711989
2002-11-29,0.05914122662621538,-0.04832836386816435,-0.0197583653595503,0.4014827424711989
2002-12-02,0.059024854795101285,-0.04813622513195972,-0.019431686058705173,0.4014827424711989
2002-12-03,0.05902380025208504,-0.04833130530172942,-0.018278621980725367,0.4014827424711989
2002-12-04,0.058874723967326556,-0.04816245782777082,-0.02068066862283275,0.4014827424711989
2002-12-05,0.05866196888909627,-0.04789412031508169,-0.022488314857248573,0.4014827424711989
2002-12-06,0.05892751185721368,-0.048106833014396916,-0.02549858474243713,0.4014827424711989
2002-12-09,0.05869494886651496,-0.047619829586340374,-0.026720370273070802,0.4014827424711989
2002-12-10,0.05821413323462394,-0.04729734566015982,-0.025352261427535418,0.4014827424711989
2002-12-11,0.0578379651208717,-0.04687709269357315,-0.026688589993310564,0.4014827424711989
2002-12-12,0.05796525001498111,-0.04709473137850584,-0.026503702260189957,0.4014827424711989
2002-12-13,0.05878765458162444,-0.04793984488394341,-0.02658457668346145,0.4014827424711989
2002-12-16,0.05936050005981614,-0.04849643195785221,-0.025097996239917767,0.4014827424711989
2002-12-17,0.05983605307745849,-0.04888879651707398,-0.027674169750813885,0.4014827424711989
2002-12-18,0.059605008848656875,-0.04869657310021257,-0.030153835189311265,0.4014827424711989
2002-12-19,0.05918951827079801,-0.048216599620216634,-0.03309278188403211,0.4014827424711989
2002-12-20,0.05884935336251518,-0.04792476181092754,-0.031647486327157595,0.4014827424711989
2002-12-23,0.05875694217915123,-0.047951511526367285,-0.03040185643075315,0.4014827424711989
2002-12-24,0.05865845078296756,-0.047723526981460124,-0.03210503137754121,0.4014827424711989
2002-12-25,0.05865845078296756,-0.047723526981460124,-0.03210503137754121,0.4014827424711989
2002-12-26,0.058627313777639106,-0.047750047430583205,-0.032921065374504926,0.4014827424711989
2002-12-27,0.0581938945505555,-0.04760644678583792,-0.03533235854651946,0.4014827424711989
2002-12-30,0.05808888562914374,-0.04692108823381906,-0.036839844883458484,0.4014827424711989
2002-12-31,0.05821423436908115,-0.047005907603498244,-0.03670720700469511,0.4014827424711989
2003-01-01,0.05821423436908115,-0.047005907603498244,-0.03670720700469511,0.4014827424711989
2003-01-02,0.05943973895495225,-0.04866345567349447,-0.029436150600800105,0.4014827424711989
2003-01-03,0.05940071189202226,-0.04858557400097396,-0.03011861133227558,0.4014827424711989
2003-01-06,0.059324837906364204,-0.048616092971202014,-0.027758292837224405,0.4014827424711989
2003-01-07,0.059396484707660575,-0.04877212999750097,-0.02995805602185563,0.4014827424711989
2003-01-08,0.05913218756328728,-0.04854690544984214,-0.031038247274495966,0.4014827424711989
2003-01-09,0.060226142641598285,-0.04983150437235415,-0.025649504231268196,0.4014827424711989
2003-01-10,0.06020022326912217,-0.0498941936970414,-0.027303717136656316,0.4014827424711989
2003-01-13,0.060035301399085715,-0.04955819951597867,-0.02744164558226887,0.4014827424711989
2003-01-14,0.05979988384865375,-0.049283596229920165,-0.02918881624691337,0.4014827424711989
2003-01-15,0.059591412291385426,-0.049176691047018224,-0.028841727858790703,0.4014827424711989
2003-01-16,0.05943112564444048,-0.049136655473012915,-0.028231821823024944,0.4014827424711989
2003-01-17,0.05916167386895736,-0.04882635632500031,-0.029839847861130097,0.4014827424711989
2003-01-20,0.05916167386895736,-0.04882635632500031,-0.029839847861130097,0.4014827424711989
2003-01-21,0.05909419127616778,-0.04859198557540487,-0.031532308172748436,0.4014827424711989
2003-01-22,0.05864253498470575,-0.04820156626275168,-0.03209655365011258,0.4014827424711989
2003-01-23,0.058777965218200265,-0.04838126457851476,-0.031105098860670127,0.4014827424711989
2003-01-24,0.05836057693009429,-0.04806326607583309,-0.03152271398561289,0.4014827424711989
2003-01-27,0.05848437582839627,-0.04822779517531933,-0.030130092219980673,0.4014827424711989
2003-01-28,0.058532405171221824,-0.04805223264933398,-0.030243795531790033,0.4014827424711989
2003-01-29,0.058776333901552166,-0.048463160445858744,-0.027762199439618968,0.4014827424711989
2003-01-30,0.05844292154711181,-0.04820198290018042,-0.029203281457089798,0.4014827424711989
2003-01-31,0.057995876288427534,-0.04776670812272087,-0.02814384560897891,0.4014827424711989
2003-02-03,0.057764801629114584,-0.0475621916923753,-0.026896705841118064,0.4014827424711989
2003-02-04,0.05762305695801473,-0.04734945924593661,-0.02861647998568758,0.4014827424711989
2003-02-05,0.05802515750968862,-0.047799072064200906,-0.026955052770148282,0.4014827424711989
2003-02-06,0.05768464665644013,-0.04749057139533098,-0.028075591338379554,0.4014827424711989
2003-02-07,0.0577642277272659,-0.04756866759915651,-0.02987491597309365,0.4014827424711989
2003-02-10,0.05821114611980879,-0.04796086544416511,-0.028839377225680765,0.4014827424711989
2003-02-11,0.05851928626078907,-0.04815284832886363,-0.030700749739065065,0.4014827424711989
2003-02-12,0.05870191888006052,-0.04817282493372916,-0.033423521546764826,0.4014827424711989
2003-02-13,0.058490487096701904,-0.047922630438088955,-0.03517817526758834,0.4014827424711989
2003-02-14,0.059050924668286035,-0.04844161279302882,-0.034180234352248255,0.4014827424711989
2003-02-17,0.059050924668286035,-0.04844161279302882,-0.034180234352248255,0.4014827424711989
2003-02-18,0.05882626808744238,-0.04814896942170995,-0.03332226738208299,0.4014827424711989
2003-02-19,0.058275594522588785,-0.047590073567779945,-0.03429449617994952,0.4014827424711989
2003-02-20,0.05831051282405033,-0.047453962773550816,-0.03583515127322831,0.4014827424711989
2003-02-21,0.05865907530120153,-0.047807716911259526,-0.03499322580135317,0.4014827424711989
2003-02-24,0.05849191443686809,-0.0474690537224462,-0.036437248801628824,0.4014827424711989
2003-02-25,0.0581241068200017,-0.04694073653385252,-0.037367666885588596,0.4014827424711989
2003-02-26,0.05769462996685187,-0.04639815141704858,-0.03759332199182801,0.4014827424711989
2003-02-27,0.05756783837431075,-0.04632349887507914,-0.03735549846296727,0.4014827424711989
2003-02-28,0.05692946997036131,-0.045840210704677385,-0.037710820877776476,0.4014827424711989
2003-03-03,0.05704512393353845,-0.04579989170679041,-0.03897782201445922,0.4014827424711989
2003-03-04,0.057135593265725,-0.04576237485655287,-0.04079402820204146,0.4014827424711989
2003-03-05,0.0571450562393686,-0.045888953004332746,-0.04173628091523309,0.4014827424711989
2003-03-06,0.057408627889212305,-0.04628965512778353,-0.04077220991330451,0.4014827424711989
2003-03-07,0.05735711401865737,-0.046782592450269264,-0.042138082811239805,0.4014827424711989
2003-03-10,0.05733952503653548,-0.0471166693855491,-0.04331301228545784,0.4014827424711989
2003-03-11,0.0571998022907825,-0.04683179811478268,-0.04228383211758978,0.4014827424711989
2003-03-12,0.0563936528732551,-0.04608545211555563,-0.03918386545695583,0.4014827424711989
2003-03-13,0.057054108937423686,-0.046729017401889825,-0.03438190724914055,0.4014827424711989
2003-03-14,0.056961456219222585,-0.046604197397563524,-0.035391378435553844,0.4014827424711989
2003-03-17,0.057670187305094926,-0.047311399961838814,-0.03355984050011719,0.4014827424711989
2003-03-18,0.058083335602256286,-0.04755352950643886,-0.030968868086795845,0.4014827424711989
2003-03-19,0.05888962244509837,-0.04847251762910189,-0.031032430532870345,0.4014827424711989
2003-03-20,0.05920512694418635,-0.048754091499584144,-0.030398203295999765,0.4014827424711989
2003-03-21,0.05985424469086209,-0.04957166029285753,-0.028220117393692908,0.4014827424711989
2003-03-24,0.059139726953951345,-0.04870170617275876,-0.03143728785028749,0.4014827424711989
2003-03-25,0.05931421877584538,-0.04875915635232836,-0.032674709116443434,0.4014827424711989
2003-03-26,0.059449175008751146,-0.04894008604741108,-0.03347831674542116,0.4014827424711989
2003-03-27,0.059709294748989755,-0.04930204556836437,-0.03508097998528828,0.4014827424711989
2003-03-28,0.059738894703708176,-0.04948905375531823,-0.03681493019314168,0.4014827424711989
2003-03-31,0.058860910464582965,-0.04852384088666179,-0.038059576587492504,0.4014827424711989
2003-04-01,0.05892667190846337,-0.04876108793709744,-0.038094554658943666,0.4014827424711989
2003-04-02,0.059551766367903804,-0.04943514752046061,-0.03510744763783771,0.4014827424711989
2003-04-03,0.059902055061333434,-0.04989510307553219,-0.03681336178357186,0.4014827424711989
2003-04-04,0.06030473660658514,-0.0503216163700951,-0.03703506019055651,0.4014827424711989
2003-04-07,0.060355645709357336,-0.049994085505814016,-0.03434545991168879,0.4014827424711989
2003-04-08,0.059638499150883914,-0.04932553657749303,-0.035614360241951824,0.4014827424711989
2003-04-09,0.0596555387832779,-0.04943987778923049,-0.036643227709653954,0.4014827424711989
2003-04-10,0.059716607375909364,-0.049332791449749586,-0.03589535120885829,0.4014827424711989
2003-04-11,0.059710714936770416,-0.04918038810777731,-0.034187572162628396,0.4014827424711989
2003-04-14,0.05955689031692877,-0.04891656033223218,-0.03152859965087138,0.4014827424711989
2003-04-15,0.05932076601201512,-0.04872331137588845,-0.03299826065209814,0.4014827424711989
2003-04-16,0.05888319088723874,-0.04845887429979927,-0.03235020320416856,0.4014827424711989
2003-04-17,0.05850137196211502,-0.048139317726777583,-0.03014712323388497,0.4014827424711989
2003-04-18,0.05850137196211502,-0.048139317726777583,-0.03014712323388497,0.4014827424711989
2003-04-21,0.058569324704581927,-0.04822649462988517,-0.029388761917580934,0.4014827424711989
2003-04-22,0.058734614246130454,-0.04840180707825394,-0.030120407004762845,0.4014827424711989
2003-04-23,0.058486624795726035,-0.04825890792994878,-0.029274591210616187,0.4014827424711989
2003-04-24,0.05807135497225643,-0.04790490211079246,-0.031737138667061335,0.4014827424711989
2003-04-25,0.05819950905478822,-0.04803849206457069,-0.03342340263327769,0.4014827424711989
2003-04-28,0.05808285424225169,-0.04790509362785711,-0.032570073681257916,0.4014827424711989
2003-04-29,0.058335599636015215,-0.048172016175593725,-0.031717291651458764,0.4014827424711989
2003-04-30,0.05797423141448992,-0.04793296706319008,-0.03428130594633368,0.4014827424711989
2003-05-01,0.05811494449049885,-0.04832268714529233,-0.034745824184690494,0.4014827424711989
2003-05-02,0.05824957932814462,-0.04846407624199763,-0.03224004652696114,0.4014827424711989
2003-05-05,0.05799498348189475,-0.04804646294512348,-0.032932585040880036,0.4014827424711989
2003-05-06,0.0582456085967603,-0.04834807798675764,-0.037247459326333325,0.4014827424711989
2003-05-07,0.057377176927525794,-0.047127851958881736,-0.038914593165592135,0.4014827424711989
2003-05-08,0.05712845020859726,-0.04691139056022919,-0.03847526226607603,0.4014827424711989
2003-05-09,0.057156456702614176,-0.046866157608634315,-0.03923228657122802,0.4014827424711989
2003-05-12,0.056584039880391644,-0.04628742899797247,-0.03893916073685045,0.4014827424711989
2003-05-13,0.05638737868791468,-0.04632718693366101,-0.037951952659624644,0.4014827424711989
2003-05-14,0.05490693911787885,-0.04518426655755093,-0.037758283614749893,0.4014827424711989
2003-05-15,0.054187529060103906,-0.04448805554920769,-0.034683299495383,0.4014827424711989
2003-05-16,0.05425089028634834,-0.0446136137725099,-0.03780938836817809,0.4014827424711989
2003-05-19,0.05446798453566735,-0.044678580676028756,-0.039332073939521116,0.4014827424711989
2003-05-20,0.0536501097429783,-0.043848200471596446,-0.04015724739063648,0.4014827424711989
2003-05-21,0.053002839415047694,-0.04259505104510167,-0.0386764195299875,0.4014827424711989
2003-05-22,0.05259111818879773,-0.04208748231896006,-0.03932797110481954,0.4014827424711989
2003-05-23,0.05207629235104904,-0.04159607920160567,-0.038049921296923805,0.4014827424711989
2003-05-26,0.05207629235104904,-0.04159607920160567,-0.038049921296923805,0.4014827424711989
2003-05-27,0.05388139388620945,-0.04327752794692173,-0.04144290866862745,0.4014827424711989
2003-05-28,0.05458740233264246,-0.04352246116477761,-0.04333204927493508,0.4014827424711989
2003-05-29,0.05387119773775813,-0.042955992417858344,-0.04448215639175909,0.4014827424711989
2003-05-30,0.05399738345199037,-0.04312113336471315,-0.04359328367133164,0.4014827424711989
2003-06-02,0.05468951225710364,-0.043687015092061646,-0.043447285807668365,0.4014827424711989
2003-06-03,0.05443217388799938,-0.04370431690129889,-0.04675805530981232,0.4014827424711989
2003-06-04,0.054300688530992645,-0.04371978674659809,-0.04771833003302539,0.4014827424711989
2003-06-05,0.0545805168858088,-0.044199972763500746,-0.04587503166240195,0.4014827424711989
2003-06-06,0.05474424335364685,-0.044314293035676626,-0.04532775561643776,0.4014827424711989
2003-06-09,0.054354657390719784,-0.0439635831222104,-0.047551258495972894,0.4014827424711989
2003-06-10,0.05341388204699978,-0.043467186674276626,-0.04788154532907117,0.4014827424711989
2003-06-11,0.05304036770172031,-0.04338914773078054,-0.045353965812475,0.4014827424711989
2003-06-12,0.052763174279300745,-0.04349568491828949,-0.04573379070344765,0.4014827424711989
2003-06-13,0.05207305499305103,-0.04354091800976536,-0.044385235818650455,0.4014827424711989
2003-06-16,0.05227564411212102,-0.04368207945281843,-0.042069982131670174,0.4014827424711989
2003-06-17,0.05288325765129988,-0.04424246722205397,-0.03979654677557508,0.4014827424711989
2003-06-18,0.053859978329934395,-0.04565224412359798,-0.038580055006966554,0.4014827424711989
2003-06-19,0.05446537594350647,-0.046973696302224505,-0.04083590749327997,0.4014827424711989
2003-06-20,0.05473066417744253,-0.04712283813908648,-0.039853404457584736,0.4014827424711989
2003-06-23,0.05428826148810887,-0.04631232573450116,-0.042211946853127694,0.4014827424711989
2003-06-24,0.05390295928002598,-0.04611727381072576,-0.04235471962525944,0.4014827424711989
2003-06-25,0.054503385575308906,-0.04572377115101703,-0.040621015063261975,0.4014827424711989
2003-06-26,0.05529490481826245,-0.047006049073360485,-0.0354438662896438,0.4014827424711989
2003-06-27,0.05569546932969771,-0.047876131844315814,-0.035036643942133974,0.4014827424711989
2003-06-30,0.055614100800792085,-0.04743574417960687,-0.037556122205744294,0.4014827424711989
2003-07-01,0.05623919739465549,-0.04789203584918925,-0.03895919638990488,0.4014827424711989
2003-07-02,0.05602954625294858,-0.04787251028244339,-0.03842073445425186,0.4014827424711989
2003-07-03,0.05720657413362224,-0.04918362509532535,-0.03802895506648471,0.4014827424711989
2003-07-04,0.05720657413362224,-0.04918362509532535,-0.03802895506648471,0.4014827424711989
2003-07-07,0.05767096005415331,-0.04945795065299468,-0.036948192070732355,0.4014827424711989
2003-07-08,0.05744686641755299,-0.049232094719861695,-0.03576005670742935,0.4014827424711989
2003-07-09,0.05723075040034005,-0.04915420393306629,-0.035761058844490295,0.4014827424711989
2003-07-10,0.05744761110332023,-0.04935102977085487,-0.03771315445667216,0.4014827424711989
2003-07-11,0.05752700024017254,-0.04928711430567928,-0.03998833486240752,0.4014827424711989
2003-07-14,0.05803152326070819,-0.049891331545870624,-0.03809518923351447,0.4014827424711989
2003-07-15,0.05940523563687697,-0.05158549716263842,-0.03399412180845095,0.4014827424711989
2003-07-16,0.058956338548801314,-0.05141632070053172,-0.030882997657284944,0.4014827424711989
2003-07-17,0.05892225907229683,-0.05154087274022894,-0.030532962805304757,0.4014827424711989
2003-07-18,0.058805332501231,-0.051487430925373966,-0.028699535124998052,0.4014827424711989
2003-07-21,0.060378059719025164,-0.05308287192669715,-0.026180131400880116,0.4014827424711989
2003-07-22,0.060331008849552475,-0.053012425688396765,-0.027280886430571402,0.4014827424711989
2003-07-23,0.060138264731659716,-0.05270406413996985,-0.02863327640040189,0.4014827424711989
2003-07-24,0.06098476707618623,-0.0535359182398283,-0.028958046816970267,0.4014827424711989
2003-07-25,0.061604194443482585,-0.05412843350710501,-0.029814892634561618,0.4014827424711989
2003-07-28,0.06223074965507713,-0.05449032587962804,-0.027885111036945978,0.4014827424711989
2003-07-29,0.06299537235908993,-0.05535810043866406,-0.025740737349500754,0.4014827424711989
2003-07-30,0.06249847267863303,-0.05495219080859541,-0.026412889701224303,0.4014827424711989
2003-07-31,0.06361752530336078,-0.05623984178592545,-0.023185126990045705,0.4014827424711989
2003-08-01,0.062604741992281,-0.055212851848362596,-0.020441903416359094,0.4014827424711989
2003-08-04,0.0630159341853093,-0.05529978244735214,-0.026770031984611233,0.4014827424711989
2003-08-05,0.06310379573456361,-0.055535392296762694,-0.021100263720428464,0.4014827424711989
2003-08-06,0.06186177991598126,-0.054198010687948016,-0.023264983926495467,0.4014827424711989
2003-08-07,0.061784747542023954,-0.05408412296032952,-0.024877637315577864,0.4014827424711989
2003-08-08,0.0620266533212411,-0.054305400795487825,-0.026351966901189156,0.4014827424711989
2003-08-11,0.0625340214789376,-0.05475970532411909,-0.023887310349340565,0.4014827424711989
2003-08-12,0.06309310603411135,-0.05537935766307636,-0.02658404881813036,0.4014827424711989
2003-08-13,0.06423084181353897,-0.05673548229456751,-0.0214910752052802,0.4014827424711989
2003-08-14,0.0636670477796412,-0.05611593753236115,-0.0208407694286007,0.4014827424711989
2003-08-15,0.06362841558631667,-0.05630437741746888,-0.020467221578239207,0.4014827424711989
2003-08-18,0.06292957626801994,-0.05521860754154887,-0.020790175186189697,0.4014827424711989
2003-08-19,0.06194843329479196,-0.05420908676996421,-0.022328497569633246,0.4014827424711989
2003-08-20,0.06211087383070966,-0.05463055707150234,-0.019868079457758592,0.4014827424711989
2003-08-21,0.06167075060859094,-0.054269356132548435,-0.01412360271387888,0.4014827424711989
2003-08-22,0.06120942119469384,-0.05372155919777378,-0.01461229101220904,0.4014827424711989
2003-08-25,0.06138642607388496,-0.053824020519902725,-0.01331089031809523,0.4014827424711989
2003-08-26,0.061364606271667774,-0.05370542294342134,-0.014888763611628055,0.4014827424711989
2003-08-27,0.061244200927910004,-0.05368444248582502,-0.012106292099389028,0.4014827424711989
2003-08-28,0.06071633121169473,-0.052981979304594515,-0.016155068701056492,0.4014827424711989
2003-08-29,0.06039500175629963,-0.052860014496763336,-0.013924676388408767,0.4014827424711989
2003-09-01,0.06039500175629963,-0.052860014496763336,-0.013924676388408767,0.4014827424711989
2003-09-02,0.06132556815340894,-0.054068003522291755,-0.010105327932345521,0.4014827424711989
2003-09-03,0.06165754809687657,-0.05449366278154314,-0.01121578199983779,0.4014827424711989
2003-09-04,0.061769217980538645,-0.05441979924832247,-0.015574935213704925,0.4014827424711989
2003-09-05,0.061459689080206055,-0.05387000611646615,-0.023043593596492166,0.4014827424711989
2003-09-08,0.06181224098871964,-0.05418493869561737,-0.022082993966046932,0.4014827424711989
2003-09-09,0.061889886367916355,-0.054315648164301504,-0.023639359000061082,0.4014827424711989
2003-09-10,0.06136016839688121,-0.053662722358356875,-0.02636388398707091,0.4014827424711989
2003-09-11,0.06165426401156912,-0.054097403109857056,-0.024213061447026223,0.4014827424711989
2003-09-12,0.061512135620254704,-0.05385030255640321,-0.026810475336822563,0.4014827424711989
2003-09-15,0.061937463815784216,-0.05418106077672796,-0.028418170249714565,0.4014827424711989
2003-09-16,0.06197168747972742,-0.05432308026487519,-0.02814671066632088,0.4014827424711989
2003-09-17,0.060840019347730874,-0.05310516400886858,-0.028006442468986342,0.4014827424711989
2003-09-18,0.060350468138713295,-0.05263021431172622,-0.02595122756815889,0.4014827424711989
2003-09-19,0.05975050912345608,-0.052168885889934985,-0.024006171600697564,0.4014827424711989
2003-09-22,0.0608043014523959,-0.05323821673697006,-0.024505388093046088,0.4014827424711989
2003-09-23,0.06037539396419677,-0.052840314954926935,-0.024412302966758004,0.4014827424711989
2003-09-24,0.059644599615535226,-0.051969656574015866,-0.02534977040841185,0.4014827424711989
2003-09-25,0.0593567457264662,-0.05171131006821953,-0.02552599605704299,0.4014827424711989
2003-09-26,0.05889643793178678,-0.05106943493313309,-0.027865832616674677,0.4014827424711989
2003-09-29,0.0595386207340759,-0.05167118192160828,-0.02817306804587716,0.4014827424711989
2003-09-30,0.058765743062375385,-0.050817846240243617,-0.031420720165413085,0.4014827424711989
2003-10-01,0.058837172689472195,-0.05090016256234893,-0.03211936391466681,0.4014827424711989
2003-10-02,0.05935324306576504,-0.0516557270178359,-0.030879363900597465,0.4014827424711989
2003-10-03,0.06035448829676549,-0.05295016875774888,-0.02500988302154189,0.4014827424711989
2003-10-06,0.0602421860743923,-0.05289718274412217,-0.026861400974334544,0.4014827424711989
2003-10-07,0.06102115513028231,-0.05378786341187652,-0.02478087043176578,0.4014827424711989
2003-10-08,0.06149185838921138,-0.05413693318349928,-0.026435795403115143,0.4014827424711989
2003-10-09,0.06181717291339434,-0.0544523817815588,-0.025692104586707856,0.4014827424711989
2003-10-10,0.06163943326907852,-0.0542276833025236,-0.02658056724258915,0.4014827424711989
2003-10-13,0.06163943326907852,-0.0542276833025236,-0.02658056724258915,0.4014827424711989
2003-10-14,0.062235876924328005,-0.054900475486725046,-0.02462698099207739,0.4014827424711989
2003-10-15,0.062217365679564936,-0.054951342249866725,-0.02205141606630911,0.4014827424711989
2003-10-16,0.061482342271707305,-0.054303617295840545,-0.01620784101709154,0.4014827424711989
2003-10-17,0.061163081410826915,-0.05391631658778831,-0.01810296119325391,0.4014827424711989
2003-10-20,0.06094548811679681,-0.05358385381901082,-0.01796724755958553,0.4014827424711989
2003-10-21,0.06068765167666555,-0.053261528378210035,-0.01815643187093083,0.4014827424711989
2003-10-22,0.06040871113204066,-0.05275624662217872,-0.021399936992094182,0.4014827424711989
2003-10-23,0.06100778228546386,-0.05336247494018672,-0.02110551133253977,0.4014827424711989
2003-10-24,0.060207536241894156,-0.05241015611043402,-0.023702133330666793,0.4014827424711989
2003-10-27,0.0603607330681444,-0.05240507037929028,-0.021526817110748997,0.4014827424711989
2003-10-28,0.06050796746447403,-0.05243347930009259,-0.025810680330285433,0.4014827424711989
2003-10-29,0.06083675677426658,-0.05286770249857343,-0.02305068172018447,0.4014827424711989
2003-10-30,0.0607272371975303,-0.052946457747323275,-0.019834770439928033,0.4014827424711989
2003-10-31,0.06016523617198336,-0.05241850129803077,-0.019542884663146066,0.4014827424711989
2003-11-03,0.060305054376134114,-0.052656410709408075,-0.017071681287834296,0.4014827424711989
2003-11-04,0.05991416048828115,-0.05224444586060806,-0.018400930394984645,0.4014827424711989
2003-11-05,0.06017529924380657,-0.05251779311340267,-0.016375621717504556,0.4014827424711989
2003-11-06,0.060572345774607385,-0.05304663158427228,-0.013980862109883946,0.4014827424711989
2003-11-07,0.06049483549129716,-0.05300934282106558,-0.012384551262511369,0.4014827424711989
2003-11-10,0.06047037304441292,-0.05312230641889503,-0.01142131222720797,0.4014827424711989
2003-11-11,0.06047037304441292,-0.05312230641889503,-0.01142131222720797,0.4014827424711989
2003-11-12,0.059912792949086094,-0.052577470677065564,-0.01164953829506305,0.4014827424711989
2003-11-13,0.059118604179085835,-0.051677660944016705,-0.01568978632417931,0.4014827424711989
2003-11-14,0.05900720921279947,-0.051293058420647644,-0.01920670845868191,0.4014827424711989
2003-11-17,0.05880661344840265,-0.050981414211859755,-0.02052296126630537,0.4014827424711989
2003-11-18,0.058475999418927484,-0.050552240067363516,-0.019978592766048638,0.4014827424711989
2003-11-19,0.05892850605765695,-0.05124611588185214,-0.017417228907372503,0.4014827424711989
2003-11-20,0.05848554129280137,-0.0507989819232491,-0.019370940318231937,0.4014827424711989
2003-11-21,0.0581507857786617,-0.05048625793303226,-0.018519760476055785,0.4014827424711989
2003-11-24,0.058487413753663585,-0.050783625425905074,-0.015938892735057865,0.4014827424711989
2003-11-25,0.0583557386024005,-0.05052717610200388,-0.017483742900511495,0.4014827424711989
2003-11-26,0.05845339131198157,-0.05074596217998247,-0.014768885702128602,0.4014827424711989
2003-11-27,0.05845339131198157,-0.05074596217998247,-0.014768885702128602,0.4014827424711989
2003-11-28,0.05866215365929581,-0.05120525878979945,-0.011203686734117825,0.4014827424711989
2003-12-01,0.058849988554003384,-0.05142921305430177,-0.008794748203254956,0.4014827424711989
2003-12-02,0.05880769175446643,-0.05147114102375725,-0.009874246531900475,0.4014827424711989
2003-12-03,0.05906932172079983,-0.05177222362540522,-0.009287735638361147,0.4014827424711989
2003-12-04,0.05892379155337078,-0.051658070171051305,-0.010162183033312684,0.4014827424711989
2003-12-05,0.058601522214604095,-0.05120082092328814,-0.01636974337767512,0.4014827424711989
2003-12-08,0.05911862850725214,-0.05162440714229763,-0.015486556650994465,0.4014827424711989
2003-12-09,0.059097454319871394,-0.05169320770727744,-0.013872298856565822,0.4014827424711989
2003-12-10,0.05930122880487692,-0.05188019964109083,-0.015560389624367059,0.4014827424711989
2003-12-11,0.059606245933398444,-0.052520675589042956,-0.018463091505858422,0.4014827424711989
2003-12-12,0.0590941355758185,-0.05198106720787139,-0.017144841896280287,0.4014827424711989
2003-12-15,0.05906208475569227,-0.052003094196711376,-0.015895397013083255,0.4014827424711989
2003-12-16,0.05906984569503464,-0.05187812485359568,-0.017890788649437044,0.4014827424711989
2003-12-17,0.05822659185749986,-0.05122296993384627,-0.01671897223306515,0.4014827424711989
2003-12-18,0.057393449305425545,-0.050518799262843556,-0.015226458971603966,0.4014827424711989
2003-12-19,0.057587403025974856,-0.05065586889907435,-0.016258739915438053,0.4014827424711989
2003-12-22,0.057832170695818884,-0.050735605277058775,-0.016041391711674267,0.4014827424711989
2003-12-23,0.058213510841099145,-0.0512172255644154,-0.012673348220997978,0.4014827424711989
2003-12-24,0.05801278377961062,-0.05093490340004512,-0.0161292267286683,0.4014827424711989
2003-12-25,0.05801278377961062,-0.05093490340004512,-0.0161292267286683,0.4014827424711989
2003-12-26,0.05775185405026981,-0.051144406739926235,-0.015714813071062938,0.4014827424711989
2003-12-29,0.058298784714918186,-0.05144987661874913,-0.01497066207974127,0.4014827424711989
2003-12-30,0.05911286315609218,-0.05190815632505777,-0.01651930430766827,0.4014827424711989
2003-12-31,0.05912800943949341,-0.05179246145756329,-0.017599579347610382,0.4014827424711989
2004-01-01,0.05912800943949341,-0.05179246145756329,-0.017599579347610382,0.4014827424711989
2004-01-02,0.059714893384932625,-0.05269112962621889,-0.014065361483746727,0.4014827424711989
2004-01-05,0.05953227933971033,-0.05252742531737549,-0.012535370813190923,0.4014827424711989
2004-01-06,0.059398014234851006,-0.052203429883594867,-0.017185741673075502,0.4014827424711989
2004-01-07,0.059045466288237834,-0.05186215795012737,-0.01714268845448716,0.4014827424711989
2004-01-08,0.058889094403709805,-0.05188010287793071,-0.0164161521069585,0.4014827424711989
2004-01-09,0.05857910049044414,-0.05139454672476314,-0.022901744808333166,0.4014827424711989
2004-01-12,0.0585219904158362,-0.05120975920116792,-0.023015562782428542,0.4014827424711989
2004-01-13,0.05845735272815359,-0.05112909873769287,-0.02513713490331427,0.4014827424711989
2004-01-14,0.05769198889150013,-0.05044422977951473,-0.023768493047981995,0.4014827424711989
2004-01-15,0.057120509696805086,-0.050045070810396566,-0.022058723990701953,0.4014827424711989
2004-01-16,0.05717375778279283,-0.050212154156064115,-0.020179129237725732,0.4014827424711989
2004-01-19,0.05717375778279283,-0.050212154156064115,-0.020179129237725732,0.4014827424711989
2004-01-20,0.057702907390350285,-0.05076047690813069,-0.020423703085327115,0.4014827424711989
2004-01-21,0.05749896606797466,-0.050508965994170714,-0.02091719367009498,0.4014827424711989
2004-01-22,0.056950141608348,-0.05017353617744363,-0.02125913558089729,0.4014827424711989
2004-01-23,0.0576724124954315,-0.050818782325756845,-0.01977164411982041,0.4014827424711989
2004-01-26,0.058270605046959724,-0.05131809795155945,-0.018957335014208786,0.4014827424711989
2004-01-27,0.058021122925746765,-0.05070612885726765,-0.021316354287510643,0.4014827424711989
2004-01-28,0.05810340766607644,-0.05087766020953818,-0.015882930418855,0.4014827424711989
2004-01-29,0.0579026903947989,-0.050679772595605604,-0.01512352088564076,0.4014827424711989
2004-01-30,0.05759342557072388,-0.050431916741629626,-0.016173438958248455,0.4014827424711989
2004-02-02,0.057902526920457505,-0.0505490326872114,-0.016763050296047244,0.4014827424711989
2004-02-03,0.05789223161081717,-0.05022961736377799,-0.019412328596296175,0.4014827424711989
2004-02-04,0.057873350257009785,-0.050380949752836246,-0.0182445208126705,0.4014827424711989
2004-02-05,0.05778512211998438,-0.05046537099579123,-0.015574331211944542,0.4014827424711989
2004-02-06,0.057484510058365364,-0.05006548431919664,-0.018497466036755963,0.4014827424711989
2004-02-09,0.057353462049968336,-0.049806394211777995,-0.01950887908972486,0.4014827424711989
2004-02-10,0.05744216065539909,-0.04986068765738217,-0.017838831577923247,0.4014827424711989
2004-02-11,0.05733040416764844,-0.04978797237211301,-0.020906653508559768,0.4014827424711989
2004-02-12,0.05775497493331509,-0.05021339372548887,-0.02060821489586221,0.4014827424711989
2004-02-13,0.057787445906767855,-0.05024618592724845,-0.022713590700688513,0.4014827424711989
2004-02-16,0.057787445906767855,-0.05024618592724845,-0.022713590700688513,0.4014827424711989
2004-02-17,0.05765533067648043,-0.04998557234634086,-0.022522346545015552,0.4014827424711989
2004-02-18,0.05756811938583251,-0.04980905911431702,-0.02204530696895905,0.4014827424711989
2004-02-19,0.05746320364196861,-0.049702660937672796,-0.02226394918560108,0.4014827424711989
2004-02-20,0.057839685168198346,-0.05010135913867696,-0.02100190439749426,0.4014827424711989
2004-02-23,0.05805640426332704,-0.05004136664629868,-0.023815786773733492,0.4014827424711989
2004-02-24,0.05765528915093268,-0.04954209137518214,-0.023629470971627826,0.4014827424711989
2004-02-25,0.05744241510637092,-0.049357428011827235,-0.024063197185002605,0.4014827424711989
2004-02-26,0.05775085349076654,-0.04967781583472253,-0.023747618366498142,0.4014827424711989
2004-02-27,0.05714568065084889,-0.0491561881836675,-0.023830438624798736,0.4014827424711989
2004-03-01,0.057079827456701926,-0.048921321158072774,-0.023841522513288686,0.4014827424711989
2004-03-02,0.057489152735432085,-0.04931163010331666,-0.022477298530186793,0.4014827424711989
2004-03-03,0.057262734437234696,-0.0492451306317853,-0.02112218267832773,0.4014827424711989
2004-03-04,0.056964708633542416,-0.048923215248233586,-0.021614653867999156,0.4014827424711989
2004-03-05,0.056312092409504425,-0.04815268137704982,-0.027709296164240144,0.4014827424711989
2004-03-08,0.056092210587161295,-0.04766663025707067,-0.03004159794746039,0.4014827424711989
2004-03-09,0.05581407688090699,-0.04716249108212093,-0.03148406595592039,0.4014827424711989
2004-03-10,0.05556125044829696,-0.04698136731434319,-0.03002769266550934,0.4014827424711989
2004-03-11,0.0559078974216257,-0.047370542053789946,-0.030529686525975697,0.4014827424711989
2004-03-12,0.056140251312306544,-0.04757429925005613,-0.03042187442753108,0.4014827424711989
2004-03-15,0.055883948605103505,-0.04740877184638246,-0.02927448466764723,0.4014827424711989
2004-03-16,0.05547148605308152,-0.04673555763935182,-0.03173394777746111,0.4014827424711989
2004-03-17,0.05540768467514763,-0.046900850297801826,-0.03052245905877283,0.4014827424711989
2004-03-18,0.055759060126315624,-0.047473031338043065,-0.02912757008475312,0.4014827424711989
2004-03-19,0.05598316989077232,-0.04766843717923386,-0.028725251471128463,0.4014827424711989
2004-03-22,0.055564271836804326,-0.047067763411989615,-0.03013789442292219,0.4014827424711989
2004-03-23,0.05547252504175716,-0.04691635432684752,-0.03031379183885625,0.4014827424711989
2004-03-24,0.05552625268604667,-0.04711071196286698,-0.030475155471064157,0.4014827424711989
2004-03-25,0.05590106461202535,-0.04751058195294249,-0.030728154270406288,0.4014827424711989
2004-03-26,0.05639597741487809,-0.048148380485315535,-0.0278453725333272,0.4014827424711989
2004-03-29,0.05686012660707908,-0.04855903811895763,-0.026960545657961993,0.4014827424711989
2004-03-30,0.0568874679915935,-0.04853610028209112,-0.027147219784676963,0.4014827424711989
2004-03-31,0.05670441363822928,-0.04829528266201164,-0.028767797996189455,0.4014827424711989
2004-04-01,0.056918594603377864,-0.04865653212864691,-0.026765846018802643,0.4014827424711989
2004-04-02,0.05771623849785409,-0.04998022954132998,-0.01793687721549403,0.4014827424711989
2004-04-05,0.058235113303029905,-0.05055344928930038,-0.01585180674566149,0.4014827424711989
2004-04-06,0.058176763473957546,-0.050462272101544046,-0.017773436703394475,0.4014827424711989
2004-04-07,0.0582658029992859,-0.05051758823439766,-0.017794832778278622,0.4014827424711989
2004-04-08,0.05821036461101915,-0.05062274959831207,-0.01667173409714132,0.4014827424711989
2004-04-09,0.05821036461101915,-0.05062274959831207,-0.01667173409714132,0.4014827424711989
2004-04-12,0.058404080608598447,-0.050834046665732165,-0.015487393462447275,0.4014827424711989
2004-04-13,0.05880821956305132,-0.0513825076200408,-0.012031784504511592,0.4014827424711989
2004-04-14,0.05859805466591794,-0.050967603180458884,-0.008941161659741324,0.4014827424711989
2004-04-15,0.05926252691629866,-0.05166520997829044,-0.010316269725585935,0.4014827424711989
2004-04-16,0.05932425499554493,-0.051862467322911186,-0.012536426152924943,0.4014827424711989
2004-04-19,0.05937541169801569,-0.051740939130892595,-0.011613697692258678,0.4014827424711989
2004-04-20,0.05947449137359094,-0.05174692359209462,-0.010550526511524213,0.4014827424711989
2004-04-21,0.05906220938234753,-0.05119436857357375,-0.007363472228761627,0.4014827424711989
2004-04-22,0.0587161242352168,-0.051384262107853323,-0.007868599727163254,0.4014827424711989
2004-04-23,0.05880860012317016,-0.05115024770300612,-0.0040224184734316375,0.4014827424711989
2004-04-26,0.05859971147740847,-0.050913590529666375,-0.004163261316383147,0.4014827424711989
2004-04-27,0.05869306832739177,-0.05094832143137768,-0.006300210913296392,0.4014827424711989
2004-04-28,0.05885420410721735,-0.05147811119817054,-0.003085864640547841,0.4014827424711989
2004-04-29,0.059002851764000476,-0.05186110302605428,-0.0009448793228498779,0.4014827424711989
2004-04-30,0.05885689979956223,-0.051648471230566935,-0.0016561088723789016,0.4014827424711989
2004-05-03,0.05885980807675021,-0.05136614892674666,-0.0018027703436058421,0.4014827424711989
2004-05-04,0.059529219701044855,-0.051810705201380244,-0.0030745958111809153,0.4014827424711989
2004-05-05,0.059674997418379956,-0.05228476153190103,-0.0014842102479218668,0.4014827424711989
2004-05-06,0.05964510184830117,-0.052099405689862474,-0.0005620459243234361,0.4014827424711989
2004-05-07,0.059516026525394214,-0.051480123719023115,0.007634851144650599,0.4014827424711989
2004-05-10,0.05975659354394567,-0.05165444090891364,0.006884544427690266,0.4014827424711989
2004-05-11,0.0596071519221144,-0.05156508996150269,0.006936014286386238,0.4014827424711989
2004-05-12,0.060118332919276186,-0.05225325175559856,0.0067776185621721535,0.4014827424711989
2004-05-13,0.06026356039757673,-0.05261833866548204,0.008660576935655823,0.4014827424711989
2004-05-14,0.06012413836298729,-0.05241503269624645,0.005975580041409764,0.4014827424711989
2004-05-17,0.05972331318111428,-0.05144629567700709,0.002453569940246288,0.4014827424711989
2004-05-18,0.05976349377774184,-0.05147368738974422,0.00427008760654711,0.4014827424711989
2004-05-19,0.05995795011375396,-0.051777185057594,0.00592349979619145,0.4014827424711989
2004-05-20,0.059477155928989375,-0.051363405021969274,0.004582093942070573,0.4014827424711989
2004-05-21,0.05945761641537904,-0.05129244039777047,0.006372359029793849,0.4014827424711989
2004-05-24,0.05942539652250229,-0.05097245418677655,0.005600298497341585,0.4014827424711989
2004-05-25,0.05913674469808924,-0.05059193150658218,0.005400735591716716,0.4014827424711989
2004-05-26,0.058982232947068766,-0.0503712101378497,0.002966312405996468,0.4014827424711989
2004-05-27,0.05878678640601338,-0.050192758315776,0.0008651505317463903,0.4014827424711989
2004-05-28,0.058470199441303466,-0.04985752668006353,0.004207358300307667,0.4014827424711989
2004-05-31,0.058470199441303466,-0.04985752668006353,0.004207358300307667,0.4014827424711989
2004-06-01,0.059095908752659576,-0.04988636208122245,0.0038221388093219975,0.4014827424711989
2004-06-02,0.05907672511842013,-0.04989394328540167,0.00560105968336602,0.4014827424711989
2004-06-03,0.05900952453377998,-0.04983800231664648,0.00505231481805031,0.4014827424711989
2004-06-04,0.05929855949176194,-0.049890035115331265,0.006931178335322231,0.4014827424711989
2004-06-07,0.0592409907264784,-0.0496072636257499,0.005890311436953172,0.4014827424711989
2004-06-08,0.0592730072337052,-0.04914055218759949,0.005713954310633247,0.4014827424711989
2004-06-09,0.05910349798658468,-0.048757366051419525,0.008011616517124955,0.4014827424711989
2004-06-10,0.05880745074226597,-0.04828510640671025,0.008312841869292016,0.4014827424711989
2004-06-11,0.05880745074226597,-0.04828510640671025,0.008312841869292016,0.4014827424711989
2004-06-14,0.059135705825319865,-0.04770815480678427,0.010300731450287228,0.4014827424711989
2004-06-15,0.05807299839139811,-0.04678641090520232,0.005233200895531396,0.4014827424711989
2004-06-16,0.0579200848377519,-0.046901828585903915,0.008396059280270492,0.4014827424711989
2004-06-17,0.057504193791989275,-0.04676467474982352,0.008576896886080132,0.4014827424711989
2004-06-18,0.05791032875255069,-0.046971317457368565,0.007705137211099035,0.4014827424711989
2004-06-21,0.057979919924736834,-0.04687660686974443,0.006368306501820549,0.4014827424711989
2004-06-22,0.058160317007521375,-0.04691853939519479,0.006244654386419579,0.4014827424711989
2004-06-23,0.058060805466933534,-0.04699913831461375,0.00591176531020202,0.4014827424711989
2004-06-24,0.05794354555830456,-0.04676755054845965,0.004036189181677034,0.4014827424711989
2004-06-25,0.05780628017832253,-0.046499350718945405,0.004123672705512314,0.4014827424711989
2004-06-28,0.05829149894471505,-0.04640246208967948,0.0066719976539116495,0.4014827424711989
2004-06-29,0.05797930352275252,-0.04595756466028794,0.0050324397604237375,0.4014827424711989
2004-06-30,0.05791388611612806,-0.046282144680756074,0.0016555722615111592,0.4014827424711989
2004-07-01,0.05739128245840788,-0.046764243358235646,0.002427754844384627,0.4014827424711989
2004-07-02,0.05725642402279875,-0.04603553285485145,-0.0025409241325066827,0.4014827424711989
2004-07-05,0.05725642402279875,-0.04603553285485145,-0.0025409241325066827,0.4014827424711989
2004-07-06,0.05735745129469389,-0.045474542757290966,-0.002683988544346507,0.4014827424711989
2004-07-07,0.05751007265152795,-0.04596384707688927,-0.002776325293091235,0.4014827424711989
2004-07-08,0.057540515513736505,-0.04617211372444977,-0.0030241391513038517,0.4014827424711989
2004-07-09,0.0574552201118173,-0.04602140371275419,-0.0031818333260621567,0.4014827424711989
2004-07-12,0.057143730159186355,-0.04527219113621077,-0.0038819370567770174,0.4014827424711989
2004-07-13,0.05735223185780609,-0.04533943765555557,-0.0029972313725090405,0.4014827424711989
2004-07-14,0.05729043265427993,-0.045305902475830086,-0.002137975456018005,0.4014827424711989
2004-07-15,0.05686014519872522,-0.04494791495371796,-0.0006465602049122894,0.4014827424711989
2004-07-16,0.05636111178195345,-0.04427881817240934,-0.004155793580841945,0.4014827424711989
2004-07-19,0.056282069967736395,-0.044082816848270506,-0.0038478933545553675,0.4014827424711989
2004-07-20,0.05643517853558841,-0.044127764271682114,-0.0005210545515330362,0.4014827424711989
2004-07-21,0.056803060799987454,-0.044576549995532955,0.0003055960593565405,0.4014827424711989
2004-07-22,0.05670394843371284,-0.04441507537764671,-0.00024211935838822952,0.4014827424711989
2004-07-23,0.056424410278374026,-0.043979649500382044,-0.000626235527072222,0.4014827424711989
2004-07-26,0.056469199018036834,-0.04337644497297231,-2.720649885397386e-05,0.4014827424711989
2004-07-27,0.05793596120320921,-0.0447278872445936,0.0006163020311456824,0.4014827424711989
2004-07-28,0.05811267589172176,-0.045010819692847134,-0.0005869869922636682,0.4014827424711989
2004-07-29,0.05781524515352084,-0.04493657486622492,-0.00025112207793941826,0.4014827424711989
2004-07-30,0.057102614424415256,-0.04414154533833856,-0.0020812038275272258,0.4014827424711989
2004-08-02,0.05683777881687648,-0.04361891029411034,-0.0030103882520881847,0.4014827424711989
2004-08-03,0.05669360522104732,-0.043206120564917704,-0.0038585441620307866,0.4014827424711989
2004-08-04,0.05667202917038196,-0.043283945047172034,-0.0036859627459507553,0.4014827424711989
2004-08-05,0.056490499541760886,-0.043157498075944836,-0.004003208933750731,0.4014827424711989
2004-08-06,0.05633999024863801,-0.04304736970035522,-0.012424662892587354,0.4014827424711989
2004-08-09,0.05639792968540817,-0.042564202353292384,-0.011556037479752408,0.4014827424711989
2004-08-10,0.05620500896943958,-0.042362858953477425,-0.008561555407393893,0.4014827424711989
2004-08-11,0.05607196805090418,-0.04253977261483739,-0.00836952412486944,0.4014827424711989
2004-08-12,0.05599539028823695,-0.042764377238629796,-0.008574895523385636,0.4014827424711989
2004-08-13,0.05563513911330484,-0.04231896590304328,-0.009709087581632693,0.4014827424711989
2004-08-16,0.055968372369453165,-0.04218545321517174,-0.00992031527699683,0.4014827424711989
2004-08-17,0.05607929099598973,-0.04219949890298066,-0.012614487821383176,0.4014827424711989
2004-08-18,0.056033408025411305,-0.042273449912210236,-0.011817442861973447,0.4014827424711989
2004-08-19,0.0562355713549037,-0.04256320983028696,-0.01260458973086961,0.4014827424711989
2004-08-20,0.056071743796518234,-0.04241835663953753,-0.011233341211897575,0.4014827424711989
2004-08-23,0.05624901463796374,-0.042305762152606806,-0.01043746788478613,0.4014827424711989
2004-08-24,0.05633549475209669,-0.04216867460908454,-0.011035155007059188,0.4014827424711989
2004-08-25,0.05599070218429048,-0.041885855860561726,-0.010350879171077191,0.4014827424711989
2004-08-26,0.055785943807063205,-0.04150401150107943,-0.011604888774004812,0.4014827424711989
2004-08-27,0.05577858436645542,-0.04133288432972443,-0.011698628271252884,0.4014827424711989
2004-08-30,0.055541668449313894,-0.04067082861479383,-0.013045397114131907,0.4014827424711989
2004-08-31,0.05509903409024866,-0.04036815577228623,-0.01440664208720717,0.4014827424711989
2004-09-01,0.05509895228771798,-0.04046364178766849,-0.014358456152083351,0.4014827424711989
2004-09-02,0.0556436011606522,-0.04089354476931682,-0.013237242964668121,0.4014827424711989
2004-09-03,0.05594434046422978,-0.0407877804448097,-0.00988363339073323,0.4014827424711989
2004-09-06,0.05594434046422978,-0.0407877804448097,-0.00988363339073323,0.4014827424711989
2004-09-07,0.05563351027827615,-0.04008982233720748,-0.011234651251592419,0.4014827424711989
2004-09-08,0.05524237372179296,-0.039552252322670386,-0.013858062082639093,0.4014827424711989
2004-09-09,0.055615782918072905,-0.04001046480989743,-0.013688236195463489,0.4014827424711989
2004-09-10,0.05542421058364475,-0.039616047282951074,-0.01446300256246543,0.4014827424711989
2004-09-13,0.05501945356660237,-0.03914233469960054,-0.014168946961380956,0.4014827424711989
2004-09-14,0.05501889841180077,-0.03923042239365421,-0.01485266502643278,0.4014827424711989
2004-09-15,0.05521735129779161,-0.039489635438438725,-0.013808868368524374,0.4014827424711989
2004-09-16,0.054380343235709096,-0.03856939205857349,-0.015749283363687284,0.4014827424711989
2004-09-17,0.054618747421224495,-0.03851848325568013,-0.014130494407397094,0.4014827424711989
2004-09-20,0.05431342290298851,-0.03787529935960484,-0.01675039417370016,0.4014827424711989
2004-09-21,0.05396245549004842,-0.037412322270825596,-0.015978878848936295,0.4014827424711989
2004-09-22,0.052961576821733684,-0.03677471862984543,-0.013965107210867167,0.4014827424711989
2004-09-23,0.052676668550568524,-0.036445511472814114,-0.011721278382447877,0.4014827424711989
2004-09-24,0.05249601617585792,-0.03613529957013427,-0.010149106857996618,0.4014827424711989
2004-09-27,0.05238441410967477,-0.035646656078296195,-0.011993776781939598,0.4014827424711989
2004-09-28,0.05321746874610928,-0.03642178893198444,-0.014394160639771185,0.4014827424711989
2004-09-29,0.053596479157838696,-0.037345802157566464,-0.011000552594787083,0.4014827424711989
2004-09-30,0.053741241235648066,-0.03773131420831653,-0.009974518436616663,0.4014827424711989
2004-10-01,0.054734992835117055,-0.038616910481596003,-0.010675627089512372,0.4014827424711989
2004-10-04,0.054385729905416035,-0.03801377043970356,-0.01027593434941379,0.4014827424711989
2004-10-05,0.05442850532602019,-0.037984483890002925,-0.01074046523148196,0.4014827424711989
2004-10-06,0.05434855569502156,-0.038030117740028034,-0.008195680200226454,0.4014827424711989
2004-10-07,0.054714770071194595,-0.03849987883350388,-0.007834630356805362,0.4014827424711989
2004-10-08,0.05412168983877728,-0.0377432988555059,-0.01150965190508302,0.4014827424711989
2004-10-11,0.05412168983877728,-0.0377432988555059,-0.01150965190508302,0.4014827424711989
2004-10-12,0.05401507654124037,-0.037409259913492976,-0.013138018285090605,0.4014827424711989
2004-10-13,0.05428451379849495,-0.03766939853011793,-0.014974838136125431,0.4014827424711989
2004-10-14,0.05389146872665802,-0.0371183849845253,-0.016485184467578105,0.4014827424711989
2004-10-15,0.0537640860992639,-0.0370109775027155,-0.014497179347089006,0.4014827424711989
2004-10-18,0.05373396950103806,-0.03654798315482709,-0.014833903134232947,0.4014827424711989
2004-10-19,0.05353436402499701,-0.036259627403180165,-0.014166619213868114,0.4014827424711989
2004-10-20,0.0529958662196414,-0.03569849229483346,-0.015274114567969087,0.4014827424711989
2004-10-21,0.05265803395551808,-0.03515818018266832,-0.013858329352493277,0.4014827424711989
2004-10-22,0.05299140404542951,-0.03532532756854434,-0.015736244769420527,0.4014827424711989
2004-10-25,0.05307006862289648,-0.034781730901792776,-0.017597817705349572,0.4014827424711989
2004-10-26,0.05330891539136339,-0.0346781614321605,-0.018342869207393257,0.4014827424711989
2004-10-27,0.05400232239782348,-0.03551513592521813,-0.015601134030402506,0.4014827424711989
2004-10-28,0.0536056292646009,-0.03539354831463886,-0.015210291557419778,0.4014827424711989
2004-10-29,0.05328798876389162,-0.03496820199798197,-0.016205396351289925,0.4014827424711989
2004-11-01,0.05378057439681653,-0.03478564535351901,-0.01611876703828591,0.4014827424711989
2004-11-02,0.053905357745337786,-0.034706149962314574,-0.017462983003722277,0.4014827424711989
2004-11-03,0.05372521313103037,-0.03472375170500207,-0.01686783814282207,0.4014827424711989
2004-11-04,0.05346281958247013,-0.034330080999329896,-0.01568567720386234,0.4014827424711989
2004-11-05,0.05397713764206512,-0.034503575065788515,-0.012021695047286953,0.4014827424711989
2004-11-08,0.05404400520898606,-0.03424562683605594,-0.012252247567351635,0.4014827424711989
2004-11-09,0.05439252478280967,-0.03453666377931172,-0.013204343671379966,0.4014827424711989
2004-11-10,0.05460994309585314,-0.03481034022708692,-0.012717354234535697,0.4014827424711989
2004-11-11,0.05460994309585314,-0.03481034022708692,-0.012717354234535697,0.4014827424711989
2004-11-12,0.053481539683032576,-0.03352037504512562,-0.010763621615252884,0.4014827424711989
2004-11-15,0.053533463119131354,-0.03323116190629534,-0.011009424397769722,0.4014827424711989
2004-11-16,0.05336026919998006,-0.03295780746105944,-0.010068149301566038,0.4014827424711989
2004-11-17,0.0527651102338892,-0.03250403990059836,-0.011402976761287023,0.4014827424711989
2004-11-18,0.052304273970122044,-0.031978766358776375,-0.01061760874074838,0.4014827424711989
2004-11-19,0.05286395685870222,-0.03224820211605444,-0.008978945548530499,0.4014827424711989
2004-11-22,0.052343082197559315,-0.03131705755615397,-0.008704767114286376,0.4014827424711989
2004-11-23,0.05222229902559967,-0.031299902444324054,-0.007600007836831255,0.4014827424711989
2004-11-24,0.05203720108940945,-0.03127489687726555,-0.006135290602229846,0.4014827424711989
2004-11-25,0.05203720108940945,-0.03127489687726555,-0.006135290602229846,0.4014827424711989
2004-11-26,0.05265913544187071,-0.03171249928440064,-0.006599211822269206,0.4014827424711989
2004-11-29,0.053616068947799383,-0.032453192015163536,-0.0061460895068888525,0.4014827424711989
2004-11-30,0.05439753846017866,-0.033119238604019254,-0.00838459527982138,0.4014827424711989
2004-12-01,0.054597708794739054,-0.033561870413598135,-0.008427853276272837,0.4014827424711989
2004-12-02,0.05483756094441824,-0.03377153685366106,-0.008017588380904276,0.4014827424711989
2004-12-03,0.05381047863195769,-0.032637370602683825,-0.010736179661355878,0.4014827424711989
2004-12-06,0.05355154243569344,-0.031919959221896145,-0.011699753446655378,0.4014827424711989
2004-12-07,0.05328878018705099,-0.031747618031406466,-0.010700271834169781,0.4014827424711989
2004-12-08,0.05210703159151229,-0.030529532520795113,-0.011024252130852516,0.4014827424711989
2004-12-09,0.05255677940160043,-0.031041739274855006,-0.010913185203089539,0.4014827424711989
2004-12-10,0.05236274417311057,-0.030669571026231635,-0.011106956386443413,0.4014827424711989
2004-12-13,0.05186465377898787,-0.0301282862195493,-0.009332478696565305,0.4014827424711989
2004-12-14,0.05153180926625744,-0.030060646473243306,-0.008543273777850443,0.4014827424711989
2004-12-15,0.050720149554713004,-0.029350171831800855,-0.008183912779672228,0.4014827424711989
2004-12-16,0.051895061275109726,-0.030883359176115392,-0.006705848990012579,0.4014827424711989
2004-12-17,0.051997231658616305,-0.03089500061722683,-0.0065159608446545055,0.4014827424711989
2004-12-20,0.05180122854010546,-0.030311864870028262,-0.006368996938415035,0.4014827424711989
2004-12-21,0.05127194898061855,-0.030032783110254778,-0.005383100482750964,0.4014827424711989
2004-12-22,0.051615552761091366,-0.03079978182005435,-0.005034585948712813,0.4014827424711989
2004-12-23,0.05201670622254953,-0.031195404607762073,-0.005733116929314108,0.4014827424711989
2004-12-24,0.05201670622254953,-0.031195404607762073,-0.005733116929314108,0.4014827424711989
2004-12-27,0.052909785206649955,-0.0313015397731265,-0.00648179838683069,0.4014827424711989
2004-12-28,0.05264222875363175,-0.031243525526407454,-0.005233323847898524,0.4014827424711989
2004-12-29,0.052475034228089634,-0.03177153014046062,-0.0022370509076609854,0.4014827424711989
2004-12-30,0.05206389995724833,-0.031581228475793595,-0.0026455588955085303,0.4014827424711989
2004-12-31,0.051486512042909674,-0.030233531796692678,-0.0040317710897704966,0.4014827424711989
2005-01-03,0.05142620670534237,-0.029291210805917987,-0.0051418966612406195,0.4014827424711989
2005-01-04,0.05184362030230112,-0.029547985047746837,-0.003237251296662134,0.4014827424711989
2005-01-05,0.051365478709230764,-0.029142235859096536,-0.0018372432566868798,0.4014827424711989
2005-01-06,0.05160935205109794,-0.02942376364560198,-0.00301180076450622,0.4014827424711989
2005-01-07,0.05136747130805018,-0.029255559679270276,-0.0016323868625466283,0.4014827424711989
2005-01-10,0.0510688409228326,-0.028531080352650527,-0.0012891166750024592,0.4014827424711989
2005-01-11,0.05064467380755578,-0.0282862435028278,-0.000546547835894781,0.4014827424711989
2005-01-12,0.050345648659533164,-0.02819681845895063,-0.0001428801337656528,0.4014827424711989
2005-01-13,0.049929985157494715,-0.027438677670943296,-0.001230155570490333,0.4014827424711989
2005-01-14,0.04988198744918607,-0.027268372282277825,-9.409395527222066e-05,0.4014827424711989
2005-01-17,0.04988198744918607,-0.027268372282277825,-9.409395527222066e-05,0.4014827424711989
2005-01-18,0.04916379805052078,-0.02645028450793393,0.0014720321741925023,0.4014827424711989
2005-01-19,0.048729727587974996,-0.02659491487414007,0.0034730707678251507,0.4014827424711989
2005-01-20,0.048880740677685344,-0.02703502770942078,0.0022422292780652324,0.4014827424711989
2005-01-21,0.04921945123280882,-0.026831618451529576,-0.0008578354547795928,0.4014827424711989
2005-01-24,0.048355972473886635,-0.02573321916670563,0.000748682939573129,0.4014827424711989
2005-01-25,0.04929980751842585,-0.026322582250000844,-4.693358932156451e-05,0.4014827424711989
2005-01-26,0.04908814914110666,-0.02592335390060044,0.0009210174487477392,0.4014827424711989
2005-01-27,0.04915211803100121,-0.025885036181441744,0.0012271726857028759,0.4014827424711989
2005-01-28,0.04839603499446555,-0.025176343143756608,0.0009310342532881637,0.4014827424711989
2005-01-31,0.04786126505572796,-0.02438938809118853,0.0023190775008797944,0.4014827424711989
2005-02-01,0.04825744785009968,-0.024198810440152534,0.00028207421131230294,0.4014827424711989
2005-02-02,0.04780620407674861,-0.023876904449280315,0.0020751734247929842,0.4014827424711989
2005-02-03,0.04742899232303678,-0.0238744514319442,0.004769636304865931,0.4014827424711989
2005-02-04,0.04645528968655707,-0.022798897940226055,0.003674718038256291,0.4014827424711989
2005-02-07,0.04583971359228161,-0.021675539031837648,0.003981329287879714,0.4014827424711989
2005-02-08,0.0453549918639233,-0.021005108907536377,0.004641030509985395,0.4014827424711989
2005-02-09,0.04577245720682913,-0.02121092499673148,0.000367380387120011,0.4014827424711989
2005-02-10,0.04675254199481753,-0.02215850703674847,0.0006664690996756924,0.4014827424711989
2005-02-11,0.04683848773159093,-0.021963140979065144,0.0017328910814974835,0.4014827424711989
2005-02-14,0.04596921865989874,-0.020889796257800283,0.0034037401674132956,0.4014827424711989
2005-02-15,0.046485963427236696,-0.021248739251188288,0.002433742351624059,0.4014827424711989
2005-02-16,0.0468593828111805,-0.021827070830663996,0.004153736281787459,0.4014827424711989
2005-02-17,0.04766223019937146,-0.022595836658864613,0.0024594899279861094,0.4014827424711989
2005-02-18,0.04821599263778185,-0.02299895095118675,0.004036659900794404,0.4014827424711989
2005-02-21,0.04821599263778185,-0.02299895095118675,0.004036659900794404,0.4014827424711989
2005-02-22,0.048877308762427955,-0.023125418438858812,0.0022910959479331625,0.4014827424711989
2005-02-23,0.048642024803888156,-0.022731222149911263,0.002216500116433504,0.4014827424711989
2005-02-24,0.048339712807968574,-0.02240253266142658,0.004075141759951501,0.4014827424711989
2005-02-25,0.0477697599396778,-0.021559635469366883,0.0047767193899460585,0.4014827424711989
2005-02-28,0.04860679396538777,-0.022198502042831973,0.0057172431518890746,0.4014827424711989
2005-03-01,0.0485527855685263,-0.022114486920264298,0.006141712206617212,0.4014827424711989
2005-03-02,0.04888136930579681,-0.02249518564626016,0.005282890935721648,0.4014827424711989
2005-03-03,0.04883815868097657,-0.02237358443902248,0.005625465215740085,0.4014827424711989
2005-03-04,0.04806221796449464,-0.021431753954997197,0.005320802946383471,0.4014827424711989
2005-03-07,0.04751431357899922,-0.020766190147248665,0.006813236220972988,0.4014827424711989
2005-03-08,0.04818866568468594,-0.02148170395644849,0.007295583459216103,0.4014827424711989
2005-03-09,0.04994154359485523,-0.023396438787399478,0.007675652894363752,0.4014827424711989
2005-03-10,0.048779368806069465,-0.022213695118193783,0.009209460636347573,0.4014827424711989
2005-03-11,0.04935998660118771,-0.022848963238779454,0.011077461440191283,0.4014827424711989
2005-03-14,0.048917960582073455,-0.02197324351507394,0.010900356689934897,0.4014827424711989
2005-03-15,0.0494001876592063,-0.02213178695299437,0.00973760754660077,0.4014827424711989
2005-03-16,0.04930972976026563,-0.022138143006350412,0.008882527752400091,0.4014827424711989
2005-03-17,0.04896234750755284,-0.02177274250120423,0.008158215779464361,0.4014827424711989
2005-03-18,0.04953445487072543,-0.022117162204069656,0.007844423505164923,0.4014827424711989
2005-03-21,0.050043365491930544,-0.0223209489581045,0.006618753273738342,0.4014827424711989
2005-03-22,0.050080278561615066,-0.022089010937968768,0.010532627547268584,0.4014827424711989
2005-03-23,0.049757075496269884,-0.022285017849684736,0.011712631770839133,0.4014827424711989
2005-03-24,0.049340929626419464,-0.021810539772431435,0.012782423728248993,0.4014827424711989
2005-03-25,0.049340929626419464,-0.021810539772431435,0.012782423728248993,0.4014827424711989
2005-03-28,0.049726924642088034,-0.022178637322735582,0.013229247577287927,0.4014827424711989
2005-03-29,0.04951160507838915,-0.021937565434570584,0.012238486165895275,0.4014827424711989
2005-03-30,0.04875594141252137,-0.02123711479413122,0.012677411191800245,0.4014827424711989
2005-03-31,0.04859281505937324,-0.021452623881553577,0.011213931838039141,0.4014827424711989
2005-04-01,0.048458857805804945,-0.02108867218962138,0.009267088390409213,0.4014827424711989
2005-04-04,0.04848360341454772,-0.02117863803670535,0.009420635878372788,0.4014827424711989
2005-04-05,0.04870652088862863,-0.02151441354599867,0.009646320290071331,0.4014827424711989
2005-04-06,0.04865044884258333,-0.021651011080778746,0.008257659949115589,0.4014827424711989
2005-04-07,0.049208412396038646,-0.022155875068331315,0.008349319926661923,0.4014827424711989
2005-04-08,0.04875965504500946,-0.02163605971889557,0.010445652042061195,0.4014827424711989
2005-04-11,0.048289113601073984,-0.02111209495525929,0.01014695702565646,0.4014827424711989
2005-04-12,0.047746952873544767,-0.02041688468282008,0.008447291399663936,0.4014827424711989
2005-04-13,0.048201745298170805,-0.02085277775581179,0.006797322063564966,0.4014827424711989
2005-04-14,0.048906712445581695,-0.021436226941502046,0.0035395485894668165,0.4014827424711989
2005-04-15,0.04835769760084086,-0.020751871186271455,0.0013168321516694352,0.4014827424711989
2005-04-18,0.04800809714468163,-0.019775671265079314,0.0009569336114823215,0.4014827424711989
2005-04-19,0.047360341387118844,-0.018898518979268787,-0.00028271448540799927,0.4014827424711989
2005-04-20,0.047678262820384676,-0.019705555587454807,0.00046376906366178607,0.4014827424711989
2005-04-21,0.04760607791782849,-0.019943472028505698,0.005464431703477179,0.4014827424711989
2005-04-22,0.047444950196893675,-0.019283671242464696,0.003123916553614681,0.4014827424711989
2005-04-25,0.04676073808473345,-0.018368813871048273,0.004652371019353093,0.4014827424711989
2005-04-26,0.047130458234420115,-0.018707985970710987,0.004608329160379309,0.4014827424711989
2005-04-27,0.04692344075347136,-0.0187432322719162,0.004332012529338077,0.4014827424711989
2005-04-28,0.04653143858804997,-0.0185310134986997,0.003025066364099215,0.4014827424711989
2005-04-29,0.04647082828827117,-0.018017961749046855,0.00401395167105921,0.4014827424711989
2005-05-02,0.04658282230251898,-0.0179941546157429,0.0030974347894869416,0.4014827424711989
2005-05-03,0.046017512217105025,-0.017669869847967302,0.005403897212325221,0.4014827424711989
2005-05-04,0.04710580504064987,-0.019058458367492086,0.002766400229447949,0.4014827424711989
2005-05-05,0.04736691900923644,-0.01951180452462998,0.0010824749367016415,0.4014827424711989
2005-05-06,0.04713315925328904,-0.018964844808262563,0.005727915306814465,0.4014827424711989
2005-05-09,0.04714093877101069,-0.018686874480983957,0.0062219005782368775,0.4014827424711989
2005-05-10,0.046792737295650234,-0.01858282333880911,0.005233609964358734,0.4014827424711989
2005-05-11,0.04618121541648282,-0.018163268121718847,0.006077856904572517,0.4014827424711989
2005-05-12,0.04617557299303003,-0.01815871437000559,0.005058912631723311,0.4014827424711989
2005-05-13,0.045572642202970866,-0.01828304315020415,0.0059855973100215905,0.4014827424711989
2005-05-16,0.045710275156113506,-0.017914929858593664,0.004632287376467792,0.4014827424711989
2005-05-17,0.04563308420400473,-0.01743609229489786,0.0035421802497466607,0.4014827424711989
2005-05-18,0.04519816275685307,-0.017091772043374406,0.0027592183300759318,0.4014827424711989
2005-05-19,0.045197196972439166,-0.01705058243786363,0.00470174923014878,0.4014827424711989
2005-05-20,0.045015125945080295,-0.016595554000412342,0.0059598346289362935,0.4014827424711989
2005-05-23,0.04452389467050803,-0.01560157493063624,0.004206669805341228,0.4014827424711989
2005-05-24,0.044557143531445964,-0.015252214396822044,0.0016867124069886883,0.4014827424711989
2005-05-25,0.04516957603482938,-0.01599386991078661,0.0015912664136173375,0.4014827424711989
2005-05-26,0.04536107783634043,-0.016421253476365985,0.00269561719877781,0.4014827424711989
2005-05-27,0.04538648061496233,-0.016371753061182936,0.002485973266948701,0.4014827424711989
2005-05-30,0.04538648061496233,-0.016371753061182936,0.002485973266948701,0.4014827424711989
2005-05-31,0.04451700722292422,-0.01509657735319836,0.001295813562478659,0.4014827424711989
2005-06-01,0.04389385694320251,-0.014625688358327232,-0.0013481786544772955,0.4014827424711989
2005-06-02,0.0431161392502847,-0.01384782270418331,0.0004921970793376066,0.4014827424711989
2005-06-03,0.043682797717487176,-0.014354220710211585,0.001956574605167562,0.4014827424711989
2005-06-06,0.04321720028682115,-0.013741999393874157,0.002696919524002142,0.4014827424711989
2005-06-07,0.042657635286534275,-0.01324134295157122,0.0027928343844076864,0.4014827424711989
2005-06-08,0.0431150851217385,-0.013625869171778512,0.0028656249633394583,0.4014827424711989
2005-06-09,0.04294312600809011,-0.013735660170806036,0.00492262304285954,0.4014827424711989
2005-06-10,0.04358031265880432,-0.014374545607417147,0.006353760406057415,0.4014827424711989
2005-06-13,0.04444957355525166,-0.01488062819479314,0.005125681185948444,0.4014827424711989
2005-06-14,0.04479677684687858,-0.01548117083235582,0.005712569857882415,0.4014827424711989
2005-06-15,0.04491909060193188,-0.015619397671954392,0.00566057869654879,0.4014827424711989
2005-06-16,0.044204545897357034,-0.015087275097118874,0.0064179134354829465,0.4014827424711989
2005-06-17,0.044069733474689614,-0.014758203634135526,0.006613843007905273,0.4014827424711989
2005-06-20,0.044135665581122176,-0.01454357744379333,0.006425210867462925,0.4014827424711989
2005-06-21,0.04379096412554202,-0.013887679126837159,0.005200498125670383,0.4014827424711989
2005-06-22,0.043110015800343994,-0.013135015757243271,0.002394084671883499,0.4014827424711989
2005-06-23,0.04333618299774476,-0.01333290959716274,0.002464757008298639,0.4014827424711989
2005-06-24,0.04300736897849643,-0.012914176383439788,0.0015043750893642565,0.4014827424711989
2005-06-27,0.04307981285868499,-0.012237992704266036,-0.00016450114155037217,0.4014827424711989
2005-06-28,0.04308414441426151,-0.01182769800058135,0.001325519414494926,0.4014827424711989
2005-06-29,0.04333357636256202,-0.012366535323408577,0.0016917564950989549,0.4014827424711989
2005-06-30,0.0427752237009203,-0.011518775035661887,0.0011059550775024281,0.4014827424711989
2005-07-01,0.04352185981056219,-0.012047087311465974,0.0033648939331976835,0.4014827424711989
2005-07-04,0.04352185981056219,-0.012047087311465974,0.0033648939331976835,0.4014827424711989
2005-07-05,0.04412207443433174,-0.012334116610916357,0.0035632146669108133,0.4014827424711989
2005-07-06,0.0438449059352858,-0.012147990019054491,0.003183134037470212,0.4014827424711989
2005-07-07,0.04364537195198657,-0.012380069865015731,0.002813120642867774,0.4014827424711989
2005-07-08,0.043948087301435346,-0.012653576540357259,0.00458922172520429,0.4014827424711989
2005-07-11,0.04353930079850877,-0.011986827445709712,0.0058973070889793,0.4014827424711989
2005-07-12,0.04418362420848933,-0.012379723790757087,0.0052033413118065044,0.4014827424711989
2005-07-13,0.044339319868349304,-0.012541888811757539,0.005413490133465278,0.4014827424711989
2005-07-14,0.044522671787239614,-0.012643214689899943,0.0056354099070810805,0.4014827424711989
2005-07-15,0.04432081273307916,-0.012310348506871991,0.005839078105043652,0.4014827424711989
2005-07-18,0.04494879594217757,-0.012507020825367397,0.005130234698301862,0.4014827424711989
2005-07-19,0.044735229917774746,-0.011972708841354885,0.004181505700481825,0.4014827424711989
2005-07-20,0.044147647088825,-0.01149326512410496,0.0054999049299595225,0.4014827424711989
2005-07-21,0.04528566269498055,-0.012285980268302037,0.006022974026854938,0.4014827424711989
2005-07-22,0.044564432367657544,-0.011269466899270173,0.005248035899032114,0.4014827424711989
2005-07-25,0.04494428887743629,-0.011030847197500453,0.004349095137574579,0.4014827424711989
2005-07-26,0.0449737255931612,-0.010943390490110387,0.003987727164237896,0.4014827424711989
2005-07-27,0.04471223457666178,-0.010939646395596098,0.0062011696301768286,0.4014827424711989
2005-07-28,0.04420869441806051,-0.010272876046357512,0.005020334599339161,0.4014827424711989
2005-07-29,0.044652966645633584,-0.010697717186326717,0.006945919524414139,0.4014827424711989
2005-08-01,0.04510513094391323,-0.010652843572020995,0.006318027887241931,0.4014827424711989
2005-08-02,0.04571726353126638,-0.010998985234881279,0.005114305909243283,0.4014827424711989
2005-08-03,0.045334855758121094,-0.010753617381909435,0.0047305311514047,0.4014827424711989
2005-08-04,0.04550164820459608,-0.010905125034891824,0.00511126336088596,0.4014827424711989
2005-08-05,0.04597694542730853,-0.011196936150705274,0.006731291557910401,0.4014827424711989
2005-08-08,0.04597779825135227,-0.010809672935881533,0.007773495136238812,0.4014827424711989
2005-08-09,0.045878301729638686,-0.010897686463207976,0.0072469912759189625,0.4014827424711989
2005-08-10,0.04584757837953423,-0.010860690397817863,0.006979628633675159,0.4014827424711989
2005-08-11,0.04523383378945015,-0.010406914555226405,0.006684740455087717,0.4014827424711989
2005-08-12,0.04440884861966501,-0.009377414187436076,0.005506482301072814,0.4014827424711989
2005-08-15,0.04447009083234665,-0.009476055364603544,0.0068351273983330045,0.4014827424711989
2005-08-16,0.044278640455949474,-0.009138630509550463,0.005049699564369419,0.4014827424711989
2005-08-17,0.044850776796049686,-0.009866280640616797,0.005859158923671365,0.4014827424711989
2005-08-18,0.04418542195769187,-0.009300887341004458,0.0049532933519490395,0.4014827424711989
2005-08-19,0.04410653740573801,-0.008906969919216842,0.004813890415676858,0.4014827424711989
2005-08-22,0.04418166910947857,-0.0088992188717863,0.004718804681417234,0.4014827424711989
2005-08-23,0.04409969859391848,-0.008822992342097706,0.004136034690689969,0.4014827424711989
2005-08-24,0.044078183989108864,-0.008804329645027153,0.003820330016934694,0.4014827424711989
2005-08-25,0.04392313474509281,-0.008619123688898394,0.004074979652030348,0.4014827424711989
2005-08-26,0.04383424839936924,-0.008400085076551062,0.00529295994557209,0.4014827424711989
2005-08-29,0.043795986013221544,-0.008119047623922009,0.004797237018849779,0.4014827424711989
2005-08-30,0.0438258551530872,-0.00833098823168377,0.0028177716835288444,0.4014827424711989
2005-08-31,0.043085756750411375,-0.007555806438156215,-0.0015656292123268196,0.4014827424711989
2005-09-01,0.04379066822855804,-0.009074773707853862,-0.003209727667522168,0.4014827424711989
2005-09-02,0.04375936400843294,-0.00896261880403286,-0.003016158337797293,0.4014827424711989
2005-09-05,0.04375936400843294,-0.00896261880403286,-0.003016158337797293,0.4014827424711989
2005-09-06,0.04466513043961538,-0.009359693974243506,-0.0038467350240786622,0.4014827424711989
2005-09-07,0.045201037158593076,-0.010013087692139662,-0.0025776066870230535,0.4014827424711989
2005-09-08,0.04504560010702761,-0.010123247456607722,-0.001492334155351596,0.4014827424711989
2005-09-09,0.0445132750263425,-0.009537174673904789,-0.0005363741848171694,0.4014827424711989
2005-09-12,0.045271320675766245,-0.00996543196634242,-0.0010301693277809324,0.4014827424711989
2005-09-13,0.04475787933089448,-0.009718145075757165,-0.0011793695130090252,0.4014827424711989
2005-09-14,0.04490788856413097,-0.01031845835265072,0.0004274354778103298,0.4014827424711989
2005-09-15,0.045932179112251344,-0.011296006774271703,-0.000694327845996043,0.4014827424711989
2005-09-16,0.04623588297748534,-0.011333209240097387,0.0005005335173978906,0.4014827424711989
2005-09-19,0.04640816875684378,-0.011066426982631685,-0.001703498874814104,0.4014827424711989
2005-09-20,0.0456856402361393,-0.009937409385860681,0.0006463427244049096,0.4014827424711989
2005-09-21,0.044757837299511695,-0.010848408366532976,0.004200985597065866,0.4014827424711989
2005-09-22,0.04485813671031801,-0.010914239666177755,0.0034919838641068717,0.4014827424711989
2005-09-23,0.04487302139331136,-0.01074854152978227,0.005740198898854433,0.4014827424711989
2005-09-26,0.04565810020859994,-0.010663180301706678,0.004232525758733733,0.4014827424711989
2005-09-27,0.04549363680762707,-0.010831312051817964,0.005675957260838584,0.4014827424711989
2005-09-28,0.0443886765809365,-0.009972572114199123,0.007845181685201433,0.4014827424711989
2005-09-29,0.04473476925009986,-0.010116413487947097,0.008106073351733183,0.4014827424711989
2005-09-30,0.04498784291045307,-0.010005896198194749,0.008562804921635562,0.4014827424711989
2005-10-03,0.045513803559635024,-0.009816437787483138,0.008480381372423683,0.4014827424711989
2005-10-04,0.04587621945453034,-0.009545512219536461,0.006157896116970869,0.4014827424711989
2005-10-05,0.04522428562196592,-0.009213501688945028,0.007429732816311392,0.4014827424711989
2005-10-06,0.04539261917830306,-0.009280658346358581,0.006971803439527999,0.4014827424711989
2005-10-07,0.04523486355204634,-0.00903977327316733,0.0066734348710272996,0.4014827424711989
2005-10-10,0.04523486355204634,-0.00903977327316733,0.0066734348710272996,0.4014827424711989
2005-10-11,0.045569258843667054,-0.00846934219507239,0.006025185867360753,0.4014827424711989
2005-10-12,0.04630426169964339,-0.009080327368962915,0.0057921095891450185,0.4014827424711989
2005-10-13,0.04702763729953492,-0.009590547566973001,0.004198263663239931,0.4014827424711989
2005-10-14,0.04687946346152126,-0.009437158050745131,0.005228380315347168,0.4014827424711989
2005-10-17,0.047040260070067064,-0.008849404039042297,0.004308749228585013,0.4014827424711989
2005-10-18,0.046958133225791246,-0.008725947122482057,0.003786704029736165,0.4014827424711989
2005-10-19,0.04708806183638295,-0.008767983580722607,0.0026013698103725283,0.4014827424711989
2005-10-20,0.04646994107717029,-0.008595602807637954,0.005134610891574531,0.4014827424711989
2005-10-21,0.04609653816461666,-0.007958334586904956,0.0029981235835892413,0.4014827424711989
2005-10-24,0.04667303173390917,-0.00818639456889513,0.0031954654500242962,0.4014827424711989
2005-10-25,0.04740860062627705,-0.008198209716699933,0.0033491406028094647,0.4014827424711989
2005-10-26,0.04803906094869827,-0.009042148353638112,0.004471901701295163,0.4014827424711989
2005-10-27,0.04778655327883885,-0.008768333905870878,0.003867579467819277,0.4014827424711989
2005-10-28,0.047680466027625885,-0.008351715227032094,0.004470615444074609,0.4014827424711989
2005-10-31,0.047688671226831736,-0.007913585916853462,0.0033865377886573493,0.4014827424711989
2005-11-01,0.04768314623530204,-0.008013284828094939,0.0043006825608864745,0.4014827424711989
2005-11-02,0.047755816961922715,-0.008272958548213735,0.005391680475604019,0.4014827424711989
2005-11-03,0.04829748192151567,-0.008645386428269501,0.005627865246276311,0.4014827424711989
2005-11-04,0.04871586843995879,-0.008929165915231213,0.004777788151580635,0.4014827424711989
2005-11-07,0.04844984299657696,-0.008545522091248002,0.00497790340915477,0.4014827424711989
2005-11-08,0.04779682585544166,-0.007574626469517561,0.0035641961423241147,0.4014827424711989
2005-11-09,0.04821001743269551,-0.007797619458517969,0.004670836389076164,0.4014827424711989
2005-11-10,0.04761601491310387,-0.0073133522674763895,0.003718082965213509,0.4014827424711989
2005-11-11,0.04761601491310387,-0.0073133522674763895,0.003718082965213509,0.4014827424711989
2005-11-14,0.04783365856208515,-0.007096483228340278,0.004576481539109551,0.4014827424711989
2005-11-15,0.0472892900849646,-0.006288432666223121,0.0037124175525131606,0.4014827424711989
2005-11-16,0.046739789740516596,-0.005844846893867262,0.002410564259938868,0.4014827424711989
2005-11-17,0.04662247852751015,-0.005735636965445959,0.0012740008168421503,0.4014827424711989
2005-11-18,0.04724259577018934,-0.006429188434597053,0.0014076749641478215,0.4014827424711989
2005-11-21,0.04668461574534382,-0.005983261088301782,0.0017325083644233806,0.4014827424711989
2005-11-22,0.047203738220887664,-0.006847735550698086,-0.0008301688923230731,0.4014827424711989
2005-11-23,0.04761459478450887,-0.00699635094996277,-0.0005600144341210036,0.4014827424711989
2005-11-24,0.04761459478450887,-0.00699635094996277,-0.0005600144341210036,0.4014827424711989
2005-11-25,0.04720772740704397,-0.006727083014462631,-0.0008225362657880955,0.4014827424711989
2005-11-28,0.046444671266176525,-0.005611750486695105,-0.00036758316951806874,0.4014827424711989
2005-11-29,0.047037870861310054,-0.006073597107252612,0.0008969360600556142,0.4014827424711989
2005-11-30,0.04718799358393154,-0.006371093066556987,0.001485914122338646,0.4014827424711989
2005-12-01,0.04730183980239704,-0.006450144606746243,0.002268953703184676,0.4014827424711989
2005-12-02,0.047294059950258566,-0.006398269607945585,0.0019776185135494647,0.4014827424711989
2005-12-05,0.04763821511144485,-0.006458707336863678,0.0026252899726083526,0.4014827424711989
2005-12-06,0.04705147380190103,-0.006441934753561696,0.002325486969270844,0.4014827424711989
2005-12-07,0.0470499599259371,-0.006580448099797182,0.0030182683677902732,0.4014827424711989
2005-12-08,0.04639399761671594,-0.006980671075524137,0.004152674351124597,0.4014827424711989
2005-12-09,0.047145614151962396,-0.007995919269993922,0.005887594781625644,0.4014827424711989
2005-12-12,0.04668610250031274,-0.00760320951016562,0.007929391613967085,0.4014827424711989
2005-12-13,0.046691796969614195,-0.007464800299338402,0.006884203243454908,0.4014827424711989
2005-12-14,0.04617145466282029,-0.007022664472509948,0.005084428480353552,0.4014827424711989
2005-12-15,0.0462070140530583,-0.006987696343268696,0.005517878071307829,0.4014827424711989
2005-12-16,0.046101181910525174,-0.007019794192423477,0.00538768820887203,0.4014827424711989
2005-12-19,0.0459361964242545,-0.0064842210320979555,0.005617309578078289,0.4014827424711989
2005-12-20,0.04589787153827668,-0.006563804274513077,0.007043162198723036,0.4014827424711989
2005-12-21,0.046075605303278415,-0.006725616530405403,0.0072835695326622305,0.4014827424711989
2005-12-22,0.04548416534006916,-0.006236567094205888,0.006954649396751856,0.4014827424711989
2005-12-23,0.04473105125382198,-0.005660553087767925,0.007031730481433043,0.4014827424711989
2005-12-26,0.04473105125382198,-0.005660553087767925,0.007031730481433043,0.4014827424711989
2005-12-27,0.044267525898753095,-0.004972987017274566,0.006687438583901541,0.4014827424711989
2005-12-28,0.04469289837713392,-0.005386857394460331,0.006669225176635566,0.4014827424711989
2005-12-29,0.04455934239187213,-0.004646867290664162,0.005859608609335133,0.4014827424711989
2005-12-30,0.04519010059482226,-0.003615300719696469,0.0019368421252012023,0.4014827424711989
2006-01-02,0.04519010059482226,-0.003615300719696469,0.0019368421252012023,0.4014827424711989
2006-01-03,0.04580239850501705,-0.0035706704811414415,-0.002327890646070039,0.4014827424711989
2006-01-04,0.04604100536681494,-0.003858896610541781,-0.0035029214755946635,0.4014827424711989
2006-01-05,0.04578834421753142,-0.0035215866253251755,-0.0028998058424515695,0.4014827424711989
2006-01-06,0.04589422532913541,-0.0034780310667238967,-0.002316928855711781,0.4014827424711989
2006-01-09,0.04593881904847173,-0.00333711046066789,-0.0026758870014934747,0.4014827424711989
2006-01-10,0.04679294506999952,-0.003673377224346965,-0.003782773007982046,0.4014827424711989
2006-01-11,0.04672060261277924,-0.0035035073136429375,-0.0026628364852619964,0.4014827424711989
2006-01-12,0.046370573841764476,-0.0031139057177163084,-0.003616363658275221,0.4014827424711989
2006-01-13,0.045724579866803124,-0.0024656999802889212,-0.0045890437642483696,0.4014827424711989
2006-01-16,0.045724579866803124,-0.0024656999802889212,-0.0045890437642483696,0.4014827424711989
2006-01-17,0.045851733791398896,-0.0023000197753309973,-0.005690914495175586,0.4014827424711989
2006-01-18,0.04580542798367696,-0.0026713156680979733,-0.004493247916973702,0.4014827424711989
2006-01-19,0.045610427391595175,-0.0027667551893580692,-0.002236834698177332,0.4014827424711989
2006-01-20,0.04564031628095692,-0.0028345533434576344,-0.002297856815327576,0.4014827424711989
2006-01-23,0.04576862035737983,-0.002642337533539727,-0.0035503752548757543,0.4014827424711989
2006-01-24,0.046264600519791525,-0.002087608142393569,-0.00588099862212752,0.4014827424711989
2006-01-25,0.04698754638733826,-0.002808087527495554,-0.003981035370000808,0.4014827424711989
2006-01-26,0.047303151525149176,-0.0032519006557687946,-0.0030754979497169435,0.4014827424711989
2006-01-27,0.0474400596949783,-0.003234217120413522,-0.0033019891430727272,0.4014827424711989
2006-01-30,0.047298597506433185,-0.0028151626181620224,-0.0027676813360442013,0.4014827424711989
2006-01-31,0.04742269360346775,-0.0023387045408564113,-0.00418517167014927,0.4014827424711989
2006-02-01,0.04730514631033557,-0.0024188115927939076,-0.0019540402341843856,0.4014827424711989
2006-02-02,0.04716813081742145,-0.0022375243907019715,-0.001630730878998591,0.4014827424711989
2006-02-03,0.04649774471771466,-0.0015705957229878713,-0.0006631278687384135,0.4014827424711989
2006-02-06,0.046092525599896815,-0.000986797593684744,0.0006291189377949948,0.4014827424711989
2006-02-07,0.04659367764803798,-0.0014636991403550181,-0.00017864520984054051,0.4014827424711989
2006-02-08,0.046708317657486474,-0.001505481295766038,0.00025601079060265033,0.4014827424711989
2006-02-09,0.04531566607862325,-0.0002619398019823188,0.003461501742003533,0.4014827424711989
2006-02-10,0.04570241592761753,-0.00039347216186871897,0.003819079973093077,0.4014827424711989
2006-02-13,0.04586310227019898,-0.0003403736804361793,0.0027301189843316567,0.4014827424711989
2006-02-14,0.04637250521767355,-0.0006958951735135102,0.002338804019071004,0.4014827424711989
2006-02-15,0.046040481781794186,-0.0005462207735059326,0.0032297795289830344,0.4014827424711989
2006-02-16,0.04595162341753763,-0.0005193578083830485,0.0030180151989858996,0.4014827424711989
2006-02-17,0.045321769110406314,0.00015811760335958933,0.0027237911114114857,0.4014827424711989
2006-02-20,0.045321769110406314,0.00015811760335958933,0.0027237911114114857,0.4014827424711989
2006-02-21,0.04533536099271805,0.00043284663331503775,0.003739824362462248,0.4014827424711989
2006-02-22,0.0449025040842605,0.0008486145496940055,0.003468976980265415,0.4014827424711989
2006-02-23,0.044995925294661454,0.0008803276430780342,0.004657943504462373,0.4014827424711989
2006-02-24,0.045122820548858515,0.000799928997350749,0.004766442804788555,0.4014827424711989
2006-02-27,0.04550246237592876,0.0007342292966825096,0.0039080481710512815,0.4014827424711989
2006-02-28,0.045213368441162326,0.0009582737695547549,0.0029261631094787246,0.4014827424711989
2006-03-01,0.04570407591344788,0.0003468789997699035,0.00306975190000931,0.4014827424711989
2006-03-02,0.04636826802970927,-0.00034096853861127297,0.0033017692213416785,0.4014827424711989
2006-03-03,0.046732271349113924,-0.0007327158755657042,0.0038509165352370416,0.4014827424711989
2006-03-06,0.047452768984581145,-0.0015437915562739961,0.004049417825865436,0.4014827424711989
2006-03-07,0.0474490405142648,-0.0014445489900168549,0.004066108929911256,0.4014827424711989
2006-03-08,0.04755775823820276,-0.001690489076880459,0.0034200474996326355,0.4014827424711989
2006-03-09,0.04757990676053172,-0.00168956233493421,0.0033931073540418846,0.4014827424711989
2006-03-10,0.04776384797865904,-0.0017237746965801182,0.003549879378610902,0.4014827424711989
2006-03-13,0.0480199228230699,-0.0018726967167623633,0.003385623373332128,0.4014827424711989
2006-03-14,0.04777463495707449,-0.0015128321177275373,0.0003738127591659778,0.4014827424711989
2006-03-15,0.04826847105020596,-0.0017438857576184924,-0.000560504775273836,0.4014827424711989
2006-03-16,0.04792174067119767,-0.0014570968212268606,-0.0030451564640040754,0.4014827424711989
2006-03-17,0.04815852420458536,-0.0015601518810303052,-0.002865345284953592,0.4014827424711989
2006-03-20,0.04804211401675724,-0.0010941065742554102,-0.0037861160222316666,0.4014827424711989
2006-03-21,0.048316113170081186,-0.000831102993390927,-0.0027659085626919244,0.4014827424711989
2006-03-22,0.048154212837300654,-0.0007383320192534428,-0.002050407215776276,0.4014827424711989
2006-03-23,0.04823638617459686,-0.0009663938140028008,-0.0007950276405664571,0.4014827424711989
2006-03-24,0.047837008680639254,-0.0006405110630808503,-0.0023302471320582278,0.4014827424711989
2006-03-27,0.048203990517072484,-0.0010552252963344244,-0.0021040989396037724,0.4014827424711989
2006-03-28,0.048716600094960615,-0.0013508683231734982,1.4568666308992315e-05,0.4014827424711989
2006-03-29,0.04913031842679476,-0.0018633743568299628,-0.00020301105900817537,0.4014827424711989
2006-03-30,0.04961705249125968,-0.002516666942209918,0.00048742966128629726,0.4014827424711989
2006-03-31,0.04976737941335838,-0.002773581575934058,1.0544278310659267e-05,0.4014827424711989
2006-04-03,0.04970642148466119,-0.002404112728826572,0.0007192998205271355,0.4014827424711989
2006-04-04,0.04993536097313126,-0.002642011925841783,-0.00045749109772581055,0.4014827424711989
2006-04-05,0.04988924107911275,-0.0027230981637837754,-0.001437101960101601,0.4014827424711989
2006-04-06,0.05054238617247204,-0.0032118025147697665,-0.0012615627181662087,0.4014827424711989
2006-04-07,0.051276878071507444,-0.004018026665455252,-0.0005081290624055762,0.4014827424711989
2006-04-10,0.05131289377681113,-0.003887782373131759,-0.0007250920822664203,0.4014827424711989
2006-04-11,0.050880976693772874,-0.003442523910304291,-0.0009914269077324063,0.4014827424711989
2006-04-12,0.051326161577322955,-0.0038819069358384294,-0.00016923522798898056,0.4014827424711989
2006-04-13,0.05171673455639182,-0.004560461491320645,0.002057400365061591,0.4014827424711989
2006-04-14,0.05171673455639182,-0.004560461491320645,0.002057400365061591,0.4014827424711989
2006-04-17,0.05160104520359153,-0.004311303803973983,0.0003864111193388616,0.4014827424711989
2006-04-18,0.05176430533380991,-0.004567930177104287,-0.0016981385012376326,0.4014827424711989
2006-04-19,0.05247701773215229,-0.005270301414644983,-0.0019818267507631855,0.4014827424711989
2006-04-20,0.05242770003016549,-0.005181264153323606,-0.0014385805715101956,0.4014827424711989
2006-04-21,0.05191617651067381,-0.004493567618415413,-0.0010581348078849443,0.4014827424711989
2006-04-24,0.05156713716430021,-0.004017725380273289,-0.0009967036719518891,0.4014827424711989
2006-04-25,0.05253477214800421,-0.004644122993254595,-0.0009371662011469122,0.4014827424711989
2006-04-26,0.05267501906988446,-0.004705219993836715,0.00028227027900706663,0.4014827424711989
2006-04-27,0.052961067575840556,-0.005118714629603147,-0.002504402864850611,0.4014827424711989
2006-04-28,0.05300072440395527,-0.0053836533876141955,-0.0033817094009753867,0.4014827424711989
2006-05-01,0.053503245845765546,-0.005492372079170441,-0.002321778854278679,0.4014827424711989
2006-05-02,0.05324500432522138,-0.005094462633656905,-0.0026531971659882444,0.4014827424711989
2006-05-03,0.05358872034416639,-0.005395732036742212,-0.002395312556995019,0.4014827424711989
2006-05-04,0.05328061586695182,-0.005317463168412427,-0.000425232944609557,0.4014827424711989
2006-05-05,0.05307322602142547,-0.004976857224963085,-0.0016887407694500434,0.4014827424711989
2006-05-08,0.05284310676192855,-0.004423680347158941,-0.0010177875313641404,0.4014827424711989
2006-05-09,0.05313600276456917,-0.00435818592339428,-0.002396470802374967,0.4014827424711989
2006-05-10,0.05279778824396533,-0.004166507741349058,-0.000735675583643146,0.4014827424711989
2006-05-11,0.05320946140038751,-0.005127265966350645,-0.0004182521320573909,0.4014827424711989
2006-05-12,0.053917843276722756,-0.005745137004876269,-0.0006867215819431356,0.4014827424711989
2006-05-15,0.053684412964926286,-0.005170063487486192,-0.0019806896305076967,0.4014827424711989
2006-05-16,0.05338396027440821,-0.004696314546250329,-0.0035146572485469955,0.4014827424711989
2006-05-17,0.05406638423419987,-0.005444282577626722,-0.0033540365281549693,0.4014827424711989
2006-05-18,0.0530083542344676,-0.004384310031563202,-0.0036716503089999583,0.4014827424711989
2006-05-19,0.052367662053463174,-0.0037005593443788874,-0.0025020578732098996,0.4014827424711989
2006-05-22,0.052366049789092255,-0.0035899524304172413,-0.003191539974433952,0.4014827424711989
2006-05-23,0.05255898996049836,-0.0037724518273327765,-0.002372305981103294,0.4014827424711989
2006-05-24,0.05235671524781863,-0.0037078179237739336,-0.0033402478727328723,0.4014827424711989
2006-05-25,0.05264507956024655,-0.003956591973570118,-0.0024347372790488086,0.4014827424711989
2006-05-26,0.05267987178972942,-0.00380814665452431,-0.003579206426331536,0.4014827424711989
2006-05-29,0.05267987178972942,-0.00380814665452431,-0.003579206426331536,0.4014827424711989
2006-05-30,0.052867600558673636,-0.003953929477781852,-0.00257896001033438,0.4014827424711989
2006-05-31,0.052861570347195824,-0.0038329589635563485,-0.0009832021982617062,0.4014827424711989
2006-06-01,0.05274448481503074,-0.003887495354118497,-0.0008066029233632852,0.4014827424711989
2006-06-02,0.052041433064874375,-0.0032593394415320765,-0.003826536284958593,0.4014827424711989
2006-06-05,0.05179486335744638,-0.0027715931271080118,-0.002017879118914277,0.4014827424711989
2006-06-06,0.051550382179645256,-0.002345724117737575,-0.00192518589386541,0.4014827424711989
2006-06-07,0.051513657348416855,-0.0022927448092511767,-0.001008821623340551,0.4014827424711989
2006-06-08,0.05119022101725795,-0.002004580657469538,-0.0009622507624008086,0.4014827424711989
2006-06-09,0.05080458306699871,-0.0015501490086413884,-0.0005544540929720827,0.4014827424711989
2006-06-12,0.05079909461121926,-0.0011588925068504266,-0.0007981515560297632,0.4014827424711989
2006-06-13,0.0504438067297618,-0.001138962487953276,0.00012229839321956895,0.4014827424711989
2006-06-14,0.05091494664747106,-0.0017143624622267366,0.0030475014347032953,0.4014827424711989
2006-06-15,0.05110782888025024,-0.002510027978884354,0.0053805972168296185,0.4014827424711989
2006-06-16,0.05156988733043092,-0.002640072509833567,0.004789345730346215,0.4014827424711989
2006-06-19,0.051641643420459356,-0.00218370822750628,0.004627465380059571,0.4014827424711989
2006-06-20,0.05177845594380882,-0.0022859721354032223,0.004531407749875869,0.4014827424711989
2006-06-21,0.0516544682448571,-0.0023819619894299253,0.00538017382416344,0.4014827424711989
2006-06-22,0.05186360647321775,-0.003034102031270983,0.0074611739998600825,0.4014827424711989
2006-06-23,0.05223739468097957,-0.0028801646755147563,0.006828519908189686,0.4014827424711989
2006-06-26,0.05266414753345612,-0.0025079482749127257,0.004980708196033098,0.4014827424711989
2006-06-27,0.05249510028568631,-0.0017778469001999923,0.0028884883331575803,0.4014827424711989
2006-06-28,0.05265231903641703,-0.00236979485068139,0.004969962905202424,0.4014827424711989
2006-06-29,0.05259005209917861,-0.002834082548803616,0.003900094052535917,0.4014827424711989
2006-06-30,0.051714230784437404,-0.002506765047293848,0.004402855527908387,0.4014827424711989
2006-07-03,0.052086042137821184,-0.001782113633395074,0.001974296627637496,0.4014827424711989
2006-07-04,0.052086042137821184,-0.001782113633395074,0.001974296627637496,0.4014827424711989
2006-07-05,0.052704252077147885,-0.0022404988411581315,0.0030223491134628066,0.4014827424711989
2006-07-06,0.05231168443077373,-0.0018993807363225305,0.0026510207613969954,0.4014827424711989
2006-07-07,0.051901122665394234,-0.0013470724674310148,0.0012415451444626972,0.4014827424711989
2006-07-10,0.05188293469598647,-0.0009323808042297502,0.0005585544783635462,0.4014827424711989
2006-07-11,0.05160121220119866,-0.0005557477365933336,0.00011200352543448114,0.4014827424711989
2006-07-12,0.05159997240400278,-0.0004694134011017771,0.0001571035931984042,0.4014827424711989
2006-07-13,0.05150472808681988,-0.0006318796924102714,-0.0007455420477771284,0.4014827424711989
2006-07-14,0.051588745221846796,-0.0007407512825682711,-0.0017036363686651164,0.4014827424711989
2006-07-17,0.051434529459483784,-0.00012270140401632042,-0.0014880964494278783,0.4014827424711989
2006-07-18,0.0519458595918203,-0.0004025948507388005,-0.0006160091966053637,0.4014827424711989
2006-07-19,0.05143086076704542,-0.0001577139490430196,-0.0019491361648107386,0.4014827424711989
2006-07-20,0.05137155709790632,-0.00045469982739226,-0.0027796498978121965,0.4014827424711989
2006-07-21,0.05154826004245985,-0.0004922943272604313,-0.002895683160369545,0.4014827424711989
2006-07-24,0.05163862717166176,-0.00036359673100763994,-0.0032155003097852105,0.4014827424711989
2006-07-25,0.05197927655397025,-0.000327123064082288,-0.003964438799921485,0.4014827424711989
2006-07-26,0.051830334740659546,-0.00042856991321305483,-0.004585671590620207,0.4014827424711989
2006-07-27,0.051991581067660025,-0.0005648812689639647,-0.004932565119111273,0.4014827424711989
2006-07-28,0.05171110511861171,-0.0006501751680707589,-0.006346961462017166,0.4014827424711989
2006-07-31,0.051835373522461634,-0.0003846315081632817,-0.007657719854483856,0.4014827424711989
2006-08-01,0.052179768195009676,7.416990328859259e-05,-0.010393803684820862,0.4014827424711989
2006-08-02,0.05185656296466076,0.0003665644964589783,-0.010253615907748856,0.4014827424711989
2006-08-03,0.051605802895457534,0.0005640892232691168,-0.009137781967112554,0.4014827424711989
2006-08-04,0.0513701320778389,0.0005431252648126807,-0.010491320571972154,0.4014827424711989
2006-08-07,0.051237649516883886,0.0010593277247711698,-0.009791191451879639,0.4014827424711989
2006-08-08,0.051701345586564744,0.0004385045985433678,-0.011310333994906736,0.4014827424711989
2006-08-09,0.051846237117136325,-4.0530998427859045e-05,-0.010680834274163832,0.4014827424711989
2006-08-10,0.051926250296093324,-0.00021177445141279004,-0.010313225246229126,0.4014827424711989
2006-08-11,0.05212862857194257,-0.0002757208771185745,-0.009293607188754022,0.4014827424711989
2006-08-14,0.0523267709098643,-7.12096997425196e-05,-0.008768025478623443,0.4014827424711989
2006-08-15,0.05175811049375658,0.0004268088811658771,-0.010301446568453169,0.4014827424711989
2006-08-16,0.05144909640441422,0.0005377583382470833,-0.011985159338327066,0.4014827424711989
2006-08-17,0.051359006440284447,0.0007352192453288563,-0.011615797523765292,0.4014827424711989
2006-08-18,0.051063432549780685,0.0010872978155405417,-0.012169705800808346,0.4014827424711989
2006-08-21,0.051073892313993674,0.0011771087533021566,-0.013080279750513636,0.4014827424711989
2006-08-22,0.05092593327472835,0.001333286585800879,-0.01271610851874656,0.4014827424711989
2006-08-23,0.05086919440346201,0.0013343065449778874,-0.012269499458731056,0.4014827424711989
2006-08-24,0.05069841474452599,0.001456398279593825,-0.011817578073138796,0.4014827424711989
2006-08-25,0.050673505421672566,0.0015873660281753854,-0.012653939569305574,0.4014827424711989
2006-08-28,0.050657587390253826,0.0016388959027563341,-0.012185334111330257,0.4014827424711989
2006-08-29,0.05057390152562074,0.001604807459941863,-0.012114221690094821,0.4014827424711989
2006-08-30,0.05046345808866989,0.0015308268802111903,-0.01305896482264364,0.4014827424711989
2006-08-31,0.05023613537679161,0.001519324630961842,-0.01329306644833267,0.4014827424711989
2006-09-01,0.05015951410636825,0.0012673260313297665,-0.013023909644905506,0.4014827424711989
2006-09-04,0.05015951410636825,0.0012673260313297665,-0.013023909644905506,0.4014827424711989
2006-09-05,0.05058829816565467,0.0004043168180993405,-0.011280948134183653,0.4014827424711989
2006-09-06,0.050544783223813707,-1.3142901244384518e-06,-0.009493248820465901,0.4014827424711989
2006-09-07,0.05043817120287912,0.00014169750642722316,-0.009497040073943228,0.4014827424711989
2006-09-08,0.05019910836466287,-4.4294803180115576e-05,-0.00918373412492569,0.4014827424711989
2006-09-11,0.05041542919660076,-0.0001014336310836356,-0.008707592379022818,0.4014827424711989
2006-09-12,0.049849854273769464,-4.406143444921507e-05,-0.0073596490300932805,0.4014827424711989
2006-09-13,0.04988262115679983,-6.665394913463619e-05,-0.00813587624805698,0.4014827424711989
2006-09-14,0.04998864406800835,0.0001604884322074058,-0.007624433679058638,0.4014827424711989
2006-09-15,0.049840596759857046,0.00012986595407576788,-0.006140814153923686,0.4014827424711989
2006-09-18,0.04988400088984321,5.810560150560891e-06,-0.0056571955987023215,0.4014827424711989
2006-09-19,0.04936345856689033,0.00036034223635933254,-0.007379941602072754,0.4014827424711989
2006-09-20,0.04913559119432691,0.0005813875210349396,-0.006589838992932764,0.4014827424711989
2006-09-21,0.04878896012618602,0.000803448566742542,-0.009458352047079245,0.4014827424711989
2006-09-22,0.048477252511106274,0.001176183559952534,-0.0106400210188271,0.4014827424711989
2006-09-25,0.04804572601588063,0.0014139731000613867,-0.010976330631221321,0.4014827424711989
2006-09-26,0.04785498905325491,0.0012683444951737681,-0.008249301452636679,0.4014827424711989
2006-09-27,0.048105862401959465,0.0007925086312511962,-0.008267163071761736,0.4014827424711989
2006-09-28,0.04833385905004856,0.0002615890623965326,-0.0074165111416713255,0.4014827424711989
2006-09-29,0.048394588341256047,0.000542821679010055,-0.00752458066469776,0.4014827424711989
2006-10-02,0.048556633831534364,0.0006709677608385564,-0.009638290471113262,0.4014827424711989
2006-10-03,0.048612792250492774,0.0008418126423440108,-0.010167229525051991,0.4014827424711989
2006-10-04,0.048553493579240346,0.0012846433776198295,-0.01304591335463765,0.4014827424711989
2006-10-05,0.04891511138318538,0.0011267808808698813,-0.01239432267140017,0.4014827424711989
2006-10-06,0.049443987478126665,0.0003859173677485963,-0.009642400439535955,0.4014827424711989
2006-10-09,0.049443987478126665,0.0003859173677485963,-0.009642400439535955,0.4014827424711989
2006-10-10,0.04964711509568114,0.0006452064035714102,-0.008293218434462207,0.4014827424711989
2006-10-11,0.050014513778559325,0.0006835319968992238,-0.008608373720857909,0.4014827424711989
2006-10-12,0.05012470935179618,0.0009149681799129168,-0.009556211848710272,0.4014827424711989
2006-10-13,0.050395953513037973,0.0006044551012775257,-0.009159597623542261,0.4014827424711989
2006-10-16,0.05034699193085915,0.0011666065444634033,-0.010589904905015803,0.4014827424711989
2006-10-17,0.05039802801825844,0.0013417643489617333,-0.011867066160638824,0.4014827424711989
2006-10-18,0.05005789450707923,0.0016000334256075276,-0.01096449321558057,0.4014827424711989
2006-10-19,0.05024096920916157,0.0013767318575115361,-0.01065884390753986,0.4014827424711989
2006-10-20,0.05011793385116471,0.0013100423950706487,-0.009695786840319045,0.4014827424711989
2006-10-23,0.05054405307110944,0.0012861665284496183,-0.009827090117403589,0.4014827424711989
2006-10-24,0.05065534586261058,0.001624844931953962,-0.010759487091476169,0.4014827424711989
2006-10-25,0.050136606055551425,0.0021164893972935297,-0.01153382047424586,0.4014827424711989
2006-10-26,0.04982348697536442,0.002569491534669564,-0.013249660796000038,0.4014827424711989
2006-10-27,0.04949275773566961,0.0027512582148524903,-0.014385516013708811,0.4014827424711989
2006-10-30,0.04931074545424904,0.002970545303531863,-0.013919558423100243,0.4014827424711989
2006-10-31,0.048829741600390185,0.0034778497186874397,-0.015628455065659155,0.4014827424711989
2006-11-01,0.04861552976868992,0.0036475649705731083,-0.017096084582822597,0.4014827424711989
2006-11-02,0.048925027914795714,0.0033499780224530936,-0.016535813645099432,0.4014827424711989
2006-11-03,0.04939612449797209,0.002931132893505265,-0.012224947962553474,0.4014827424711989
2006-11-06,0.049184764459100506,0.003109806485608295,-0.011937752428050287,0.4014827424711989
2006-11-07,0.04903709607410747,0.0033668760456989737,-0.013934691944872287,0.4014827424711989
2006-11-08,0.0488189393974299,0.003670468891067604,-0.014572340999060907,0.4014827424711989
2006-11-09,0.04875137897955258,0.0036935944837172365,-0.01451723249793499,0.4014827424711989
2006-11-10,0.04838849158643316,0.004156204125347758,-0.01503806797319154,0.4014827424711989
2006-11-13,0.04842393142845445,0.003943042985303562,-0.013661234039558745,0.4014827424711989
2006-11-14,0.04805864274153976,0.004560782746498192,-0.01463411070177202,0.4014827424711989
2006-11-15,0.04819332723939986,0.0043967630539787144,-0.01287172824898486,0.4014827424711989
2006-11-16,0.048487496217125746,0.003997180354583373,-0.011385313120508687,0.4014827424711989
2006-11-17,0.048240587949056814,0.0041047568267234,-0.013266932336729879,0.4014827424711989
2006-11-20,0.048114316078913734,0.004233933650563224,-0.013215374480898287,0.4014827424711989
2006-11-21,0.04799586742147435,0.004613726551269084,-0.01405261362972441,0.4014827424711989
2006-11-22,0.04796721269217891,0.004545681494398387,-0.014252612509965871,0.4014827424711989
2006-11-23,0.04796721269217891,0.004545681494398387,-0.014252612509965871,0.4014827424711989
2006-11-24,0.04769428505417199,0.00458886258226673,-0.013850377157846485,0.4014827424711989
2006-11-27,0.04768035116046535,0.0047246898382525,-0.014550559075533149,0.4014827424711989
2006-11-28,0.04754752783226797,0.005029546019779022,-0.01603267829084902,0.4014827424711989
2006-11-29,0.04772065157697615,0.004814942172177272,-0.01586029284595826,0.4014827424711989
2006-11-30,0.04727342286193987,0.005034627884878692,-0.016860584110419234,0.4014827424711989
2006-12-01,0.047519728699868084,0.004638461589856558,-0.01979437977557456,0.4014827424711989
2006-12-04,0.04750751539635902,0.004255410556247417,-0.018925838239441804,0.4014827424711989
2006-12-05,0.04741635660216035,0.0032609593379776545,-0.016239325659981544,0.4014827424711989
2006-12-06,0.04746241394524344,0.003363702049178109,-0.014786007381099768,0.4014827424711989
2006-12-07,0.047546008600570025,0.0032586544375369664,-0.014771474393608725,0.4014827424711989
2006-12-08,0.04778625644813567,0.0028612415717164446,-0.011657874370146364,0.4014827424711989
2006-12-11,0.0473667375140896,0.00301345192248324,-0.01128738883341537,0.4014827424711989
2006-12-12,0.04733525840497406,0.003150198662694025,-0.013359669401018114,0.4014827424711989
2006-12-13,0.047942739287393385,0.0024462048233016664,-0.010821502810072256,0.4014827424711989
2006-12-14,0.04817582756492031,0.002323602510201735,-0.010335407052802116,0.4014827424711989
2006-12-15,0.04804528893508633,0.001914394087033934,-0.009214320041621692,0.4014827424711989
2006-12-18,0.048156124954668936,0.0021200215712117018,-0.010133922790553817,0.4014827424711989
2006-12-19,0.04834675510224521,0.002053613867246983,-0.01083751434716012,0.4014827424711989
2006-12-20,0.04839065595917496,0.0021267334789534667,-0.011183000909740557,0.4014827424711989
2006-12-21,0.048156942232953366,0.002282617421471319,-0.012432420083842653,0.4014827424711989
2006-12-22,0.04869495266743136,0.0016851239734833278,-0.010763012113586738,0.4014827424711989
2006-12-25,0.04869495266743136,0.0016851239734833278,-0.010763012113586738,0.4014827424711989
2006-12-26,0.04830456437673576,0.002137697269927711,-0.010375046361369027,0.4014827424711989
2006-12-27,0.04853644532076581,0.001505678997329092,-0.00795217090546827,0.4014827424711989
2006-12-28,0.048725601552338474,0.0013158006965642978,-0.0067031700377540495,0.4014827424711989
2006-12-29,0.04877671704910492,0.0012926331017683542,-0.006550140891045456,0.4014827424711989
2007-01-01,0.04877671704910492,0.0012926331017683542,-0.006550140891045456,0.4014827424711989
2007-01-02,0.048611787729651364,0.0018794051505121318,-0.007912624550692169,0.4014827424711989
2007-01-03,0.048573976405729274,0.0019788193826293233,-0.008893144375612803,0.4014827424711989
2007-01-04,0.0481913128517373,0.0021643618642621693,-0.009675114795726882,0.4014827424711989
2007-01-05,0.04826831444714264,0.002176952820098704,-0.0083778959458102,0.4014827424711989
2007-01-08,0.04827868772119955,0.0026313669921048076,-0.008710584989945761,0.4014827424711989
2007-01-09,0.048254060115698355,0.002809939487010925,-0.00905325082485507,0.4014827424711989
2007-01-10,0.048670883998570225,0.0025366609559815604,-0.009273924155743178,0.4014827424711989
2007-01-11,0.04913266581308527,0.002349481358410312,-0.008797881509968006,0.4014827424711989
2007-01-12,0.04948644366218449,0.0018617687214061618,-0.008192614641322283,0.4014827424711989
2007-01-15,0.04948644366218449,0.0018617687214061618,-0.008192614641322283,0.4014827424711989
2007-01-16,0.049438777496092795,0.0021282439216878226,-0.009238226404500597,0.4014827424711989
2007-01-17,0.04968766582675419,0.0019085824248936752,-0.008247985490952682,0.4014827424711989
2007-01-18,0.04929356323372305,0.002188191571046032,-0.008294273894622877,0.4014827424711989
2007-01-19,0.04938549270747368,0.002123134426115605,-0.007317375827942155,0.4014827424711989
2007-01-22,0.04913295194536548,0.0024578123034658212,-0.0075252539660818,0.4014827424711989
2007-01-23,0.04983597434737977,0.0019022029112339836,-0.007806840816141408,0.4014827424711989
2007-01-24,0.04988027966556182,0.0016680470246451468,-0.007614103956194924,0.4014827424711989
2007-01-25,0.050351166415068246,0.001144798033091903,-0.006664597987611819,0.4014827424711989
2007-01-26,0.05042564977452981,0.0009052007453985337,-0.00592496100382598,0.4014827424711989
2007-01-29,0.050589587426466104,0.0007924791345207769,-0.005766575445966962,0.4014827424711989
2007-01-30,0.05056805052889621,0.0009653946495173999,-0.006982524316252587,0.4014827424711989
2007-01-31,0.05013394731277743,0.0013855885812672115,-0.007752219105785205,0.4014827424711989
2007-02-01,0.050003408979011114,0.0014503116599868479,-0.006639425387809913,0.4014827424711989
2007-02-02,0.05012951322760074,0.0014694013024292092,-0.007788676471990808,0.4014827424711989
2007-02-05,0.05006824089248308,0.0018013847563777584,-0.009027204182115018,0.4014827424711989
2007-02-06,0.049810623270063484,0.002396821947161385,-0.010571928473148395,0.4014827424711989
2007-02-07,0.04977281657807169,0.0025552456017199406,-0.011750685234075886,0.4014827424711989
2007-02-08,0.04937500162570067,0.002957056289685697,-0.01109299286027298,0.4014827424711989
2007-02-09,0.04985472420444066,0.002417371120004076,-0.010032139087980623,0.4014827424711989
2007-02-12,0.04995908573052387,0.00247813591092907,-0.009825583693389315,0.4014827424711989
2007-02-13,0.05029203484681583,0.002383927212086929,-0.010635388323798041,0.4014827424711989
2007-02-14,0.049721722428227345,0.0029592998947119585,-0.01263714371613894,0.4014827424711989
2007-02-15,0.049606844796212135,0.0031296755697697853,-0.013939169869017588,0.4014827424711989
2007-02-16,0.049385956325308344,0.0033627627686873968,-0.013613688464952593,0.4014827424711989
2007-02-19,0.049385956325308344,0.0033627627686873968,-0.013613688464952593,0.4014827424711989
2007-02-20,0.04937551929197122,0.003473278708215859,-0.014304463644140576,0.4014827424711989
2007-02-21,0.049452967479902236,0.003505658392678633,-0.0141685455078654,0.4014827424711989
2007-02-22,0.04976729378206555,0.003184484216304756,-0.013285011105247763,0.4014827424711989
2007-02-23,0.049437612251285276,0.0035109803491701905,-0.014531045141333713,0.4014827424711989
2007-02-26,0.04890984146032321,0.004098349741102574,-0.015245020638441902,0.4014827424711989
2007-02-27,0.04835391007784687,0.004351811942212692,-0.01974675897555397,0.4014827424711989
2007-02-28,0.04884475398458919,0.003996873855674644,-0.018772581461010403,0.4014827424711989
2007-03-01,0.04895464272598815,0.0038906696876309407,-0.019567396868886536,0.4014827424711989
2007-03-02,0.04883513419555485,0.0037217142822832962,-0.020739354804746535,0.4014827424711989
2007-03-05,0.048771066648388824,0.0037019362784862127,-0.02094336887392846,0.4014827424711989
2007-03-06,0.04883255505944951,0.0038953811693659126,-0.020160442656281894,0.4014827424711989
2007-03-07,0.04869377073295581,0.003969541108387672,-0.021050290173882165,0.4014827424711989
2007-03-08,0.04874382434546224,0.003846540236545611,-0.020719370830900957,0.4014827424711989
2007-03-09,0.04910690660393251,0.0034733446320958177,-0.017824277316392554,0.4014827424711989
2007-03-12,0.04891798214997386,0.0036781440700657084,-0.018906359843862807,0.4014827424711989
2007-03-13,0.04907891665809045,0.003583819565665414,-0.022668858528888117,0.4014827424711989
2007-03-14,0.049351005475099595,0.0032141638645780336,-0.022078661474577113,0.4014827424711989
2007-03-15,0.049139517106303675,0.0033159316575196323,-0.020604046500110124,0.4014827424711989
2007-03-16,0.04915242100730448,0.0031851222792017887,-0.01985992490469779,0.4014827424711989
2007-03-19,0.049273362307657095,0.0030542210601459136,-0.019054559131152005,0.4014827424711989
2007-03-20,0.04928326790868333,0.00324141998659883,-0.020398139635104805,0.4014827424711989
2007-03-21,0.04957342132876406,0.0029072261937749745,-0.023038977450350513,0.4014827424711989
2007-03-22,0.05027346052085386,0.0021347069184167937,-0.02180955313027316,0.4014827424711989
2007-03-23,0.050420531922434564,0.0021319703267189596,-0.021427821109427286,0.4014827424711989
2007-03-26,0.05041118511671858,0.0020164276773472047,-0.022457976798961686,0.4014827424711989
2007-03-27,0.05064536976587248,0.0017464848715704278,-0.022193455688747022,0.4014827424711989
2007-03-28,0.05094888805626669,0.0012716894177637675,-0.02296790021766338,0.4014827424711989
2007-03-29,0.05056231200248054,0.0009906423925680548,-0.0197563950619591,0.4014827424711989
2007-03-30,0.05071599479460551,0.0008380344939318291,-0.01956625710873269,0.4014827424711989
2007-04-02,0.05076018375266263,0.0011272149550828753,-0.02025695754896799,0.4014827424711989
2007-04-03,0.050778973593776595,0.0012192984641046399,-0.019586978756182784,0.4014827424711989
2007-04-04,0.05084894396479512,0.001241632940167044,-0.02046455043199634,0.4014827424711989
2007-04-05,0.050944945765417235,0.0007665521961251406,-0.019117803468881544,0.4014827424711989
2007-04-06,0.05102309577257317,0.000669175103274031,-0.015492238709386243,0.4014827424711989
2007-04-09,0.05103066957187897,0.0005370572425727666,-0.015640031658265233,0.4014827424711989
2007-04-10,0.05092771857714513,0.0003934409111269557,-0.015849803741377594,0.4014827424711989
2007-04-11,0.050959460819191636,0.00038122153470713203,-0.0152349252280742,0.4014827424711989
2007-04-12,0.050810717066412006,0.00044379617613808176,-0.014770062647959293,0.4014827424711989
2007-04-13,0.05083671899746037,0.00023443390058717215,-0.01334929704686485,0.4014827424711989
2007-04-16,0.0504673579983197,0.0005117670137389087,-0.013099699091376139,0.4014827424711989
2007-04-17,0.050193242261264884,0.0006844410488680021,-0.014708902082439752,0.4014827424711989
2007-04-18,0.04995206861849323,0.0008551149822962644,-0.01563554489098741,0.4014827424711989
2007-04-19,0.050244140054953014,0.0004741207387396729,-0.015618761367828663,0.4014827424711989
2007-04-20,0.050371066498174584,0.0003878784689707567,-0.01592768061536613,0.4014827424711989
2007-04-23,0.05022682366174723,0.0005050919136853657,-0.016492494411265816,0.4014827424711989
2007-04-24,0.050013986563983974,0.0006796601872818045,-0.017274785891922294,0.4014827424711989
2007-04-25,0.05020982673827649,0.0005016996264256262,-0.016379002474117745,0.4014827424711989
2007-04-26,0.050432391078649885,0.00011860765569081649,-0.014954722182537426,0.4014827424711989
2007-04-27,0.05054985162774052,-0.00031889906062936707,-0.014299942534183553,0.4014827424711989
2007-04-30,0.0497464012678313,0.0002489794601265062,-0.014876108005492883,0.4014827424711989
2007-05-01,0.04949024864999597,-7.345789510006468e-05,-0.012363612669689187,0.4014827424711989
2007-05-02,0.04954354564543452,4.954790306801928e-05,-0.012387030368372944,0.4014827424711989
2007-05-03,0.04954038727554919,9.390857137613713e-05,-0.010878839997383906,0.4014827424711989
2007-05-04,0.04925388901295636,0.00040274222045467555,-0.011560436625182835,0.4014827424711989
2007-05-07,0.04909056249447559,0.0006320113043039467,-0.011567894647004513,0.4014827424711989
2007-05-08,0.04922966737231014,0.0005232722099101305,-0.012147439304891322,0.4014827424711989
2007-05-09,0.04939693735109949,5.928091703231086e-05,-0.010337709594284298,0.4014827424711989
2007-05-10,0.04954030048934756,-0.00015323170550888892,-0.01163180530404148,0.4014827424711989
2007-05-11,0.04969964975573421,-0.0005570513364276954,-0.010904936926987512,0.4014827424711989
2007-05-14,0.04962735216925706,-0.0006289849934748167,-0.009409925828729522,0.4014827424711989
2007-05-15,0.04991369042592858,-0.0008583755590835019,-0.009649502005538076,0.4014827424711989
2007-05-16,0.049828098904077356,-0.0014537446893530238,-0.008555353628718244,0.4014827424711989
2007-05-17,0.05016380357021552,-0.001254757303858772,-0.008291455398036676,0.4014827424711989
2007-05-18,0.05051181697014173,-0.0013669313632420064,-0.007329358105003399,0.4014827424711989
2007-05-21,0.05048946860007786,-0.0007520353793753023,-0.008987476996635388,0.4014827424711989
2007-05-22,0.05114334825580543,-0.0006590848262024874,-0.010497056855672647,0.4014827424711989
2007-05-23,0.05140369606049525,-0.0010950819386964638,-0.009831926629885234,0.4014827424711989
2007-05-24,0.05131047324927653,-0.0011445796576186234,-0.009378731419313634,0.4014827424711989
2007-05-25,0.05128773392107182,-0.0014038975744179397,-0.008534929389735331,0.4014827424711989
2007-05-28,0.05128773392107182,-0.0014038975744179397,-0.008534929389735331,0.4014827424711989
2007-05-29,0.05115282963845089,-0.0011931412747061988,-0.007558782353870959,0.4014827424711989
2007-05-30,0.05100735685801709,-0.001315569701730474,-0.006382938800036318,0.4014827424711989
2007-05-31,0.05057901383274229,-0.0021042761120132073,-0.0020890687181992548,0.4014827424711989
2007-06-01,0.05101819185072549,-0.0022601640448128156,-0.0014731410819508013,0.4014827424711989
2007-06-04,0.05052569059619317,-0.0017389615799129408,-0.0009207522649778799,0.4014827424711989
2007-06-05,0.050978553856720434,-0.0023379428170328836,6.375293006222822e-05,0.4014827424711989
2007-06-06,0.05126450032240488,-0.002697533926939874,-0.0012651425489490476,0.4014827424711989
2007-06-07,0.052514757571637656,-0.003989709058413839,0.00015215254509675443,0.4014827424711989
2007-06-08,0.052686170565764946,-0.0045932074139853705,0.0006035459889393031,0.4014827424711989
2007-06-11,0.05281900933644891,-0.004998568526230709,0.0013856209700683231,0.4014827424711989
2007-06-12,0.05380793844730485,-0.006342431283889342,0.003890993226024428,0.4014827424711989
2007-06-13,0.05284068319464523,-0.0057639624620097266,0.005082313675593603,0.4014827424711989
2007-06-14,0.05286970339784654,-0.006349165455329189,0.0072013010237927805,0.4014827424711989
2007-06-15,0.0524047769329491,-0.006489844695879309,0.006917079293496012,0.4014827424711989
2007-06-18,0.05263488241075777,-0.006179464298187467,0.004710757914178254,0.4014827424711989
2007-06-19,0.052192511951784315,-0.005759794123417464,0.003118763058892179,0.4014827424711989
2007-06-20,0.052589616476454715,-0.005782853622224739,0.0034320409221383764,0.4014827424711989
2007-06-21,0.05269450351310996,-0.0070244671425220406,0.005989574774376193,0.4014827424711989
2007-06-22,0.05283751439863084,-0.006597687059709433,0.0030417161381783315,0.4014827424711989
2007-06-25,0.052647071118214546,-0.00525670721941505,-0.0006462410839981163,0.4014827424711989
2007-06-26,0.052944153245948165,-0.005175009706694573,-0.0012307756886632299,0.4014827424711989
2007-06-27,0.052232136279463666,-0.0059772178819093875,0.0027919485356174864,0.4014827424711989
2007-06-28,0.051995019367506154,-0.006401517032016202,0.006351359209400968,0.4014827424711989
2007-06-29,0.051553031910684874,-0.004991399732387994,0.0016486409983257752,0.4014827424711989
2007-07-02,0.051723383601978576,-0.0032641914214493256,-0.003155744433676362,0.4014827424711989
2007-07-03,0.052460709335072804,-0.003230537050581324,-0.0046943602370006976,0.4014827424711989
2007-07-04,0.052460709335072804,-0.003230537050581324,-0.0046943602370006976,0.4014827424711989
2007-07-05,0.05326267847067313,-0.004172253758044133,-0.002198307882550179,0.4014827424711989
2007-07-06,0.053632092353650566,-0.004902076243014931,-0.001255983512790857,0.4014827424711989
2007-07-09,0.053237871329593345,-0.004347757914424849,-0.0015143953760352173,0.4014827424711989
2007-07-10,0.05252002166490291,-0.003338155276713069,-0.0056174821283674365,0.4014827424711989
2007-07-11,0.052921872056681356,-0.0038136563135290564,-0.004577492097071014,0.4014827424711989
2007-07-12,0.05308514571881416,-0.0039519546633992415,-0.0029094136916053555,0.4014827424711989
2007-07-13,0.05280333501487611,-0.0036833358632629813,-0.0029926213381668595,0.4014827424711989
2007-07-16,0.05241104181006871,-0.0029375237248579177,-0.004943371003676365,0.4014827424711989
2007-07-17,0.052614094434058276,-0.003179128383956304,-0.0042593868926361555,0.4014827424711989
2007-07-18,0.0521813469621015,-0.0027707569498729642,-0.0058712334991551434,0.4014827424711989
2007-07-19,0.05232772962928832,-0.002802945034470509,-0.0053864385760052196,0.4014827424711989
2007-07-20,0.05203777089908188,-0.0025204735514932413,-0.007979175440067725,0.4014827424711989
2007-07-23,0.05220120787163308,-0.00186523487971262,-0.009359773436230751,0.4014827424711989
2007-07-24,0.052409584169649526,-0.0014279780147424277,-0.012626246279660353,0.4014827424711989
2007-07-25,0.05235877812593835,-0.0015897132930080254,-0.012979168307605139,0.4014827424711989
2007-07-26,0.052020366327194006,-0.0017628781960153453,-0.018009781979785783,0.4014827424711989
2007-07-27,0.05194229930694568,-0.0023332722208719734,-0.01666246967036254,0.4014827424711989
2007-07-30,0.05216495358321105,-0.001771227219695518,-0.017266631634938034,0.4014827424711989
2007-07-31,0.0519191636041506,-0.0008346252733847266,-0.01959149482193858,0.4014827424711989
2007-08-01,0.05157549022853424,-0.0011642034073709537,-0.018003693758873358,0.4014827424711989
2007-08-02,0.051476879905064644,-0.0012443646431747986,-0.016541420652860413,0.4014827424711989
2007-08-03,0.05147632403630948,-0.0016978192773318976,-0.019438158001605848,0.4014827424711989
2007-08-06,0.051743553916959895,-0.0019036075342805546,-0.019915269596907616,0.4014827424711989
2007-08-07,0.05182910429017232,-0.0011487221646405213,-0.018705388992217454,0.4014827424711989
2007-08-08,0.05257326450490006,-0.0018767413245594014,-0.016962138286050806,0.4014827424711989
2007-08-09,0.05276442327387823,-0.004258014738162983,-0.017265415493293412,0.4014827424711989
2007-08-10,0.05229660063729276,-0.006147945262871404,-0.011492787889802084,0.4014827424711989
2007-08-13,0.05254862860822275,-0.004486422738595099,-0.01634872356092217,0.4014827424711989
2007-08-14,0.052532507799205215,-0.005017661386218116,-0.0177985443279548,0.4014827424711989
2007-08-15,0.052382475898941704,-0.009149232369120304,-0.013340438209841373,0.4014827424711989
2007-08-16,0.05045974928961418,-0.013575141871089713,-0.002433117454613443,0.4014827424711989
2007-08-17,0.050780087092562536,-0.014619495131317821,0.0016079264149087488,0.4014827424711989
2007-08-20,0.04941804959808533,-0.017675431240982715,0.011699206166340122,0.4014827424711989
2007-08-21,0.05078607551096244,-0.014998061276900248,-0.0017980970201966445,0.4014827424711989
2007-08-22,0.05045878640722645,-0.01469059034756666,0.0013193909761657395,0.4014827424711989
2007-08-23,0.05093573111954938,-0.011423233097279975,-0.006240530349864687,0.4014827424711989
2007-08-24,0.050871333194920994,-0.008015245135792012,-0.010529607385204282,0.4014827424711989
2007-08-27,0.05168164057280579,-0.004032415747530216,-0.021566879406374216,0.4014827424711989
2007-08-28,0.0519474826674968,-0.006199699285188553,-0.02358361950051455,0.4014827424711989
2007-08-29,0.05093552711365314,-0.00972998763375436,-0.011326133010928816,0.4014827424711989
2007-08-30,0.049980465714814834,-0.010733348951268989,-0.008171233096695575,0.4014827424711989
2007-08-31,0.050400881674180026,-0.009339078919234241,-0.01150273644160697,0.4014827424711989
2007-09-03,0.050400881674180026,-0.009339078919234241,-0.01150273644160697,0.4014827424711989
2007-09-04,0.05166031792610684,-0.005794132613185725,-0.022511050112698848,0.4014827424711989
2007-09-05,0.05115872971776213,-0.006493382552770644,-0.022992358694957683,0.4014827424711989
2007-09-06,0.05086455425092411,-0.006971124890043184,-0.019347554715410165,0.4014827424711989
2007-09-07,0.05000082979959994,-0.00843404538635598,-0.01956626344274592,0.4014827424711989
2007-09-10,0.04924601117116243,-0.008417814441786015,-0.01776248807483348,0.4014827424711989
2007-09-11,0.04921744081945799,-0.0069662236912654465,-0.01804347416811902,0.4014827424711989
2007-09-12,0.04936940067861043,-0.008240948655379202,-0.015275226762628743,0.4014827424711989
2007-09-13,0.049712953400939036,-0.008147534017539803,-0.01262877483247957,0.4014827424711989
2007-09-14,0.04925977967991524,-0.008813231483590696,-0.010728621390536309,0.4014827424711989
2007-09-17,0.04905831909216899,-0.007960454976308156,-0.010253218747454364,0.4014827424711989
2007-09-18,0.05012192587835602,-0.009997705063818639,-0.012420269072020401,0.4014827424711989
2007-09-19,0.05038302052015205,-0.011603154667221192,-0.009688157375709721,0.4014827424711989
2007-09-20,0.051155919475606486,-0.01366963551699704,-0.0034579001612429004,0.4014827424711989
2007-09-21,0.05023600161403814,-0.01376103684474254,-0.0010107700096912476,0.4014827424711989
2007-09-24,0.05039017808212172,-0.013119919583909328,-0.0031620280239954175,0.4014827424711989
2007-09-25,0.05073351306607117,-0.013786452081602537,-0.004787582301792838,0.4014827424711989
2007-09-26,0.050771483603617856,-0.014413537762287144,-0.0037830404139079666,0.4014827424711989
2007-09-27,0.05022613444442626,-0.013618799025827563,-0.00486953723602927,0.4014827424711989
2007-09-28,0.050370517003432605,-0.012827306505049908,-0.0065933473250212125,0.4014827424711989
2007-10-01,0.04983195003575706,-0.011358742160407513,-0.006816691390005418,0.4014827424711989
2007-10-02,0.04999270282015307,-0.010868219411512423,-0.009757585512986154,0.4014827424711989
2007-10-03,0.05002494756914082,-0.010806742870102547,-0.008683368814725548,0.4014827424711989
2007-10-04,0.04980221352684628,-0.010760702335971149,-0.008483027133620029,0.4014827424711989
2007-10-05,0.05065317217754445,-0.011637589548468863,-0.006171359642563132,0.4014827424711989
2007-10-08,0.05065317217754445,-0.011637589548468863,-0.006171359642563132,0.4014827424711989
2007-10-09,0.05050710568525917,-0.010512938625779756,-0.0060135825688789266,0.4014827424711989
2007-10-10,0.05054527191950589,-0.010212638041291572,-0.007033102111277209,0.4014827424711989
2007-10-11,0.051183774978794734,-0.009955838628515725,-0.0106935069200072,0.4014827424711989
2007-10-12,0.051422188356642036,-0.009282589129850475,-0.010400674001316262,0.4014827424711989
2007-10-15,0.051755692498194526,-0.008384586422070387,-0.013782086936044213,0.4014827424711989
2007-10-16,0.05190678784567478,-0.009305182078234704,-0.01509234042674984,0.4014827424711989
2007-10-17,0.05072924006374391,-0.01096882251893707,-0.01165961390026176,0.4014827424711989
2007-10-18,0.049555265461644085,-0.012972325558539742,-0.0049770822500530615,0.4014827424711989
2007-10-19,0.049381193173297235,-0.01140004056361217,-0.012270689611948295,0.4014827424711989
2007-10-22,0.04952459578689726,-0.009878342698863393,-0.014530068646827165,0.4014827424711989
2007-10-23,0.050227787505248166,-0.00961716656190068,-0.018975999830039097,0.4014827424711989
2007-10-24,0.049659300514467264,-0.010453001794937097,-0.017777565982900714,0.4014827424711989
2007-10-25,0.05006353798563615,-0.010120701461964036,-0.019792915773940507,0.4014827424711989
2007-10-26,0.05037761936837065,-0.010105452883271707,-0.019928719157018687,0.4014827424711989
2007-10-29,0.04993799210051397,-0.009362711316287778,-0.01901827773925974,0.4014827424711989
2007-10-30,0.050103790029071685,-0.009559093752864007,-0.018917699516079464,0.4014827424711989
2007-10-31,0.0503410807922779,-0.00997873249301167,-0.015384036753745637,0.4014827424711989
2007-11-01,0.04960070442945374,-0.010483156351824362,-0.017051265300780924,0.4014827424711989
2007-11-02,0.04940096446733661,-0.012129504946653255,-0.016819763511600354,0.4014827424711989
2007-11-05,0.049746551752058527,-0.011078834321595302,-0.018602262167047138,0.4014827424711989
2007-11-06,0.05031609582148522,-0.011185732403483771,-0.020080730222319553,0.4014827424711989
2007-11-07,0.050480510109856915,-0.013496648499561812,-0.01942214266828639,0.4014827424711989
2007-11-08,0.05077005517484436,-0.015109351982725273,-0.021532802702189914,0.4014827424711989
2007-11-09,0.04986760121501375,-0.015241860132820317,-0.019161714596007524,0.4014827424711989
2007-11-12,0.04986760121501375,-0.015241860132820317,-0.019161714596007524,0.4014827424711989
2007-11-13,0.04996536356987697,-0.01298639690949369,-0.021208886989439443,0.4014827424711989
2007-11-14,0.05006375888024836,-0.013152601598698212,-0.020914013560385317,0.4014827424711989
2007-11-15,0.04994028604009133,-0.014208571285227845,-0.024598083049908424,0.4014827424711989
2007-11-16,0.05000974067882026,-0.013688499435305996,-0.02692599702653585,0.4014827424711989
2007-11-19,0.049985447172670415,-0.01372982917667033,-0.031064449488653948,0.4014827424711989
2007-11-20,0.05015195923182823,-0.015215198817215152,-0.03040644407645357,0.4014827424711989
2007-11-21,0.05029585005288466,-0.01667502879769156,-0.032537930457787315,0.4014827424711989
2007-11-22,0.05029585005288466,-0.01667502879769156,-0.032537930457787315,0.4014827424711989
2007-11-23,0.04978449254037358,-0.014925977934686644,-0.03211941586924802,0.4014827424711989
2007-11-26,0.048149229119845316,-0.014004250526970963,-0.033966080475550824,0.4014827424711989
2007-11-27,0.04911105055499495,-0.014338429759514121,-0.03245043838146247,0.4014827424711989
2007-11-28,0.04872542290755399,-0.015134225382863235,-0.024730640597722474,0.4014827424711989
2007-11-29,0.048149017408319665,-0.015509094904648264,-0.02525142768619413,0.4014827424711989
2007-11-30,0.04942133906171428,-0.014933830870790553,-0.03154986445050097,0.4014827424711989
2007-12-03,0.049275839807401245,-0.01555948386621073,-0.03463577254263535,0.4014827424711989
2007-12-04,0.04876059909603876,-0.016770740677474964,-0.030093433183984327,0.4014827424711989
2007-12-05,0.04937892458850437,-0.01730206254377129,-0.031203812652427245,0.4014827424711989
2007-12-06,0.049964787993606964,-0.01800046347268744,-0.02773546831319088,0.4014827424711989
2007-12-07,0.05059136792594284,-0.018858393289987525,-0.02446731985299473,0.4014827424711989
2007-12-10,0.05058682973271655,-0.01905984759310598,-0.022725845306048275,0.4014827424711989
2007-12-11,0.04973592497379236,-0.019430812224890293,-0.026580159007811386,0.4014827424711989
2007-12-12,0.04953694090228219,-0.01946044976928633,-0.021845077692540144,0.4014827424711989
2007-12-13,0.05001365501239848,-0.020793591254919648,-0.016353542053354857,0.4014827424711989
2007-12-14,0.04999668812949381,-0.021067442496838677,-0.012328365508240697,0.4014827424711989
2007-12-17,0.05021889465300408,-0.019400276623256177,-0.01828009610986028,0.4014827424711989
2007-12-18,0.04948504493912512,-0.01889443607083544,-0.01824684654677078,0.4014827424711989
2007-12-19,0.04853065886469066,-0.01885170884050704,-0.017244565712055144,0.4014827424711989
2007-12-20,0.04818256800273107,-0.0196703282466286,-0.01513432569561933,0.4014827424711989
2007-12-21,0.04929250051734082,-0.020168558997188786,-0.013629676185649175,0.4014827424711989
2007-12-24,0.05026488671455961,-0.01814130463739373,-0.018962652187921532,0.4014827424711989
2007-12-25,0.05026488671455961,-0.01814130463739373,-0.018962652187921532,0.4014827424711989
2007-12-26,0.05111347801077089,-0.01795288313117055,-0.020378894899722118,0.4014827424711989
2007-12-27,0.05022034041640826,-0.01876316980786872,-0.018626738369169647,0.4014827424711989
2007-12-28,0.0490898980741052,-0.01847890298261798,-0.018415777883241644,0.4014827424711989
2007-12-31,0.04905799533457017,-0.016845856284489532,-0.023982487103252174,0.4014827424711989
2008-01-01,0.04905799533457017,-0.016845856284489532,-0.023982487103252174,0.4014827424711989
2008-01-02,0.049069156599588167,-0.016311130868205754,-0.032016283048624083,0.4014827424711989
2008-01-03,0.04970345447321321,-0.01671757488047135,-0.03478881935816235,0.4014827424711989
2008-01-04,0.05012716804373612,-0.017273666476109423,-0.038414914057099146,0.4014827424711989
2008-01-07,0.049857236537936334,-0.016275104308905892,-0.03921926813215937,0.4014827424711989
2008-01-08,0.05009079617715899,-0.0165038326775894,-0.039744718899822486,0.4014827424711989
2008-01-09,0.050044555684948935,-0.01652379818666563,-0.04202105517498713,0.4014827424711989
2008-01-10,0.05151212363284802,-0.017918936260432203,-0.04292844602351675,0.4014827424711989
2008-01-11,0.051072190117172483,-0.018896287700521253,-0.04371969609990245,0.4014827424711989
2008-01-14,0.050904207814362154,-0.018570823220395168,-0.04358544265269897,0.4014827424711989
2008-01-15,0.04991888117361044,-0.017811207245789672,-0.04387696713222276,0.4014827424711989
2008-01-16,0.05046161541408417,-0.018499541506446684,-0.04455196286975918,0.4014827424711989
2008-01-17,0.049826483924231633,-0.018364945012596903,-0.04561214763390936,0.4014827424711989
2008-01-18,0.04983571532492497,-0.02130662691036568,-0.041629662759974505,0.4014827424711989
2008-01-21,0.04983571532492497,-0.02130662691036568,-0.041629662759974505,0.4014827424711989
2008-01-22,0.049507286308647376,-0.02598705824939508,-0.04064543978431287,0.4014827424711989
2008-01-23,0.0492829212405368,-0.02715878191008792,-0.03798312733033347,0.4014827424711989
2008-01-24,0.0503643997386748,-0.026666611637683933,-0.035702521100029284,0.4014827424711989
2008-01-25,0.049247095225693406,-0.02649473585686199,-0.03328170171966217,0.4014827424711989
2008-01-28,0.04955286187743121,-0.026657677505406527,-0.03478950529965134,0.4014827424711989
2008-01-29,0.04981844270629703,-0.027196381307254214,-0.03206338495564427,0.4014827424711989
2008-01-30,0.050469206642712955,-0.029292227384007517,-0.02773122111642346,0.4014827424711989
2008-01-31,0.049452057080708677,-0.030893409078215625,-0.026181669719086635,0.4014827424711989
2008-02-01,0.049609181216237794,-0.02974995522771335,-0.03113010129244441,0.4014827424711989
2008-02-04,0.05106395175799075,-0.028863524782567727,-0.037767619096689936,0.4014827424711989
2008-02-05,0.051341234033470316,-0.029307032278015885,-0.042803551393169804,0.4014827424711989
2008-02-06,0.051469769539736115,-0.03020201198687502,-0.04100631733891862,0.4014827424711989
2008-02-07,0.053113816127254965,-0.031417788810043965,-0.041391949252150645,0.4014827424711989
2008-02-08,0.05256865861574076,-0.030334019314413284,-0.04487022790991249,0.4014827424711989
2008-02-11,0.05248583274195469,-0.02947790857339437,-0.046702258036697385,0.4014827424711989
2008-02-12,0.05331992683211655,-0.029620682962234718,-0.048775604724340574,0.4014827424711989
2008-02-13,0.054118293421262245,-0.03078227888193076,-0.049778732373596424,0.4014827424711989
2008-02-14,0.05591170564597131,-0.032576001019949945,-0.04988479727832771,0.4014827424711989
2008-02-15,0.05465061852263859,-0.03215156935359175,-0.047612444166936954,0.4014827424711989
2008-02-18,0.05465061852263859,-0.03215156935359175,-0.047612444166936954,0.4014827424711989
2008-02-19,0.05488616788348124,-0.03230317399985295,-0.04234747406673784,0.4014827424711989
2008-02-20,0.05427858934885807,-0.03177682215234101,-0.03784468641339557,0.4014827424711989
2008-02-21,0.05372706524282607,-0.031479142125087574,-0.04344975010693434,0.4014827424711989
2008-02-22,0.05411925380188972,-0.03179009981034177,-0.04377813361527484,0.4014827424711989
2008-02-25,0.05455653584182097,-0.03247730935617959,-0.03874498222834433,0.4014827424711989
2008-02-26,0.0548124990702657,-0.03301065255168122,-0.04111219676301635,0.4014827424711989
2008-02-27,0.05454531880221227,-0.03397957766525089,-0.03969300102406324,0.4014827424711989
2008-02-28,0.05369271347426179,-0.0339241846558463,-0.04207501473165742,0.4014827424711989
2008-02-29,0.053022224019259497,-0.033572042185013744,-0.04840438246063026,0.4014827424711989
2008-03-03,0.05306011010092518,-0.03453846019605423,-0.047351685263888166,0.4014827424711989
2008-03-04,0.05421265241513514,-0.03594604643468247,-0.04752632527882356,0.4014827424711989
2008-03-05,0.054893503532615,-0.037601673347629906,-0.04496277437845015,0.4014827424711989
2008-03-06,0.054810745806275284,-0.03904858474197203,-0.04610386134017913,0.4014827424711989
2008-03-07,0.05448797690030461,-0.03890186945134645,-0.046569115399621296,0.4014827424711989
2008-03-10,0.05343512852451386,-0.03857079375813133,-0.04649000899743229,0.4014827424711989
2008-03-11,0.053446117348963956,-0.03704387874069269,-0.0407633432995619,0.4014827424711989
2008-03-12,0.05217845096579815,-0.036508892405409055,-0.04117093653292257,0.4014827424711989
2008-03-13,0.05277594193545232,-0.038331424796420946,-0.038692787201096604,0.4014827424711989
2008-03-14,0.05152172380409326,-0.03953154129361729,-0.03750322129100462,0.4014827424711989
2008-03-17,0.05128426565663167,-0.03948346001104957,-0.041207633025946135,0.4014827424711989
2008-03-18,0.05009909439076691,-0.04100327458335976,-0.026143970074470772,0.4014827424711989
2008-03-19,0.04788028403226048,-0.041915444182584374,-0.017943171428880557,0.4014827424711989
2008-03-20,0.047186571943423336,-0.040801926020468685,-0.0173525866958589,0.4014827424711989
2008-03-21,0.047186571943423336,-0.040801926020468685,-0.0173525866958589,0.4014827424711989
2008-03-24,0.04872946106546122,-0.03798987866637265,-0.018209305829544557,0.4014827424711989
2008-03-25,0.049854245346545416,-0.03590928210585783,-0.029278515913817717,0.4014827424711989
2008-03-26,0.05049263416395117,-0.03717324285870077,-0.0314341838205086,0.4014827424711989
2008-03-27,0.051023033152990636,-0.03787902826801322,-0.030556672921945312,0.4014827424711989
2008-03-28,0.05070008782241592,-0.037311962282667935,-0.033470341529363096,0.4014827424711989
2008-03-31,0.050503194186388975,-0.03714835010161674,-0.0340931718532636,0.4014827424711989
2008-04-01,0.05139094303747502,-0.03686855559313436,-0.032502059238855234,0.4014827424711989
2008-04-02,0.05074511417078663,-0.0362272486729588,-0.02853788808780655,0.4014827424711989
2008-04-03,0.05077549287297531,-0.036283787065319366,-0.027656739223045644,0.4014827424711989
2008-04-04,0.05001574953604127,-0.035841399137821035,-0.029439115701692123,0.4014827424711989
2008-04-07,0.049889415773082896,-0.035572299819433904,-0.025160936811851636,0.4014827424711989
2008-04-08,0.05015852493341949,-0.03639369522220509,-0.02582045476602472,0.4014827424711989
2008-04-09,0.049415944606910775,-0.037145384578565456,-0.025387923213098424,0.4014827424711989
2008-04-10,0.04931314125692302,-0.0377116816443859,-0.021339235625677883,0.4014827424711989
2008-04-11,0.04901713082262832,-0.03821443275564655,-0.022350254330478637,0.4014827424711989
2008-04-14,0.049320502698599666,-0.0390856001660755,-0.020700280771676193,0.4014827424711989
2008-04-15,0.04980801811564964,-0.03962466445912485,-0.01881460349035647,0.4014827424711989
2008-04-16,0.050590389214590685,-0.04017742830310632,-0.015596037945707545,0.4014827424711989
2008-04-17,0.050032695332143974,-0.03893969726922329,-0.012198762436646365,0.4014827424711989
2008-04-18,0.04977746649107297,-0.03785703444905624,-0.011517268582185793,0.4014827424711989
2008-04-21,0.049226251765540595,-0.03735144601988735,-0.010286714705662366,0.4014827424711989
2008-04-22,0.04845846265949113,-0.03773005092723714,-0.005659004415723515,0.4014827424711989
2008-04-23,0.048882127128185425,-0.03802518711429174,-0.006284208936917516,0.4014827424711989
2008-04-24,0.04888331913225285,-0.03804539747180892,-0.0007081314636472671,0.4014827424711989
2008-04-25,0.04938661178623681,-0.03809533019913827,-0.0008332260429859371,0.4014827424711989
2008-04-28,0.04950175748192051,-0.03725094831871284,-0.005234832717918645,0.4014827424711989
2008-04-29,0.049960584241976067,-0.0362448496487302,-0.010114375967002232,0.4014827424711989
2008-04-30,0.049274528398138874,-0.03636153411483179,-0.010079237105672044,0.4014827424711989
2008-05-01,0.0490298133548721,-0.03547393544052215,-0.00918794109707078,0.4014827424711989
2008-05-02,0.04962164142153377,-0.03605408990050405,-0.006371037995054165,0.4014827424711989
2008-05-05,0.0500996053537033,-0.03585683863384307,-0.009686206346474366,0.4014827424711989
2008-05-06,0.05138891009604594,-0.036135130375516855,-0.013929511594553929,0.4014827424711989
2008-05-07,0.05139548416624112,-0.03576645969362447,-0.016954781903395687,0.4014827424711989
2008-05-08,0.050633513308295595,-0.03500493673755479,-0.01864897708951331,0.4014827424711989
2008-05-09,0.050686636237030014,-0.03472935793639137,-0.019511477460426023,0.4014827424711989
2008-05-12,0.05067594441952431,-0.03345553931138629,-0.020613309515741952,0.4014827424711989
2008-05-13,0.05121150358969766,-0.03345510172675134,-0.01711507038202062,0.4014827424711989
2008-05-14,0.05100892992882833,-0.03329842928942904,-0.014895491792580864,0.4014827424711989
2008-05-15,0.05046461139065336,-0.032614162621362956,-0.017582978440658932,0.4014827424711989
2008-05-16,0.05066847397385036,-0.03275142917650748,-0.01730893249313687,0.4014827424711989
2008-05-19,0.050739366041510324,-0.03260725761246885,-0.019256573485321865,0.4014827424711989
2008-05-20,0.05087223112407221,-0.03230108483528564,-0.02288513181429671,0.4014827424711989
2008-05-21,0.0505895799958255,-0.03220651980466103,-0.019702890053824425,0.4014827424711989
2008-05-22,0.05091402815743274,-0.032498271421654325,-0.015101855637785254,0.4014827424711989
2008-05-23,0.05058072756502858,-0.032264925544824574,-0.0175422730420014,0.4014827424711989
2008-05-26,0.05058072756502858,-0.032264925544824574,-0.0175422730420014,0.4014827424711989
2008-05-27,0.05120417644561735,-0.03293191536879737,-0.015333532495979671,0.4014827424711989
2008-05-28,0.051806804641013844,-0.03290396806010941,-0.014078006725710506,0.4014827424711989
2008-05-29,0.05228374484219983,-0.033888775280050125,-0.012815880180687435,0.4014827424711989
2008-05-30,0.05173937767844099,-0.03324253713091685,-0.011825855108832373,0.4014827424711989
2008-06-02,0.05175808949020692,-0.03340707186507743,-0.01591800945402093,0.4014827424711989
2008-06-03,0.05147952944346011,-0.03293637239417823,-0.018119313718542557,0.4014827424711989
2008-06-04,0.05222594181680841,-0.0342277900210346,-0.016954504802455805,0.4014827424711989
2008-06-05,0.052470435817084,-0.034815306407623856,-0.014210798383664198,0.4014827424711989
2008-06-06,0.051697192267369886,-0.033980323283579354,-0.017230785256179253,0.4014827424711989
2008-06-09,0.05009876378780053,-0.031955417752591295,-0.006512770592843347,0.4014827424711989
2008-06-10,0.0503672672518715,-0.030546976950362018,-0.004556158512938341,0.4014827424711989
2008-06-11,0.05068253443179845,-0.031564128462443705,-0.0055999105837286536,0.4014827424711989
2008-06-12,0.05043264886323843,-0.031058461789652703,0.0013015710622289699,0.4014827424711989
2008-06-13,0.05050821047343331,-0.031427501649503295,0.0032340253013919545,0.4014827424711989
2008-06-16,0.05050376324988097,-0.030614250152288917,0.0011843653141905327,0.4014827424711989
2008-06-17,0.05095179059884399,-0.031849117315624315,-0.0007446709969865812,0.4014827424711989
2008-06-18,0.05015697780973205,-0.03176111406392553,-0.00041613790685719916,0.4014827424711989
2008-06-19,0.05002311983420471,-0.03224099658819436,0.004402547106550496,0.4014827424711989
2008-06-20,0.04976144545049846,-0.03262895504433903,0.002581266511530903,0.4014827424711989
2008-06-23,0.04933700215527851,-0.03180883163567652,0.005652522189418819,0.4014827424711989
2008-06-24,0.04913546626580853,-0.031582781405766064,0.0016806193962099446,0.4014827424711989
2008-06-25,0.0493122599102767,-0.03239096330154026,0.002295744956359891,0.4014827424711989
2008-06-26,0.04941291551271499,-0.033092204040417426,-0.0008135123197226847,0.4014827424711989
2008-06-27,0.04823082667259358,-0.0326849238654886,0.0007688859727629591,0.4014827424711989
2008-06-30,0.049036810243535595,-0.03133589437649444,-0.005655018678158949,0.4014827424711989
2008-07-01,0.049720737702604816,-0.030936001653731893,-0.009413632122301131,0.4014827424711989
2008-07-02,0.04930572622221024,-0.031004074956596843,-0.008603339696694558,0.4014827424711989
2008-07-03,0.049833201732008406,-0.03153715388859377,-0.010909536195041926,0.4014827424711989
2008-07-04,0.049833201732008406,-0.03153715388859377,-0.010909536195041926,0.4014827424711989
2008-07-07,0.049751526401530945,-0.03150925900094372,-0.0125331000764472,0.4014827424711989
2008-07-08,0.04925026351512121,-0.030784556736299047,-0.012884662589302594,0.4014827424711989
2008-07-09,0.048997339487084325,-0.03084853199665375,-0.014372344028227391,0.4014827424711989
2008-07-10,0.04826018971302901,-0.03203184955434691,-0.00897313544759875,0.4014827424711989
2008-07-11,0.04851473593612682,-0.032999062891627746,-0.002229451769655986,0.4014827424711989
2008-07-14,0.04835026957939757,-0.033239804255119194,-0.00431002508507875,0.4014827424711989
2008-07-15,0.048927593464389504,-0.034015737409382,-0.00795657222073336,0.4014827424711989
2008-07-16,0.04997243429193408,-0.035761749323139164,-0.005910657728460905,0.4014827424711989
2008-07-17,0.04994834208541497,-0.03580454099217694,-0.0005983203316589029,0.4014827424711989
2008-07-18,0.04968340641986578,-0.035690277093752054,0.0025751628737636385,0.4014827424711989
2008-07-21,0.04944036589038643,-0.03514878486854368,0.002270830933385119,0.4014827424711989
2008-07-22,0.049803609396081736,-0.034617049702352826,0.0021799550977072042,0.4014827424711989
2008-07-23,0.04993540068531875,-0.03429934886309418,0.0025054684848365635,0.4014827424711989
2008-07-24,0.04989689014576051,-0.033629444972667136,-0.004755687683175261,0.4014827424711989
2008-07-25,0.05074419873111429,-0.033882720824340316,-0.004079908505838041,0.4014827424711989
2008-07-28,0.050504555008860336,-0.03385373018235519,-0.006942563298757585,0.4014827424711989
2008-07-29,0.050364507074399406,-0.033421720194083494,-0.00531351095363414,0.4014827424711989
2008-07-30,0.05028315015354789,-0.03381755151141709,-0.005133464404649901,0.4014827424711989
2008-07-31,0.05003071331774908,-0.033958329919906625,-0.007676673900173326,0.4014827424711989
2008-08-01,0.04979741040722288,-0.03393374847772142,-0.00750458947803817,0.4014827424711989
2008-08-04,0.05006513371031622,-0.03326864511069706,-0.009326321743070236,0.4014827424711989
2008-08-05,0.050836922892310475,-0.03367923945967103,-0.010398860154686334,0.4014827424711989
2008-08-06,0.05092074677096547,-0.03505957030470415,-0.007194253092117556,0.4014827424711989
2008-08-07,0.05000410448576557,-0.033957376965151345,-0.01085109470042578,0.4014827424711989
2008-08-08,0.04971245270797105,-0.03315379100606124,-0.009395664535449178,0.4014827424711989
2008-08-11,0.05056772800635221,-0.032560870590817276,-0.011773884845368447,0.4014827424711989
2008-08-12,0.05034377180554788,-0.03244737573171304,-0.015014616344519477,0.4014827424711989
2008-08-13,0.050502929671429615,-0.03258513177787023,-0.013978926036311949,0.4014827424711989
2008-08-14,0.050068944471938534,-0.032158674740685705,-0.015098011814061889,0.4014827424711989
2008-08-15,0.049571499146279875,-0.03190862011487717,-0.015297986404605168,0.4014827424711989
2008-08-18,0.0494544920276764,-0.031511573168047494,-0.016857129299251428,0.4014827424711989
2008-08-19,0.05002710739550483,-0.03212268990241229,-0.01840784419480325,0.4014827424711989
2008-08-20,0.04968962692855022,-0.03259873410170447,-0.0184949625525318,0.4014827424711989
2008-08-21,0.04964641482135025,-0.03252212835095629,-0.015762336959369325,0.4014827424711989
2008-08-22,0.04912412152866458,-0.03228284953309028,-0.011626692962461183,0.4014827424711989
2008-08-25,0.048713739518430846,-0.03169608587715167,-0.014463560667559817,0.4014827424711989
2008-08-26,0.04857224535356465,-0.03156124209520388,-0.013411273595111491,0.4014827424711989
2008-08-27,0.048426021444122225,-0.03192378995045348,-0.013554061850442497,0.4014827424711989
2008-08-28,0.04824990198233079,-0.03130464152910965,-0.012009276450846469,0.4014827424711989
2008-08-29,0.04905022612864944,-0.032225606459274976,-0.013122531038352992,0.4014827424711989
2008-09-01,0.04905022612864944,-0.032225606459274976,-0.013122531038352992,0.4014827424711989
2008-09-02,0.0485811344834717,-0.03173202559170962,-0.015730604759745838,0.4014827424711989
2008-09-03,0.04814620978968847,-0.031662320959445864,-0.01564573722138815,0.4014827424711989
2008-09-04,0.047819029832311004,-0.031328292235734606,-0.017696603549787936,0.4014827424711989
2008-09-05,0.0475822322971966,-0.03126150272051507,-0.015679433809007416,0.4014827424711989
2008-09-08,0.04719282497199699,-0.03049417876146778,-0.014115683780620596,0.4014827424711989
2008-09-09,0.046751913441984976,-0.030327520674705642,-0.014975804616923938,0.4014827424711989
2008-09-10,0.047180974194866554,-0.03089457212984184,-0.015320758483535372,0.4014827424711989
2008-09-11,0.047012634865744606,-0.031149554950195973,-0.015418970674188136,0.4014827424711989
2008-09-12,0.047857496632549,-0.03320457077504703,-0.01151614462538239,0.4014827424711989
2008-09-15,0.045672818756938,-0.03718391004995251,-0.009163309360329622,0.4014827424711989
2008-09-16,0.044327108160969624,-0.03711156524382815,-0.0014866932201246328,0.4014827424711989
2008-09-17,0.04452394712691972,-0.04211272312878233,0.0009145178274283274,0.4014827424711989
2008-09-18,0.04509816495442502,-0.04224236994945257,0.003470730705143985,0.4014827424711989
2008-09-19,0.04724135655792743,-0.03756174286008974,-6.016113717937678e-05,0.4014827424711989
2008-09-22,0.04835961605962603,-0.03707228692220544,-0.004435053323839615,0.4014827424711989
2008-09-23,0.047637214210900065,-0.04019680589529849,0.0043379292421081555,0.4014827424711989
2008-09-24,0.04744199445021519,-0.0421193460340976,0.004814700463047012,0.4014827424711989
2008-09-25,0.04724897476851386,-0.03997900808638725,0.006429910656392115,0.4014827424711989
2008-09-26,0.04692876093902074,-0.040287576534559784,0.006495645438525764,0.4014827424711989
2008-09-29,0.046163771846967204,-0.03929904630581917,-0.005390012084397623,0.4014827424711989
2008-09-30,0.04836278500545624,-0.038186823021164294,-0.006334995802658132,0.4014827424711989
2008-10-01,0.04739588540659214,-0.03908175457040752,-0.005220633388042361,0.4014827424711989
2008-10-02,0.04703474274695047,-0.042024271212710934,-0.005181216233983813,0.4014827424711989
2008-10-03,0.046568472926363465,-0.04238880761307395,-0.004104763960184546,0.4014827424711989
2008-10-06,0.04597753963394085,-0.04152966122038757,-0.010212279251476768,0.4014827424711989
2008-10-07,0.046754490615008,-0.040406822804228394,-0.01515595364663206,0.4014827424711989
2008-10-08,0.04700082754927053,-0.04252402068857267,-0.004281799301066105,0.4014827424711989
2008-10-09,0.047683691763088995,-0.043774161803868034,-0.001781764443556516,0.4014827424711989
2008-10-10,0.047761271456736094,-0.046576901747068786,0.0018149339215539507,0.4014827424711989
2008-10-13,0.047761271456736094,-0.046576901747068786,0.0018149339215539507,0.4014827424711989
2008-10-14,0.048592497685132116,-0.04671325201646197,0.006945418863578927,0.4014827424711989
2008-10-15,0.049178838038900295,-0.04808916048236381,0.0028572648260462713,0.4014827424711989
2008-10-16,0.0496176327073766,-0.04627914266203667,-0.0030186495149782493,0.4014827424711989
2008-10-17,0.05075145730765538,-0.045681648963012744,-0.008450612727408166,0.4014827424711989
2008-10-20,0.050253705404161644,-0.040283788761781146,-0.014963819072785055,0.4014827424711989
2008-10-21,0.05008359759593756,-0.039712774345859715,-0.021156937861102523,0.4014827424711989
2008-10-22,0.04867042001118172,-0.03918995995706227,-0.019612045253064647,0.4014827424711989
2008-10-23,0.04731915280944716,-0.039086806438362334,-0.014681301156458219,0.4014827424711989
2008-10-24,0.048501272784685585,-0.04117202689710623,-0.012921298453216486,0.4014827424711989
2008-10-27,0.04834993918557871,-0.04160586699986478,-0.010718844316618813,0.4014827424711989
2008-10-28,0.04927514937786179,-0.042862290759545986,-0.009926472168716748,0.4014827424711989
2008-10-29,0.050456709626909076,-0.04518522701209803,-0.010968725756390808,0.4014827424711989
2008-10-30,0.050543617610043,-0.04753661359494757,-0.005067000815631757,0.4014827424711989
2008-10-31,0.05149068026438484,-0.04846572390616311,-0.007744224079215811,0.4014827424711989
2008-11-03,0.052027817335762894,-0.04805192013152572,-0.013780445117374987,0.4014827424711989
2008-11-04,0.050757616332219035,-0.04634450751571714,-0.016691129295209377,0.4014827424711989
2008-11-05,0.04943544770930962,-0.04620929597464464,-0.013298827382135238,0.4014827424711989
2008-11-06,0.050217134842369796,-0.04759998873207757,-0.014578998415336192,0.4014827424711989
2008-11-07,0.05057126157054859,-0.04816210342743926,-0.01186926191444903,0.4014827424711989
2008-11-10,0.049934382509052244,-0.04752195564265204,-0.011340618934763,0.4014827424711989
2008-11-11,0.049934382509052244,-0.04752195564265204,-0.011340618934763,0.4014827424711989
2008-11-12,0.04996674440853324,-0.04835288138779194,-0.014423155836672618,0.4014827424711989
2008-11-13,0.05171250432026638,-0.04931175354853786,-0.016664940804320735,0.4014827424711989
2008-11-14,0.0502163876899688,-0.04804606871147571,-0.01662563861325907,0.4014827424711989
2008-11-17,0.049974758008950786,-0.048222984873017405,-0.016108970548770946,0.4014827424711989
2008-11-18,0.049321919037893514,-0.04732408874959476,-0.019247774179621494,0.4014827424711989
2008-11-19,0.047492916920014366,-0.045901915562685455,-0.01931814000272511,0.4014827424711989
2008-11-20,0.04384770484259286,-0.042895098506794446,-0.01746028361106717,0.4014827424711989
2008-11-21,0.04410055571517871,-0.043761785835862856,-0.013337589920355957,0.4014827424711989
2008-11-24,0.04413226935820308,-0.043509686645237945,-0.006675223946287616,0.4014827424711989
2008-11-25,0.04268000246821042,-0.041660698948353864,-0.010933681586027415,0.4014827424711989
2008-11-26,0.0415978809018972,-0.04091674341177397,-0.010372744176041403,0.4014827424711989
2008-11-27,0.0415978809018972,-0.04091674341177397,-0.010372744176041403,0.4014827424711989
2008-11-28,0.04108229431251037,-0.04055506519721205,-0.012203870617275736,0.4014827424711989
2008-12-01,0.039044686626657006,-0.03783346720849368,-0.015931944992079988,0.4014827424711989
2008-12-02,0.03861045659775758,-0.037637176893877605,-0.01611262155539757,0.4014827424711989
2008-12-03,0.03865534634717054,-0.038093075721439676,-0.017144442148802636,0.4014827424711989
2008-12-04,0.037530411518064494,-0.03725217138159227,-0.01763491248915101,0.4014827424711989
2008-12-05,0.03762198308428735,-0.0379257486426554,-0.01188150954302531,0.4014827424711989
2008-12-08,0.0379759132668989,-0.0383837553876406,-0.009629499689289915,0.4014827424711989
2008-12-09,0.03740568625571835,-0.03756706975428409,-0.013752902596947485,0.4014827424711989
2008-12-10,0.03758172491972989,-0.03814237177807157,-0.012386462992680947,0.4014827424711989
2008-12-11,0.03761077386624963,-0.03790000014336146,-0.015395542132988608,0.4014827424711989
2008-12-12,0.03781284216082616,-0.037924934649349845,-0.017017043381375246,0.4014827424711989
2008-12-15,0.03686221753915761,-0.036799154591578384,-0.01699950148926103,0.4014827424711989
2008-12-16,0.03591976694968028,-0.035522310562913335,-0.021087958473703077,0.4014827424711989
2008-12-17,0.032951007913358636,-0.03281073243012944,-0.0148205230305532,0.4014827424711989
2008-12-18,0.03134999069438274,-0.03139068326333123,-0.014451172699794033,0.4014827424711989
2008-12-19,0.031210922933385996,-0.03152592804969942,-0.010922633293893895,0.4014827424711989
2008-12-22,0.031267241258239056,-0.03136739465398951,-0.00895384417135163,0.4014827424711989
2008-12-23,0.031270470294725655,-0.0315873992044557,-0.006322997632869611,0.4014827424711989
2008-12-24,0.03129242398787889,-0.031863037372436356,-0.005529017416193783,0.4014827424711989
2008-12-25,0.03129242398787889,-0.031863037372436356,-0.005529017416193783,0.4014827424711989
2008-12-26,0.03118170609319102,-0.031554111045800345,-0.006993769005164143,0.4014827424711989
2008-12-29,0.032126363929726925,-0.032051136387627736,-0.012418473226655822,0.4014827424711989
2008-12-30,0.03164419034115592,-0.0312510719650058,-0.012482549297213433,0.4014827424711989
2008-12-31,0.033300117901114805,-0.032949664983006006,-0.012737591054970574,0.4014827424711989
2009-01-01,0.033300117901114805,-0.032949664983006006,-0.012737591054970574,0.4014827424711989
2009-01-02,0.03459604785814655,-0.034927103400338395,-0.007927699161775957,0.4014827424711989
2009-01-05,0.037136508550929655,-0.03680539154267744,-0.015349721602562568,0.4014827424711989
2009-01-06,0.03755103015932153,-0.03719156727065819,-0.015668817701337656,0.4014827424711989
2009-01-07,0.03746772268450077,-0.037306885938890304,-0.015108700949291171,0.4014827424711989
2009-01-08,0.037300744389325236,-0.03704109684976888,-0.016090611084903464,0.4014827424711989
2009-01-09,0.03757333702498546,-0.03723626674045518,-0.019147544843642294,0.4014827424711989
2009-01-12,0.03678887416378818,-0.03609006284052485,-0.020032886735314864,0.4014827424711989
2009-01-13,0.036823139973758606,-0.03618377382353167,-0.020196982928491015,0.4014827424711989
2009-01-14,0.03554711274550596,-0.03461933094040589,-0.02068118258563556,0.4014827424711989
2009-01-15,0.03524488767897667,-0.03449256087830107,-0.019892266197126307,0.4014827424711989
2009-01-16,0.03576702973675111,-0.035225593267529914,-0.01772688002459896,0.4014827424711989
2009-01-19,0.03576702973675111,-0.035225593267529914,-0.01772688002459896,0.4014827424711989
2009-01-20,0.036820404821963144,-0.03619342046197362,-0.019438254061818396,0.4014827424711989
2009-01-21,0.03904958124866413,-0.0386692880450339,-0.019597552875371287,0.4014827424711989
2009-01-22,0.04047478438781217,-0.04012671668309244,-0.022007103829902525,0.4014827424711989
2009-01-23,0.040884385414729815,-0.040419476726488254,-0.021354449266280984,0.4014827424711989
2009-01-26,0.04160053784879142,-0.040987168445025986,-0.021619714588161545,0.4014827424711989
2009-01-27,0.03997897891951535,-0.03920903754626673,-0.021128385133734887,0.4014827424711989
2009-01-28,0.042048101813099314,-0.04103393418766474,-0.022622058567461613,0.4014827424711989
2009-01-29,0.043333167029096314,-0.04220780481521545,-0.02044604017678885,0.4014827424711989
2009-01-30,0.043582343338915044,-0.042301838505376076,-0.02168155115771519,0.4014827424711989
2009-02-02,0.042479477731233214,-0.04068832668206149,-0.02342532845243298,0.4014827424711989
2009-02-03,0.04419704298044681,-0.042009185323768655,-0.023735787806456903,0.4014827424711989
2009-02-04,0.04412289111156974,-0.042208641615415134,-0.021692082587294697,0.4014827424711989
2009-02-05,0.043863958876976764,-0.042071315352552464,-0.0211440686138888,0.4014827424711989
2009-02-06,0.04470080981577139,-0.043024539837575905,-0.020293292108003052,0.4014827424711989
2009-02-09,0.04423655220355456,-0.042345344649834575,-0.01842077025624724,0.4014827424711989
2009-02-10,0.04315131968719616,-0.04088818687743681,-0.02329476657826085,0.4014827424711989
2009-02-11,0.04183401169905985,-0.03957050676204303,-0.02182841965791912,0.4014827424711989
2009-02-12,0.042299763523296216,-0.03994905803585798,-0.024228294825030132,0.4014827424711989
2009-02-13,0.044458644408419026,-0.042226275692696984,-0.02375887505111403,0.4014827424711989
2009-02-16,0.044458644408419026,-0.042226275692696984,-0.02375887505111403,0.4014827424711989
2009-02-17,0.04237786034764516,-0.039418875152734026,-0.027843447059046088,0.4014827424711989
2009-02-18,0.04264219091011255,-0.040050285506005555,-0.023214804849851015,0.4014827424711989
2009-02-19,0.044270392913497554,-0.041768372941889266,-0.023456253410683914,0.4014827424711989
2009-02-20,0.043119837173540745,-0.04088038631811953,-0.023295680763423726,0.4014827424711989
2009-02-23,0.042582441120666434,-0.04023880964978957,-0.021621975436374515,0.4014827424711989
2009-02-24,0.04198695724449907,-0.03956961853137723,-0.019091420407198217,0.4014827424711989
2009-02-25,0.042827663353543634,-0.04073573458324612,-0.015255198384887772,0.4014827424711989
2009-02-26,0.04352744173498276,-0.042098195500502575,-0.013080170321283007,0.4014827424711989
2009-02-27,0.0447148828655801,-0.04327566263021428,-0.017404629495682233,0.4014827424711989
2009-03-02,0.044323943799543714,-0.04255171023566597,-0.021856637714225375,0.4014827424711989
2009-03-03,0.04454103508986262,-0.04296906824029107,-0.02099428107005049,0.4014827424711989
2009-03-04,0.044533490961443906,-0.04316201124230522,-0.01751590102823488,0.4014827424711989
2009-03-05,0.04238941489721361,-0.041309766167197635,-0.017684334769150923,0.4014827424711989
2009-03-06,0.04204958301149654,-0.041072318247700516,-0.016331384479013618,0.4014827424711989
2009-03-09,0.04303858615229338,-0.04167066770768702,-0.017040488210716666,0.4014827424711989
2009-03-10,0.04418186541044518,-0.04282505001595511,-0.016262545210845598,0.4014827424711989
2009-03-11,0.04359208885691632,-0.04220612622754586,-0.016109370696435144,0.4014827424711989
2009-03-12,0.0429619983164494,-0.041670331303096546,-0.01603549440482345,0.4014827424711989
2009-03-13,0.043575671593307594,-0.04243311933936265,-0.018415530888040575,0.4014827424711989
2009-03-16,0.04479370623479408,-0.043346148378838115,-0.019661825400491217,0.4014827424711989
2009-03-17,0.04535806218937824,-0.04398142731738842,-0.018242180802409295,0.4014827424711989
2009-03-18,0.04273518871415718,-0.040581384353046646,-0.0291976797944469,0.4014827424711989
2009-03-19,0.04270690044521265,-0.0410067136623832,-0.025633233492627434,0.4014827424711989
2009-03-20,0.04304256390153543,-0.04131043531149873,-0.025591778887750813,0.4014827424711989
2009-03-23,0.04337883323449874,-0.041662125400634575,-0.025283625663677554,0.4014827424711989
2009-03-24,0.042328854964978437,-0.04088221881908618,-0.022415367130176632,0.4014827424711989
2009-03-25,0.04356148096623904,-0.04259707287591428,-0.020073093069725673,0.4014827424711989
2009-03-26,0.04289150259015001,-0.04218510659190626,-0.01999897415326575,0.4014827424711989
2009-03-27,0.04253931021845509,-0.04187009460684026,-0.019214561840482824,0.4014827424711989
2009-03-30,0.04266622047157614,-0.04153945293569438,-0.02245268054937004,0.4014827424711989
2009-03-31,0.042655571083343474,-0.04087516214912621,-0.02516609901188553,0.4014827424711989
2009-04-01,0.04184490217718401,-0.040030677097914025,-0.02400685123242781,0.4014827424711989
2009-04-02,0.04244359739635147,-0.040859865501180384,-0.02170528653829191,0.4014827424711989
2009-04-03,0.04371559090111452,-0.04242920784741518,-0.01921453190264198,0.4014827424711989
2009-04-06,0.044229960507940126,-0.04309719498449878,-0.019241416700498476,0.4014827424711989
2009-04-07,0.04417490201807163,-0.04294991945032113,-0.020497528953182187,0.4014827424711989
2009-04-08,0.04331865992018515,-0.0421582331867724,-0.019760902451983094,0.4014827424711989
2009-04-09,0.044549372704287195,-0.04352382281248661,-0.019945480530038452,0.4014827424711989
2009-04-10,0.044549372704287195,-0.04352382281248661,-0.019945480530038452,0.4014827424711989
2009-04-13,0.04403647845697855,-0.042959567474891595,-0.02220018655702398,0.4014827424711989
2009-04-14,0.04359586435225927,-0.04257006962439282,-0.02381059938224303,0.4014827424711989
2009-04-15,0.043813068794616106,-0.042932803688091215,-0.023896905237054476,0.4014827424711989
2009-04-16,0.04419488634272131,-0.04373076393063761,-0.021708067838959115,0.4014827424711989
2009-04-17,0.04490516542061442,-0.04445585802293781,-0.019225049913781343,0.4014827424711989
2009-04-20,0.04391748507416249,-0.04341615715904974,-0.020552439358761304,0.4014827424711989
2009-04-21,0.04450876124620481,-0.04399121992080405,-0.019988229202171075,0.4014827424711989
2009-04-22,0.045282348371092844,-0.044868002227278686,-0.019887922262729722,0.4014827424711989
2009-04-23,0.04508338287318866,-0.044854878082022286,-0.020047434443068446,0.4014827424711989
2009-04-24,0.046065630246905104,-0.045955235333815854,-0.019794247693332396,0.4014827424711989
2009-04-27,0.045710072580937906,-0.04536460294602673,-0.022481963133005288,0.4014827424711989
2009-04-28,0.046902722606106236,-0.046707607142411935,-0.021367011792439716,0.4014827424711989
2009-04-29,0.047434417162916416,-0.04762441999964345,-0.020279921619078514,0.4014827424711989
2009-04-30,0.04808320250548225,-0.04815592302251873,-0.021791089200194454,0.4014827424711989
2009-05-01,0.048665824839925986,-0.04855160774184013,-0.022651136265153107,0.4014827424711989
2009-05-04,0.04831318249453723,-0.04768337521962084,-0.022957751393033583,0.4014827424711989
2009-05-05,0.04807306447203722,-0.047450024791763364,-0.02148010420616945,0.4014827424711989
2009-05-06,0.048409890869150304,-0.04783304275836834,-0.022544469798894476,0.4014827424711989
2009-05-07,0.05018047675587322,-0.049630229432614206,-0.023320895566860157,0.4014827424711989
2009-05-08,0.050381091817344924,-0.04975356443617297,-0.024166286549691024,0.4014827424711989
2009-05-11,0.04951646858353405,-0.04869256661263835,-0.026577430282080566,0.4014827424711989
2009-05-12,0.04932891898998511,-0.04849671456356247,-0.026490961196837533,0.4014827424711989
2009-05-13,0.048484954903181596,-0.047735880627021866,-0.02605210006017604,0.4014827424711989
2009-05-14,0.04814302185670183,-0.047740533215354486,-0.025020083791003622,0.4014827424711989
2009-05-15,0.04854796156432944,-0.04809333622642809,-0.025175290307251585,0.4014827424711989
2009-05-18,0.049482649228175066,-0.04902031918657688,-0.024563485452747162,0.4014827424711989
2009-05-19,0.04991826214845322,-0.04952954920555796,-0.02481437105497651,0.4014827424711989
2009-05-20,0.049301774937826434,-0.048766920472292884,-0.026020988258154007,0.4014827424711989
2009-05-21,0.05118755116982253,-0.050926987953562215,-0.02577897970193824,0.4014827424711989
2009-05-22,0.05213291739964833,-0.05198567856398815,-0.02500735075292345,0.4014827424711989
2009-05-25,0.05213291739964833,-0.05198567856398815,-0.02500735075292345,0.4014827424711989
2009-05-26,0.05269715479176984,-0.05267337210049518,-0.02362936627080746,0.4014827424711989
2009-05-27,0.054683819977070405,-0.054837825235674285,-0.02348718124381759,0.4014827424711989
2009-05-28,0.053752982576269384,-0.05417853771519821,-0.020874820733439617,0.4014827424711989
2009-05-29,0.05152779879458993,-0.051812247517262294,-0.021135945420466422,0.4014827424711989
2009-06-01,0.05393745661829113,-0.05468866544215952,-0.019231892996906235,0.4014827424711989
2009-06-02,0.053190601416234995,-0.05424502435922668,-0.01798327091125135,0.4014827424711989
2009-06-03,0.052692374194875345,-0.0535098862100342,-0.0201901674097202,0.4014827424711989
2009-06-04,0.05417386437700904,-0.055158550582364914,-0.018800598419569894,0.4014827424711989
2009-06-05,0.05301299913473269,-0.05399932596434323,-0.006328775653959099,0.4014827424711989
2009-06-08,0.05273937197321767,-0.05400383320667693,-0.0019942422367282397,0.4014827424711989
2009-06-09,0.05307820972418513,-0.05428776430162504,-0.005806244242484776,0.4014827424711989
2009-06-10,0.05433778849611335,-0.055637444771909246,-0.0055077561683273685,0.4014827424711989
2009-06-11,0.05345497263178259,-0.054683469899153195,-0.0061395576287599524,0.4014827424711989
2009-06-12,0.05315227491004507,-0.05438105068504264,-0.00746680560233811,0.4014827424711989
2009-06-15,0.05283943955280279,-0.054009430412993206,-0.0090748157330704,0.4014827424711989
2009-06-16,0.05143718560397252,-0.05249421946253979,-0.008526212284795023,0.4014827424711989
2009-06-17,0.05180087535565765,-0.052751133914745015,-0.009957085547674828,0.4014827424711989
2009-06-18,0.05313785659761964,-0.054256125894909926,-0.006980700567283695,0.4014827424711989
2009-06-19,0.052008866368781013,-0.053179131964705514,-0.006328560957070696,0.4014827424711989
2009-06-22,0.05138589305694926,-0.052308001716352165,-0.008242919543790785,0.4014827424711989
2009-06-23,0.05044421381256988,-0.051196457027186705,-0.008340510062558223,0.4014827424711989
2009-06-24,0.05108828877952283,-0.052211039975509396,-0.006944775452090782,0.4014827424711989
2009-06-25,0.05002435313054163,-0.05100583696255709,-0.010117463209541834,0.4014827424711989
2009-06-26,0.04982156701866694,-0.05067943638816718,-0.011251694951285836,0.4014827424711989
2009-06-29,0.04992144754134128,-0.05036065279095503,-0.011994107579165931,0.4014827424711989
2009-06-30,0.05007561929825634,-0.05028449759240039,-0.012302271040074936,0.4014827424711989
2009-07-01,0.05062993284775048,-0.051093296763984476,-0.013952765931093736,0.4014827424711989
2009-07-02,0.05065636917875581,-0.05100190536799987,-0.016602840334303075,0.4014827424711989
2009-07-03,0.05065636917875581,-0.05100190536799987,-0.016602840334303075,0.4014827424711989
2009-07-06,0.051140592707445934,-0.051450342649874733,-0.018496676643951625,0.4014827424711989
2009-07-07,0.05051249568823953,-0.050767867115698834,-0.017889924938244515,0.4014827424711989
2009-07-08,0.04919110889754507,-0.04930548809173758,-0.01994312943575282,0.4014827424711989
2009-07-09,0.050777213144852694,-0.050890374088863786,-0.02026990513623976,0.4014827424711989
2009-07-10,0.04961031805655751,-0.04964685681849325,-0.02125999855508639,0.4014827424711989
2009-07-13,0.05020644657549245,-0.050237826465851856,-0.021108364878010773,0.4014827424711989
2009-07-14,0.051678584454295004,-0.05186595718170856,-0.020550701333005017,0.4014827424711989
2009-07-15,0.05249457734718738,-0.05307252824472933,-0.016976220009851186,0.4014827424711989
2009-07-16,0.05243758924722456,-0.052762435446086,-0.019313709355054352,0.4014827424711989
2009-07-17,0.053325558984754565,-0.05378882309285324,-0.018797280800107452,0.4014827424711989
2009-07-20,0.05274399007858223,-0.05306864697233741,-0.01979801292618944,0.4014827424711989
2009-07-21,0.05177095602306307,-0.05189480998887181,-0.021281683043262813,0.4014827424711989
2009-07-22,0.05254552338795095,-0.05279695203032431,-0.020556007918788196,0.4014827424711989
2009-07-23,0.0536506338066639,-0.05416888878657671,-0.017179815808542456,0.4014827424711989
2009-07-24,0.053483448527415864,-0.05401811572349372,-0.01788336558704033,0.4014827424711989
2009-07-27,0.05418530670625102,-0.05479236057869055,-0.017368968296218906,0.4014827424711989
2009-07-28,0.053212533963837225,-0.053940871242442644,-0.014986481801635119,0.4014827424711989
2009-07-29,0.05211912822622068,-0.05298252190170806,-0.011364591887671891,0.4014827424711989
2009-07-30,0.051379311051902354,-0.05231096314060864,-0.009995481166036681,0.4014827424711989
2009-07-31,0.049960746607775115,-0.050633592695417964,-0.012077885462363554,0.4014827424711989
2009-08-03,0.05107073624892929,-0.051916075726133826,-0.009850583381412729,0.4014827424711989
2009-08-04,0.051431699408095055,-0.05236521051421894,-0.009527272949861366,0.4014827424711989
2009-08-05,0.052772945403402986,-0.053709630421561155,-0.01011926717905403,0.4014827424711989
2009-08-06,0.05235281123487442,-0.05339621871576933,-0.009412832560957315,0.4014827424711989
2009-08-07,0.052891219963440234,-0.05400891384025106,-0.00649339169543733,0.4014827424711989
2009-08-10,0.05208302075839502,-0.05307549124031625,-0.008378087258733128,0.4014827424711989
2009-08-11,0.05103028417274547,-0.05204300054694658,-0.008143720693562761,0.4014827424711989
2009-08-12,0.05226275117298366,-0.05325567686608703,-0.010599900997407603,0.4014827424711989
2009-08-13,0.051243791966826845,-0.05216394512619378,-0.012569461954424273,0.4014827424711989
2009-08-14,0.051084782511514285,-0.05191576399097798,-0.014359207129067743,0.4014827424711989
2009-08-17,0.050373314259571166,-0.05097158575021448,-0.01571431919137876,0.4014827424711989
2009-08-18,0.050604678565462885,-0.05121788762837324,-0.015020798215773037,0.4014827424711989
2009-08-19,0.049904555708629394,-0.050678425099530335,-0.0151938590952523,0.4014827424711989
2009-08-20,0.04925604694590775,-0.05000716847247096,-0.014044561962645532,0.4014827424711989
2009-08-21,0.05036888561194479,-0.05135874371163988,-0.011001614944744345,0.4014827424711989
2009-08-24,0.04953071550883909,-0.05041101363850846,-0.012426693996688012,0.4014827424711989
2009-08-25,0.048894995107434024,-0.04967172564010558,-0.01191037222571882,0.4014827424711989
2009-08-26,0.048597549007143505,-0.049533251412944374,-0.01124408326058693,0.4014827424711989
2009-08-27,0.04906030934759786,-0.04999149698889203,-0.01161086240578529,0.4014827424711989
2009-08-28,0.04897335518876997,-0.04992327377678092,-0.012355243679999035,0.4014827424711989
2009-08-31,0.04882929135237,-0.049661027853597904,-0.014391222162146645,0.4014827424711989
2009-09-01,0.049121732620452156,-0.04998749047950088,-0.01647108926526708,0.4014827424711989
2009-09-02,0.04802952424078448,-0.048808751688549104,-0.016818506048130337,0.4014827424711989
2009-09-03,0.0486390577299376,-0.049378019655581175,-0.016929503143943894,0.4014827424711989
2009-09-04,0.05007778560571572,-0.05097929119780269,-0.016916659478778205,0.4014827424711989
2009-09-07,0.05007778560571572,-0.05097929119780269,-0.016916659478778205,0.4014827424711989
2009-09-08,0.050505970703935275,-0.051364288201822095,-0.01743100385077288,0.4014827424711989
2009-09-09,0.050786902810271047,-0.05174211637895245,-0.017794802595925984,0.4014827424711989
2009-09-10,0.049095041199577465,-0.04997503615483481,-0.017553955909542212,0.4014827424711989
2009-09-11,0.04894457863804338,-0.04982091097247775,-0.017550103879079522,0.4014827424711989
2009-09-14,0.049388116924753714,-0.05042263372677063,-0.015845087283829266,0.4014827424711989
2009-09-15,0.04988279973202212,-0.05117139066725596,-0.014936341626560795,0.4014827424711989
2009-09-16,0.049514720717608825,-0.05115743354024103,-0.012007734387875309,0.4014827424711989
2009-09-17,0.04869427896786521,-0.05021636806484369,-0.012315554614529382,0.4014827424711989
2009-09-18,0.04910375773301865,-0.0508459075808866,-0.010257906345252085,0.4014827424711989
2009-09-21,0.04917510188594232,-0.05072658607184441,-0.011196466470939834,0.4014827424711989
2009-09-22,0.048860977342011655,-0.050339716379011565,-0.011264338588884776,0.4014827424711989
2009-09-23,0.04922282982911379,-0.05058733571499133,-0.013807546433449525,0.4014827424711989
2009-09-24,0.048828781928667735,-0.0503249303820433,-0.013960199132236742,0.4014827424711989
2009-09-25,0.047652441397719195,-0.049085208691807256,-0.011822789270547845,0.4014827424711989
2009-09-28,0.047012098442969795,-0.048461671562235444,-0.011381367458862257,0.4014827424711989
2009-09-29,0.046933967763080044,-0.04812410510912622,-0.011499841586346541,0.4014827424711989
2009-09-30,0.04715472103300727,-0.04834671352899143,-0.012842642517088955,0.4014827424711989
2009-10-01,0.04665889388003299,-0.047990543572554084,-0.015156210548957438,0.4014827424711989
2009-10-02,0.04707533721680958,-0.04838071093129368,-0.015418835026401232,0.4014827424711989
2009-10-05,0.04708260177950449,-0.04845180564506262,-0.015496706299599148,0.4014827424711989
2009-10-06,0.04759644804844585,-0.048951134245139916,-0.015213242249625078,0.4014827424711989
2009-10-07,0.047003774552645046,-0.048207323314846326,-0.016991163293808557,0.4014827424711989
2009-10-08,0.04795512805543924,-0.04939602309294363,-0.016474095186148008,0.4014827424711989
2009-10-09,0.04930271240760876,-0.05084502443743098,-0.01456858208144347,0.4014827424711989
2009-10-12,0.04930271240760876,-0.05084502443743098,-0.01456858208144347,0.4014827424711989
2009-10-13,0.04892756615013266,-0.050389117003077494,-0.016740706797076916,0.4014827424711989
2009-10-14,0.050291988866223034,-0.05184807753862093,-0.016486502367275207,0.4014827424711989
2009-10-15,0.050575806818694044,-0.052173992146338596,-0.015731431684761387,0.4014827424711989
2009-10-16,0.04968492400235198,-0.05116730726793366,-0.015345069764007025,0.4014827424711989
2009-10-19,0.04921790821495357,-0.05060926702141989,-0.014578036410756827,0.4014827424711989
2009-10-20,0.04877470499395014,-0.05010036278977503,-0.015700256591364644,0.4014827424711989
2009-10-21,0.04923976493162057,-0.05074809951871619,-0.013751528689383327,0.4014827424711989
2009-10-22,0.04955522696412946,-0.05132531486220783,-0.01387144271257486,0.4014827424711989
2009-10-23,0.04988553445048066,-0.05165588340374648,-0.011960200325993788,0.4014827424711989
2009-10-26,0.05081435468862937,-0.052570873252651994,-0.011844902079367595,0.4014827424711989
2009-10-27,0.05017735121380922,-0.05170437742505765,-0.014751566230800718,0.4014827424711989
2009-10-28,0.04980163732198607,-0.05132364406686497,-0.01546641219800891,0.4014827424711989
2009-10-29,0.050817857723838136,-0.052580050460417166,-0.014510883439443668,0.4014827424711989
2009-10-30,0.04968497063059981,-0.05135774769965019,-0.016507717640325128,0.4014827424711989
2009-11-02,0.05006823672853951,-0.05161420062161548,-0.016747153977982352,0.4014827424711989
2009-11-03,0.05102197616137682,-0.05255813693270853,-0.017612638014845958,0.4014827424711989
2009-11-04,0.05201844715391498,-0.053643210619975894,-0.01864298295773476,0.4014827424711989
2009-11-05,0.05215540336329069,-0.05369090326130067,-0.019851531913020238,0.4014827424711989
2009-11-06,0.052266962584718156,-0.05365253383584405,-0.021851892450925187,0.4014827424711989
2009-11-09,0.0521510821171759,-0.05346439981449679,-0.021787750325043004,0.4014827424711989
2009-11-10,0.052365770933578394,-0.05369353102700656,-0.02252613903005,0.4014827424711989
2009-11-11,0.052365770933578394,-0.05369353102700656,-0.02252613903005,0.4014827424711989
2009-11-12,0.05229648648247281,-0.05354859498718813,-0.023743547731186115,0.4014827424711989
2009-11-13,0.05171554454224279,-0.05303943259195956,-0.022783292169985328,0.4014827424711989
2009-11-16,0.05061345329450738,-0.051762573593112725,-0.023728568935140148,0.4014827424711989
2009-11-17,0.050538021864196314,-0.051736330736281214,-0.023472829044350572,0.4014827424711989
2009-11-18,0.05102587411459074,-0.05243706563976086,-0.023721898121913283,0.4014827424711989
2009-11-19,0.05107973289420373,-0.05260159372330819,-0.024639534514882766,0.4014827424711989
2009-11-20,0.051138734718234026,-0.05268636127824381,-0.024163144193170588,0.4014827424711989
2009-11-23,0.05100286663181079,-0.052373552718870474,-0.02374242497698745,0.4014827424711989
2009-11-24,0.050741285699395657,-0.05194767827529078,-0.025567510445016615,0.4014827424711989
2009-11-25,0.05038165459922354,-0.05151118793895995,-0.025856350358702287,0.4014827424711989
2009-11-26,0.05038165459922354,-0.05151118793895995,-0.025856350358702287,0.4014827424711989
2009-11-27,0.05022132080577576,-0.051258744706408885,-0.02819853108285855,0.4014827424711989
2009-11-30,0.05032417826873259,-0.051087655365121956,-0.029500271012233473,0.4014827424711989
2009-12-01,0.051199954874595784,-0.05198956911793999,-0.030147812587311876,0.4014827424711989
2009-12-02,0.05091490071781006,-0.051913584628544784,-0.027270977480368084,0.4014827424711989
2009-12-03,0.05181946103846553,-0.05277436633727594,-0.02730125108312223,0.4014827424711989
2009-12-04,0.052224803261028505,-0.05330236053506606,-0.0240854388915607,0.4014827424711989
2009-12-07,0.052432221390819045,-0.05355927498647219,-0.026543484893593663,0.4014827424711989
2009-12-08,0.05250849035349203,-0.05377550282317112,-0.0284050128981493,0.4014827424711989
2009-12-09,0.05271459924512934,-0.054084091898106555,-0.027459783148930116,0.4014827424711989
2009-12-10,0.05355238090540195,-0.05495179581237557,-0.027666360061490754,0.4014827424711989
2009-12-11,0.05337802633142259,-0.05486327334632561,-0.025005124622831616,0.4014827424711989
2009-12-14,0.0531409331160956,-0.054608156269236284,-0.023345722536100223,0.4014827424711989
2009-12-15,0.05339409004107145,-0.054829409190758294,-0.02253959914087093,0.4014827424711989
2009-12-16,0.05353737791905195,-0.05507140609459788,-0.022969702570428973,0.4014827424711989
2009-12-17,0.05259193822088059,-0.0540580080903074,-0.024953941258999822,0.4014827424711989
2009-12-18,0.052923302470072604,-0.05444105134608442,-0.023473469164008446,0.4014827424711989
2009-12-21,0.05389069540276831,-0.055493812693604795,-0.020997413445520863,0.4014827424711989
2009-12-22,0.05420764880544873,-0.055901835962292104,-0.019237256737889907,0.4014827424711989
2009-12-23,0.05427256998147728,-0.05607506447242587,-0.018499287847893106,0.4014827424711989
2009-12-24,0.054868386601270254,-0.05673092268944354,-0.01763635680120749,0.4014827424711989
2009-12-25,0.054868386601270254,-0.05673092268944354,-0.01763635680120749,0.4014827424711989
2009-12-28,0.05466035307043892,-0.056253449903084445,-0.01575163407877578,0.4014827424711989
2009-12-29,0.05398946063222569,-0.05569227808223282,-0.014371151227289526,0.4014827424711989
2009-12-30,0.053559161850643834,-0.05552837896678175,-0.013210670682647412,0.4014827424711989
2009-12-31,0.05366791214352263,-0.05561419831572804,-0.011336746622024874,0.4014827424711989
2010-01-01,0.05366791214352263,-0.05561419831572804,-0.011336746622024874,0.4014827424711989
2010-01-04,0.05422507663577186,-0.05604224194511833,-0.013955656966002657,0.4014827424711989
2010-01-05,0.05384233854954906,-0.05568119561942779,-0.01625501319241989,0.4014827424711989
2010-01-06,0.05511452490001276,-0.05709038710899925,-0.01719754881720095,0.4014827424711989
2010-01-07,0.05484992675180971,-0.05691243852192267,-0.016042051852892647,0.4014827424711989
2010-01-08,0.05521362596789357,-0.057245922081635356,-0.01852636967601429,0.4014827424711989
2010-01-11,0.0557131126301449,-0.05789193555333218,-0.019192952916228096,0.4014827424711989
2010-01-12,0.05437064271077217,-0.056326216976176936,-0.019664580451118185,0.4014827424711989
2010-01-13,0.05524125635992555,-0.05714859727143055,-0.019456108235093778,0.4014827424711989
2010-01-14,0.05442775405224959,-0.056409464848312156,-0.01934576120976028,0.4014827424711989
2010-01-15,0.05411410028491309,-0.05587864597570725,-0.02121055661560408,0.4014827424711989
2010-01-18,0.05411410028491309,-0.05587864597570725,-0.02121055661560408,0.4014827424711989
2010-01-19,0.05412296437640506,-0.05600048533779743,-0.019762401537530217,0.4014827424711989
2010-01-20,0.05340669051647701,-0.055314647155273004,-0.019401786691115946,0.4014827424711989
2010-01-21,0.05306839471687959,-0.05483301468386907,-0.021117170033169513,0.4014827424711989
2010-01-22,0.053200649930373003,-0.054967767946671575,-0.021841227202837567,0.4014827424711989
2010-01-25,0.05374593881053926,-0.05553205999677147,-0.022074499381439246,0.4014827424711989
2010-01-26,0.053839311590846636,-0.05551372112129153,-0.02253314963780119,0.4014827424711989
2010-01-27,0.05344180175580606,-0.055180384720188866,-0.0202274953758736,0.4014827424711989
2010-01-28,0.053882098853238844,-0.0556540524079435,-0.02144508144247981,0.4014827424711989
2010-01-29,0.053420072517885726,-0.05504437262795787,-0.023011163395070082,0.4014827424711989
2010-02-01,0.05395910654612474,-0.05535120427523793,-0.02303411635713353,0.4014827424711989
2010-02-02,0.05381737199950972,-0.05523346820862745,-0.022905855628406347,0.4014827424711989
2010-02-03,0.054637662968967396,-0.05602536135574942,-0.02320740549679215,0.4014827424711989
2010-02-04,0.05383055083430406,-0.05515924929360358,-0.025364005865605013,0.4014827424711989
2010-02-05,0.05377439302120578,-0.0549531667271292,-0.02730251101068877,0.4014827424711989
2010-02-08,0.05389740347627659,-0.05502431908514914,-0.026710267118349087,0.4014827424711989
2010-02-09,0.05437623241907207,-0.055501461396445385,-0.025581085908868303,0.4014827424711989
2010-02-10,0.05489525753159226,-0.05602253556257231,-0.024163539223687948,0.4014827424711989
2010-02-11,0.055363720638080295,-0.05652150242703531,-0.024973867966515687,0.4014827424711989
2010-02-12,0.05529894759153377,-0.056494038136118155,-0.026533692120311383,0.4014827424711989
2010-02-15,0.05529894759153377,-0.056494038136118155,-0.026533692120311383,0.4014827424711989
2010-02-16,0.05501416376144058,-0.05617531821724946,-0.02698575718198147,0.4014827424711989
2010-02-17,0.05569895160686868,-0.05687942654193673,-0.025839901613376987,0.4014827424711989
2010-02-18,0.056051449813252614,-0.05733363240639562,-0.024411168786912837,0.4014827424711989
2010-02-19,0.05541097574083511,-0.05668301813546476,-0.02225786408623997,0.4014827424711989
2010-02-22,0.055879880731333056,-0.05719346992060593,-0.02357834446621258,0.4014827424711989
2010-02-23,0.054808203836860546,-0.05580284583332033,-0.025143052315645883,0.4014827424711989
2010-02-24,0.05479613796056322,-0.055902796459954364,-0.024625631717686884,0.4014827424711989
2010-02-25,0.054409728714101185,-0.055364228313671875,-0.026134034902650996,0.4014827424711989
2010-02-26,0.05404127530589409,-0.05493605621661992,-0.026451155235200155,0.4014827424711989
2010-03-01,0.054264782599277264,-0.05510537467699414,-0.027443422386871814,0.4014827424711989
2010-03-02,0.05445575076578813,-0.05523886517943042,-0.028032932159118052,0.4014827424711989
2010-03-03,0.054525949319773725,-0.055285851489587395,-0.02791452585125396,0.4014827424711989
2010-03-04,0.05397658951455098,-0.054732457642949144,-0.026309615197650595,0.4014827424711989
2010-03-05,0.05485972953428815,-0.05553359447760411,-0.025865490000798026,0.4014827424711989
2010-03-08,0.05536354964794735,-0.055975051805511176,-0.026535298502110758,0.4014827424711989
2010-03-09,0.05548655775764416,-0.05604180939311736,-0.027377595939621135,0.4014827424711989
2010-03-10,0.05537839440168002,-0.056028325492787516,-0.02584484320491671,0.4014827424711989
2010-03-11,0.05477882948606538,-0.055464722829636944,-0.023371968401176214,0.4014827424711989
2010-03-12,0.05421461772539159,-0.05495774614547872,-0.022341043988635706,0.4014827424711989
2010-03-15,0.05443987458524203,-0.05503766908793294,-0.023261842520121725,0.4014827424711989
2010-03-16,0.05399322536039811,-0.05444308860039277,-0.024050462658500648,0.4014827424711989
2010-03-17,0.05357303521321559,-0.054158136673518764,-0.022811237511389457,0.4014827424711989
2010-03-18,0.053704183921378344,-0.054245978241140934,-0.021611138652075403,0.4014827424711989
2010-03-19,0.053297150235680865,-0.05399593945229476,-0.019350736789787965,0.4014827424711989
2010-03-22,0.05331771597132472,-0.05397904693129222,-0.02056855392439117,0.4014827424711989
2010-03-23,0.05358297532543323,-0.0544039663025773,-0.020406995540946646,0.4014827424711989
2010-03-24,0.05470157186376442,-0.05575950637524721,-0.017330709935288124,0.4014827424711989
2010-03-25,0.05542630232538022,-0.05653351283095054,-0.017063717979207374,0.4014827424711989
2010-03-26,0.055360614579498035,-0.056380330649217957,-0.019094934006856797,0.4014827424711989
2010-03-29,0.05549932932254914,-0.05655645533090177,-0.01900893146321648,0.4014827424711989
2010-03-30,0.055298098256585014,-0.05622106740564617,-0.018708290961865954,0.4014827424711989
2010-03-31,0.05512894109665381,-0.05592771494675544,-0.02031577123739441,0.4014827424711989
2010-04-01,0.055335647435839595,-0.05617530521856388,-0.019305984330999542,0.4014827424711989
2010-04-02,0.05587637764424809,-0.05678147645592875,-0.017514550480893263,0.4014827424711989
2010-04-05,0.056050630374449184,-0.05693917203468852,-0.015465015088111878,0.4014827424711989
2010-04-06,0.05608221094393355,-0.05687778702639777,-0.016953051384801722,0.4014827424711989
2010-04-07,0.05516477647362627,-0.055915283880736764,-0.018333877708741328,0.4014827424711989
2010-04-08,0.055247033156322484,-0.05609485339513677,-0.01751491867719918,0.4014827424711989
2010-04-09,0.055049007953925345,-0.05590692103913728,-0.01728431528046043,0.4014827424711989
2010-04-12,0.054649127275898574,-0.05548447741873003,-0.01777566820902476,0.4014827424711989
2010-04-13,0.05438538330268242,-0.055201393940734665,-0.017797555635923692,0.4014827424711989
2010-04-14,0.05496430322644538,-0.055824943632983105,-0.018088407995598004,0.4014827424711989
2010-04-15,0.055098327946734284,-0.05588842812823763,-0.01966316371887393,0.4014827424711989
2010-04-16,0.05468753840831678,-0.055356846418984675,-0.021602333800770368,0.4014827424711989
2010-04-19,0.0549586391608696,-0.055720874538419306,-0.02047902985139346,0.4014827424711989
2010-04-20,0.0543792631054454,-0.05523092687006577,-0.01858991999361322,0.4014827424711989
2010-04-21,0.053662037511173065,-0.05448472651700657,-0.01842634116358946,0.4014827424711989
2010-04-22,0.05392037080191654,-0.05472698885611855,-0.017362312095754763,0.4014827424711989
2010-04-23,0.05405994469300175,-0.05492916503173615,-0.016101815932775158,0.4014827424711989
2010-04-26,0.054036593077329984,-0.054879392462204614,-0.016510982211077246,0.4014827424711989
2010-04-27,0.05316927912203483,-0.05383347897028693,-0.019455977827937725,0.4014827424711989
2010-04-28,0.053945524404696445,-0.05476449430220168,-0.018479575656388855,0.4014827424711989
2010-04-29,0.05359286121501295,-0.05430745901198144,-0.01926153195365828,0.4014827424711989
2010-04-30,0.05297697580886563,-0.053599753825095374,-0.020396494083501273,0.4014827424711989
2010-05-03,0.05283570212415379,-0.053511384791851094,-0.018588743572515595,0.4014827424711989
2010-05-04,0.051814849033414524,-0.052362934400082835,-0.019536079003184735,0.4014827424711989
2010-05-05,0.05164944362971879,-0.05225038439579932,-0.021596332304810086,0.4014827424711989
2010-05-06,0.049647108339308126,-0.05066592420040568,-0.02275424541086625,0.4014827424711989
2010-05-07,0.050465641274427944,-0.051137987298519975,-0.023081983536287088,0.4014827424711989
2010-05-10,0.05191787188446301,-0.05242037545737886,-0.023129209566014823,0.4014827424711989
2010-05-11,0.052191638044364025,-0.052553058099427494,-0.02454643016374492,0.4014827424711989
2010-05-12,0.052608754970976536,-0.05294177803649103,-0.0243264955443537,0.4014827424711989
2010-05-13,0.052554331917957636,-0.05286765290210803,-0.025067679703283705,0.4014827424711989
2010-05-14,0.05119424109555602,-0.05145862529782567,-0.026217724824361736,0.4014827424711989
2010-05-17,0.051526797444582,-0.05174823635415613,-0.02587735833489129,0.4014827424711989
2010-05-18,0.050679384365692415,-0.050694161104378604,-0.02733108633557449,0.4014827424711989
2010-05-19,0.05026550777452418,-0.050317865806154084,-0.025890528007626236,0.4014827424711989
2010-05-20,0.0490655141835347,-0.0489969231233366,-0.02666883478182587,0.4014827424711989
2010-05-21,0.048331623741622,-0.048162572107636845,-0.026155171535718454,0.4014827424711989
2010-05-24,0.04889592807458922,-0.04879961028093025,-0.026422138579504012,0.4014827424711989
2010-05-25,0.04813813543603971,-0.04797909682091982,-0.025718419637724855,0.4014827424711989
2010-05-26,0.04836637100719866,-0.048278209953203484,-0.024446462945095025,0.4014827424711989
2010-05-27,0.04982414650844732,-0.04994155148377318,-0.023411218937753234,0.4014827424711989
2010-05-28,0.050028464753634844,-0.05013545340860511,-0.026608374272742055,0.4014827424711989
2010-05-31,0.050028464753634844,-0.05013545340860511,-0.026608374272742055,0.4014827424711989
2010-06-01,0.049625255699851524,-0.04972168110173077,-0.025903851419506775,0.4014827424711989
2010-06-02,0.05005806187847026,-0.050284361740546984,-0.024593153804025457,0.4014827424711989
2010-06-03,0.050611180844889844,-0.050941152636709584,-0.024726584160292844,0.4014827424711989
2010-06-04,0.04906744555642906,-0.049133036532077755,-0.028025285192326825,0.4014827424711989
2010-06-07,0.04871151995856167,-0.04887118727250805,-0.027585952136221004,0.4014827424711989
2010-06-08,0.0484708912486778,-0.04878830525256165,-0.026200504907608668,0.4014827424711989
2010-06-09,0.04874554644933849,-0.049279256691477265,-0.026255840055215016,0.4014827424711989
2010-06-10,0.050016592856525065,-0.050824783388242666,-0.024440073642466857,0.4014827424711989
2010-06-11,0.04901043008619353,-0.04992885292431027,-0.025064311455824485,0.4014827424711989
2010-06-14,0.0495056911985693,-0.050610542608404856,-0.024438921914884407,0.4014827424711989
2010-06-15,0.049883737211749136,-0.05092244959239813,-0.02418769803650202,0.4014827424711989
2010-06-16,0.049415347985328296,-0.050231085808919565,-0.025225426651951613,0.4014827424711989
2010-06-17,0.04890937563781789,-0.049753836211969375,-0.025918885460839237,0.4014827424711989
2010-06-18,0.04906564926530501,-0.049882822824419644,-0.02527757819192173,0.4014827424711989
2010-06-21,0.04934460247082769,-0.0501299682518609,-0.025522371080457965,0.4014827424711989
2010-06-22,0.04869329939573254,-0.04915237658423762,-0.027132688392968556,0.4014827424711989
2010-06-23,0.04823297883638413,-0.04859148172144975,-0.028108291437239155,0.4014827424711989
2010-06-24,0.04876180230315126,-0.04909427515906616,-0.029104518382047043,0.4014827424711989
2010-06-25,0.04860605206029895,-0.048936197851852166,-0.02962825363588277,0.4014827424711989
2010-06-28,0.04800222973440287,-0.04790638965909358,-0.0312623118221106,0.4014827424711989
2010-06-29,0.04723296926871691,-0.047008098944790286,-0.03162467601806454,0.4014827424711989
2010-06-30,0.047011745865726026,-0.046395935720522266,-0.031915187008202874,0.4014827424711989
2010-07-01,0.046513631010969635,-0.046025576270166256,-0.030385546081250398,0.4014827424711989
2010-07-02,0.04724319907622798,-0.046790091099973646,-0.03094399881026816,0.4014827424711989
2010-07-05,0.04724319907622798,-0.046790091099973646,-0.03094399881026816,0.4014827424711989
2010-07-06,0.04668567948615852,-0.04609236865042833,-0.03168612560915415,0.4014827424711989
2010-07-07,0.047555704064400996,-0.047071184556242325,-0.032204628415548206,0.4014827424711989
2010-07-08,0.04805346316207072,-0.04766830720237915,-0.032533588808075026,0.4014827424711989
2010-07-09,0.048478256754639244,-0.048146025947696645,-0.03222464721555029,0.4014827424711989
2010-07-12,0.04851249011615768,-0.04817462705145028,-0.0319519593024743,0.4014827424711989
2010-07-13,0.04911941293340351,-0.048921149382328534,-0.031288065436798664,0.4014827424711989
2010-07-14,0.04846242072835162,-0.048188336234736666,-0.032806517069368976,0.4014827424711989
2010-07-15,0.04774101346519585,-0.04732754802464223,-0.03333035814116721,0.4014827424711989
2010-07-16,0.04751256269582187,-0.04704085767867289,-0.03439547243846148,0.4014827424711989
2010-07-19,0.04803049076521598,-0.047461211248109626,-0.03489326645203622,0.4014827424711989
2010-07-20,0.04807930456364657,-0.04750536890084611,-0.03542041134479152,0.4014827424711989
2010-07-21,0.04689699804244245,-0.04626389702738196,-0.03500048195400213,0.4014827424711989
2010-07-22,0.04768335013357382,-0.04711429901606751,-0.035174676662025395,0.4014827424711989
2010-07-23,0.04840096957161142,-0.04792252832481133,-0.035077662248377016,0.4014827424711989
2010-07-26,0.04846768063987213,-0.047983440482888516,-0.03450927901968627,0.4014827424711989
2010-07-27,0.04896297189948637,-0.04854150783662579,-0.03353480629342379,0.4014827424711989
2010-07-28,0.049034239707301336,-0.04847482237795344,-0.03615275972136444,0.4014827424711989
2010-07-29,0.04929418745840832,-0.04862750544065319,-0.03785665500455434,0.4014827424711989
2010-07-30,0.04819298984661745,-0.04741318930019179,-0.03887025920689761,0.4014827424711989
2010-08-02,0.049193018840438994,-0.048424042190043814,-0.039734420046157834,0.4014827424711989
2010-08-03,0.049087504346520594,-0.048095256585013506,-0.042170852816721935,0.4014827424711989
2010-08-04,0.04921311136793998,-0.04835664506448633,-0.04024531747650451,0.4014827424711989
2010-08-05,0.04909133674646599,-0.04819062144952029,-0.041709726143113496,0.4014827424711989
2010-08-06,0.048441832346481535,-0.047487631863904825,-0.04246308328667335,0.4014827424711989
2010-08-09,0.0484159215801832,-0.04746726077468576,-0.04161136299191123,0.4014827424711989
2010-08-10,0.048314915981599996,-0.04714744559588067,-0.04377171151797304,0.4014827424711989
2010-08-11,0.04725161692248673,-0.04604443044175134,-0.042618636560116725,0.4014827424711989
2010-08-12,0.047266341311202095,-0.04614239878074593,-0.04155890180402721,0.4014827424711989
2010-08-13,0.04629014327782528,-0.04519677179738525,-0.04029115463933221,0.4014827424711989
2010-08-16,0.044610436855911165,-0.04341618507886561,-0.03945879265648618,0.4014827424711989
2010-08-17,0.04522614341848787,-0.044030850434406556,-0.03934516828598101,0.4014827424711989
2010-08-18,0.04479489432557072,-0.04371768929249915,-0.03829808945677465,0.4014827424711989
2010-08-19,0.044000155736077275,-0.04286649099547551,-0.03824001566464981,0.4014827424711989
2010-08-20,0.04397657429282831,-0.04305281446779358,-0.03638036786203558,0.4014827424711989
2010-08-23,0.04387378957303577,-0.042854768899055554,-0.03719268609161158,0.4014827424711989
2010-08-24,0.04283583296270642,-0.04152458435420163,-0.03766478383398989,0.4014827424711989
2010-08-25,0.04297782931961735,-0.04182340961725816,-0.03620341539004194,0.4014827424711989
2010-08-26,0.04223803182370805,-0.041104357201945385,-0.035485418242588065,0.4014827424711989
2010-08-27,0.0440835883210716,-0.04311296178594724,-0.03529214200997712,0.4014827424711989
2010-08-30,0.0430851044849513,-0.041998221817278164,-0.03686129614789449,0.4014827424711989
2010-08-31,0.04224957774538642,-0.041096063068143646,-0.037111640549465696,0.4014827424711989
2010-09-01,0.04374870240795938,-0.04273785243330519,-0.03738009997704411,0.4014827424711989
2010-09-02,0.04459497428281143,-0.04363167481937363,-0.038150627620912654,0.4014827424711989
2010-09-03,0.04543596774095649,-0.044580228785507985,-0.037504244817076954,0.4014827424711989
2010-09-06,0.04543596774095649,-0.044580228785507985,-0.037504244817076954,0.4014827424711989
2010-09-07,0.04398931979898774,-0.04311667223717549,-0.037170760010362236,0.4014827424711989
2010-09-08,0.044460623342770365,-0.043778220561325416,-0.03625068551331263,0.4014827424711989
2010-09-09,0.045700639494664054,-0.045162199565521144,-0.035173407116618545,0.4014827424711989
2010-09-10,0.04618655549250969,-0.04567181073724001,-0.035233706913864654,0.4014827424711989
2010-09-13,0.04576928878306262,-0.04505822253668002,-0.037300209792640496,0.4014827424711989
2010-09-14,0.04548108085434283,-0.04454511022169699,-0.03914916359078801,0.4014827424711989
2010-09-15,0.04648637904871475,-0.04556444873614165,-0.0402349026530901,0.4014827424711989
2010-09-16,0.04726083201297775,-0.0463019995781338,-0.04137197106952282,0.4014827424711989
2010-09-17,0.047100613647147425,-0.046068976198944546,-0.04179296179153231,0.4014827424711989
2010-09-20,0.04679664488048677,-0.04566681442173316,-0.04230084771089354,0.4014827424711989
2010-09-21,0.04594140411319891,-0.04461253726494862,-0.043762841843520375,0.4014827424711989
2010-09-22,0.045164707108174114,-0.04390699037610872,-0.042668616863484846,0.4014827424711989
2010-09-23,0.04509905869142137,-0.04378636302286368,-0.042570243841046754,0.4014827424711989
2010-09-24,0.045847906700668774,-0.04480610791369271,-0.04238720523333557,0.4014827424711989
2010-09-27,0.04469727468659833,-0.043538206451223915,-0.04219170683987714,0.4014827424711989
2010-09-28,0.04432301639841043,-0.04302087610400705,-0.04364715469324329,0.4014827424711989
2010-09-29,0.04455480336979385,-0.04316109659886958,-0.04271181167275213,0.4014827424711989
2010-09-30,0.04472650080451239,-0.04326626820384674,-0.04360833180875767,0.4014827424711989
2010-10-01,0.04505833617081486,-0.04352942876649927,-0.044608451432866895,0.4014827424711989
2010-10-04,0.044995838982870705,-0.04347017481556891,-0.04536039920463663,0.4014827424711989
2010-10-05,0.04537937233164834,-0.043872358085353835,-0.04664094991049587,0.4014827424711989
2010-10-06,0.044568387552708366,-0.042978031052494814,-0.04701240716876573,0.4014827424711989
2010-10-07,0.04530392567074716,-0.043586890856878675,-0.049330920681791866,0.4014827424711989
2010-10-08,0.045627890191023,-0.043974176014851436,-0.05030369406474982,0.4014827424711989
2010-10-11,0.045627890191023,-0.043974176014851436,-0.05030369406474982,0.4014827424711989
2010-10-12,0.04611459154191387,-0.04443006352519815,-0.05022152120612418,0.4014827424711989
2010-10-13,0.0467060737688908,-0.04491550322838115,-0.05165241815348588,0.4014827424711989
2010-10-14,0.04748520651595127,-0.045733370016783674,-0.05167410156193674,0.4014827424711989
2010-10-15,0.048537752274585955,-0.04684609793699558,-0.052839173684076264,0.4014827424711989
2010-10-18,0.0479569406171835,-0.04604188594932981,-0.05368986632324046,0.4014827424711989
2010-10-19,0.047581164590334256,-0.045690430043039874,-0.053596101026733574,0.4014827424711989
2010-10-20,0.047615674315400314,-0.04576177391812448,-0.05383679214859046,0.4014827424711989
2010-10-21,0.04834555451306206,-0.04659980360920651,-0.053822543100221054,0.4014827424711989
2010-10-22,0.04828271159457315,-0.04664519324700304,-0.05301955873335468,0.4014827424711989
2010-10-25,0.0477876883980813,-0.04616507984107161,-0.05144028621286928,0.4014827424711989
2010-10-26,0.048858923751426676,-0.04731390843773453,-0.05123117714486514,0.4014827424711989
2010-10-27,0.04952510178985256,-0.0481424936293025,-0.050265322318174134,0.4014827424711989
2010-10-28,0.04964970125402726,-0.048027160088379886,-0.053640072599861095,0.4014827424711989
2010-10-29,0.04906527917928062,-0.04739077859131488,-0.05461524238053238,0.4014827424711989
2010-11-01,0.04939998547325629,-0.04771709298010047,-0.05514743999197946,0.4014827424711989
2010-11-02,0.04834075114300752,-0.046733247556726636,-0.053400067351538044,0.4014827424711989
2010-11-03,0.050358402889718844,-0.04850531369658172,-0.058202286619120795,0.4014827424711989
2010-11-04,0.049498021200279504,-0.04740402439082769,-0.059572881359890875,0.4014827424711989
2010-11-05,0.05018648729807248,-0.04816467215935974,-0.05891449716157673,0.4014827424711989
2010-11-08,0.049970593591333684,-0.0480765877999994,-0.05698520614911895,0.4014827424711989
2010-11-09,0.05129147322079679,-0.04962820236853337,-0.055448330100311104,0.4014827424711989
2010-11-10,0.05135663300899134,-0.0494806263730001,-0.057536795950979575,0.4014827424711989
2010-11-11,0.05135663300899134,-0.0494806263730001,-0.057536795950979575,0.4014827424711989
2010-11-12,0.05129165656639664,-0.04973327455804134,-0.052857594870347704,0.4014827424711989
2010-11-15,0.05266113274672111,-0.05128766995333883,-0.050893392065873615,0.4014827424711989
2010-11-16,0.05125008947568802,-0.04988454721739775,-0.04926020577792558,0.4014827424711989
2010-11-17,0.05201219410229646,-0.050681445453092264,-0.05050600775954803,0.4014827424711989
2010-11-18,0.05182385679481984,-0.05054168943092888,-0.04940727210737978,0.4014827424711989
2010-11-19,0.05118538702002709,-0.05003747386747969,-0.04764798154513268,0.4014827424711989
2010-11-22,0.05074057505214279,-0.04933487749075116,-0.04984799816291368,0.4014827424711989
2010-11-23,0.05063978190532949,-0.0490458631402432,-0.05125087533651432,0.4014827424711989
2010-11-24,0.051777612858530046,-0.050414322387576434,-0.04819212520362656,0.4014827424711989
2010-11-25,0.051777612858530046,-0.050414322387576434,-0.04819212520362656,0.4014827424711989
2010-11-26,0.05082819570160007,-0.04942641776883165,-0.047554898654854114,0.4014827424711989
2010-11-29,0.050201206830521476,-0.04872542591211119,-0.0469623911642184,0.4014827424711989
2010-11-30,0.0500545336340087,-0.04849476667771273,-0.04843973831356928,0.4014827424711989
2010-12-01,0.0512605112174761,-0.050131231228078006,-0.044999333821011,0.4014827424711989
2010-12-02,0.0514754608154833,-0.0504790780363784,-0.04402995167205406,0.4014827424711989
2010-12-03,0.05238617136833245,-0.0514666525910988,-0.046893118469972406,0.4014827424711989
2010-12-06,0.051857783688766874,-0.05069590454409191,-0.04936610274679577,0.4014827424711989
2010-12-07,0.053107925920073094,-0.05265546862026174,-0.043849744068629654,0.4014827424711989
2010-12-08,0.05347837291877893,-0.05326546662876784,-0.04025809158492067,0.4014827424711989
2010-12-09,0.05287125435277821,-0.05272396964338822,-0.03864852578563357,0.4014827424711989
2010-12-10,0.053174667419772864,-0.05329626627299583,-0.036746717388001005,0.4014827424711989
2010-12-13,0.05294522662320588,-0.052803666806978386,-0.03855212861049444,0.4014827424711989
2010-12-14,0.054708480433278125,-0.05491551714059929,-0.0364255297651873,0.4014827424711989
2010-12-15,0.05524578466880456,-0.05556791377287554,-0.036205686720089045,0.4014827424711989
2010-12-16,0.05489383220204131,-0.05512104515245353,-0.03728540765498646,0.4014827424711989
2010-12-17,0.05313906859466589,-0.05345579007476101,-0.036816162510919015,0.4014827424711989
2010-12-20,0.053427855389752775,-0.05369983880332094,-0.0366935660368412,0.4014827424711989
2010-12-21,0.053440033022349016,-0.05350313166665035,-0.037154405116207656,0.4014827424711989
2010-12-22,0.05345159035092427,-0.05363039275709669,-0.03603186125393918,0.4014827424711989
2010-12-23,0.053576979023987434,-0.05394838282721265,-0.03413332277640126,0.4014827424711989
2010-12-24,0.053576979023987434,-0.05394838282721265,-0.03413332277640126,0.4014827424711989
2010-12-27,0.05271910948484606,-0.05288921233068262,-0.03302941273101144,0.4014827424711989
2010-12-28,0.05409299642923428,-0.05450656278409892,-0.03208160617832505,0.4014827424711989
2010-12-29,0.0528987805861333,-0.053259431212605464,-0.034557952420971205,0.4014827424711989
2010-12-30,0.05307013935252826,-0.05352498214221715,-0.0339854070837662,0.4014827424711989
2010-12-31,0.052180404721190815,-0.05252360673232937,-0.034407219636170494,0.4014827424711989
2011-01-03,0.05296038931904017,-0.05306631383099435,-0.03574051699849191,0.4014827424711989
2011-01-04,0.0534426272445836,-0.05347287877118232,-0.03688935366687902,0.4014827424711989
2011-01-05,0.054517893060883525,-0.05473316902611801,-0.034254978808987056,0.4014827424711989
2011-01-06,0.05437853302064628,-0.0544579756507163,-0.03603505717258407,0.4014827424711989
2011-01-07,0.054096953867475685,-0.05394391859845461,-0.039565225583037336,0.4014827424711989
2011-01-10,0.0540439617188559,-0.053732915345659854,-0.04072016287310856,0.4014827424711989
2011-01-11,0.05427220949293958,-0.054040586480373576,-0.03963796345601713,0.4014827424711989
2011-01-12,0.05462658348137222,-0.05446024091852897,-0.039920170274862624,0.4014827424711989
2011-01-13,0.05436388196087643,-0.05405276612981284,-0.04129446909911167,0.4014827424711989
2011-01-14,0.05470218839809515,-0.0544133098827287,-0.04156949539409436,0.4014827424711989
2011-01-17,0.05470218839809515,-0.0544133098827287,-0.04156949539409436,0.4014827424711989
2011-01-18,0.05518534365453125,-0.05485641829181964,-0.04189119815796605,0.4014827424711989
2011-01-19,0.05480136492338902,-0.05440304759737456,-0.04176284167568223,0.4014827424711989
2011-01-20,0.05546434419258501,-0.055354425448775224,-0.03916395538062516,0.4014827424711989
2011-01-21,0.0551567199112096,-0.05499651344710342,-0.039555858388094375,0.4014827424711989
2011-01-24,0.054852481315047025,-0.05469582864859396,-0.039011371577823695,0.4014827424711989
2011-01-25,0.05407673395960297,-0.05379955863448252,-0.03992866471637272,0.4014827424711989
2011-01-26,0.055405041053473165,-0.055238210119381806,-0.04023563397835421,0.4014827424711989
2011-01-27,0.05527629678373075,-0.05520848678461063,-0.041091137860336434,0.4014827424711989
2011-01-28,0.05491304250754842,-0.05476530238249683,-0.04269127772794566,0.4014827424711989
2011-01-31,0.05559453139213011,-0.05533067529977741,-0.04281072153495882,0.4014827424711989
2011-02-01,0.055896181382824754,-0.055722048294696055,-0.04106917471670833,0.4014827424711989
2011-02-02,0.05576935106106394,-0.055752792307226226,-0.038238192472013016,0.4014827424711989
2011-02-03,0.05589307325563861,-0.05616320605878787,-0.03552773112154983,0.4014827424711989
2011-02-04,0.05650523308525682,-0.056935657285058214,-0.03355223013362906,0.4014827424711989
2011-02-07,0.056196734380150944,-0.056671812666487825,-0.032257727734813633,0.4014827424711989
2011-02-08,0.05640666479501084,-0.057103808052334365,-0.028955070656247466,0.4014827424711989
2011-02-09,0.05578328845245299,-0.05649801877413162,-0.030030351344549212,0.4014827424711989
2011-02-10,0.05608698505018923,-0.057167276866856326,-0.027968380666258966,0.4014827424711989
2011-02-11,0.05540174440641343,-0.05642965079472167,-0.027585877021921647,0.4014827424711989
2011-02-14,0.05489777861638671,-0.055838382034670696,-0.026817719161699928,0.4014827424711989
2011-02-15,0.05492317920486901,-0.05575623851122744,-0.027737678109582366,0.4014827424711989
2011-02-16,0.05495414678197832,-0.05593174489737903,-0.02706114207795394,0.4014827424711989
2011-02-17,0.0550572827534699,-0.05611547707945743,-0.029247813753047525,0.4014827424711989
2011-02-18,0.05552953073324464,-0.056499145220972255,-0.030468159044849886,0.4014827424711989
2011-02-21,0.05552953073324464,-0.056499145220972255,-0.030468159044849886,0.4014827424711989
2011-02-22,0.05457663945816025,-0.055075808029622426,-0.03340234647840707,0.4014827424711989
2011-02-23,0.054395162632851476,-0.054979468316719245,-0.03187134303451017,0.4014827424711989
2011-02-24,0.0538239090620318,-0.05435153950969815,-0.031532035359544804,0.4014827424711989
2011-02-25,0.05346729154405686,-0.05395705845882566,-0.03175247809312438,0.4014827424711989
2011-02-28,0.0535298791830698,-0.05384363799145975,-0.03316469265685254,0.4014827424711989
2011-03-01,0.05344840343260148,-0.054050837553703754,-0.0331260680463233,0.4014827424711989
2011-03-02,0.05413462510330772,-0.05460247186685923,-0.033265480544020044,0.4014827424711989
2011-03-03,0.054817815422647534,-0.055563288255978,-0.029445716140457615,0.4014827424711989
2011-03-04,0.054760401692644664,-0.055324728691087385,-0.03383388577411321,0.4014827424711989
2011-03-07,0.05484275781049775,-0.0555419602290842,-0.03305284189582839,0.4014827424711989
2011-03-08,0.055280711333489344,-0.056131655504058894,-0.03222839738409904,0.4014827424711989
2011-03-09,0.054671974480919844,-0.055446209806378835,-0.03327692384543479,0.4014827424711989
2011-03-10,0.053842244715113056,-0.05460072376286701,-0.03500995283927519,0.4014827424711989
2011-03-11,0.054222119532769175,-0.05504776981994748,-0.03540793917265107,0.4014827424711989
2011-03-14,0.05410715787839875,-0.05472532527626382,-0.03738407317679606,0.4014827424711989
2011-03-15,0.053449495759579725,-0.053959342914839864,-0.03638875665602369,0.4014827424711989
2011-03-16,0.05261553808290345,-0.05293653518319093,-0.03880121717075976,0.4014827424711989
2011-03-17,0.052927612700884835,-0.053326155788231015,-0.03800189454504406,0.4014827424711989
2011-03-18,0.052991218625979684,-0.05356488607987465,-0.0365991490386902,0.4014827424711989
2011-03-21,0.053003762051424125,-0.053589410409855674,-0.03402556931864559,0.4014827424711989
2011-03-22,0.0527797472613346,-0.05339171945059564,-0.033016340353050955,0.4014827424711989
2011-03-23,0.05285551590359969,-0.05360676533560246,-0.0326945352086829,0.4014827424711989
2011-03-24,0.05316286665273029,-0.054061369898684465,-0.030829448216862447,0.4014827424711989
2011-03-25,0.05317426499330718,-0.05410345248070706,-0.02857226519874751,0.4014827424711989
2011-03-28,0.05305232870685474,-0.053985253907728,-0.027526941060238497,0.4014827424711989
2011-03-29,0.053411675783101784,-0.05435643043038659,-0.027510387699237884,0.4014827424711989
2011-03-30,0.053228334719769135,-0.054203068141204444,-0.028234804553674008,0.4014827424711989
2011-03-31,0.05310632491145726,-0.05411630704078176,-0.027411086884680507,0.4014827424711989
2011-04-01,0.05269755223195683,-0.053999780018749124,-0.0260569673788364,0.4014827424711989
2011-04-04,0.053037795949973064,-0.05438731807064581,-0.028164219016872372,0.4014827424711989
2011-04-05,0.052955793076956956,-0.05419228591357199,-0.025432549159937562,0.4014827424711989
2011-04-06,0.05375366462730886,-0.05520548034266413,-0.0252929514724288,0.4014827424711989
2011-04-07,0.05460128450648842,-0.05610195576102365,-0.02781010329387163,0.4014827424711989
2011-04-08,0.054461636628701904,-0.05606233567767763,-0.026612878182507117,0.4014827424711989
2011-04-11,0.05454174514382084,-0.056102243483528956,-0.026741597835858614,0.4014827424711989
2011-04-12,0.0540975437968656,-0.05554463195415549,-0.029004361411506533,0.4014827424711989
2011-04-13,0.05389187822729548,-0.05522754915122521,-0.029762354247515558,0.4014827424711989
2011-04-14,0.05361637943508752,-0.054889574030141636,-0.028478216692196585,0.4014827424711989
2011-04-15,0.0531007606101115,-0.05425302655742289,-0.03035869969419708,0.4014827424711989
2011-04-18,0.05298424115066523,-0.05408878100991724,-0.031684880403403226,0.4014827424711989
2011-04-19,0.05276627160126555,-0.05387213478755592,-0.03154013797050798,0.4014827424711989
2011-04-20,0.05312986088069936,-0.05434802961549767,-0.030596642319098248,0.4014827424711989
2011-04-21,0.05316721846766771,-0.05440001721000223,-0.0310832789629127,0.4014827424711989
2011-04-22,0.05316721846766771,-0.05440001721000223,-0.0310832789629127,0.4014827424711989
2011-04-25,0.05309677501620141,-0.054175823520147375,-0.03223230276601875,0.4014827424711989
2011-04-26,0.052392911503896175,-0.05348535310333543,-0.032344046168186286,0.4014827424711989
2011-04-27,0.05316677337148617,-0.05425526059301584,-0.033314272485676505,0.4014827424711989
2011-04-28,0.05295332015028472,-0.054022424003280986,-0.03467083494129568,0.4014827424711989
2011-04-29,0.05273805557416359,-0.053740593008716295,-0.03519815212047252,0.4014827424711989
2011-05-02,0.0525471912451235,-0.053547403468166,-0.034973613915658994,0.4014827424711989
2011-05-03,0.0521866659368619,-0.053307263754603075,-0.03443373016675724,0.4014827424711989
2011-05-04,0.05182399915977721,-0.05299137899527253,-0.034299228414034266,0.4014827424711989
2011-05-05,0.050956805351715276,-0.05206813997977795,-0.03448476925715542,0.4014827424711989
2011-05-06,0.051441935788388224,-0.052501690246106306,-0.035778768416161594,0.4014827424711989
2011-05-09,0.05157362790823211,-0.05255794447797863,-0.036926939067511835,0.4014827424711989
2011-05-10,0.05181810786332428,-0.05290101569961238,-0.03500422493839868,0.4014827424711989
2011-05-11,0.051652954540186154,-0.05268794321609297,-0.03636609991283361,0.4014827424711989
2011-05-12,0.05218226249902596,-0.05326776518487489,-0.03656042841513786,0.4014827424711989
2011-05-13,0.05163609277045885,-0.05260186492243998,-0.03649933869005025,0.4014827424711989
2011-05-16,0.051291874668889015,-0.05218820992689683,-0.037077096399915146,0.4014827424711989
2011-05-17,0.05069189597258998,-0.051499494681406244,-0.03676942009059568,0.4014827424711989
2011-05-18,0.05124968720267289,-0.052121977314414265,-0.03573557653801972,0.4014827424711989
2011-05-19,0.05150687208470179,-0.05231222693932669,-0.036969047247378206,0.4014827424711989
2011-05-20,0.05153372130869581,-0.052232786918061595,-0.037997841881193935,0.4014827424711989
2011-05-23,0.05117006200049094,-0.051767817962428304,-0.03797589091646283,0.4014827424711989
2011-05-24,0.05100732156918704,-0.05155353393184951,-0.037663498322393546,0.4014827424711989
2011-05-25,0.05141172107049353,-0.051995475227691275,-0.0386081987212555,0.4014827424711989
2011-05-26,0.05104202431592322,-0.0514940440019839,-0.04063832461444362,0.4014827424711989
2011-05-27,0.05123172120207384,-0.05161040852128707,-0.04144154553005712,0.4014827424711989
2011-05-30,0.05123172120207384,-0.05161040852128707,-0.04144154553005712,0.4014827424711989
2011-05-31,0.05105641392489723,-0.05133287725360981,-0.04213982900999053,0.4014827424711989
2011-06-01,0.050217319608836054,-0.05038512711777606,-0.042958741943277375,0.4014827424711989
2011-06-02,0.05134547857911133,-0.05159405071665858,-0.04332656682852823,0.4014827424711989
2011-06-03,0.05115501392586913,-0.051323767536809624,-0.044673961068983484,0.4014827424711989
2011-06-06,0.05150747974831004,-0.05166153196400368,-0.045219769517732336,0.4014827424711989
2011-06-07,0.051827661238997624,-0.052005155077865545,-0.04609804732265273,0.4014827424711989
2011-06-08,0.05119475249520062,-0.05131035793756565,-0.04654132150507992,0.4014827424711989
2011-06-09,0.05124140588374489,-0.051452727165396644,-0.04454130449279731,0.4014827424711989
2011-06-10,0.05082470086639863,-0.051025973727698355,-0.04445460604163125,0.4014827424711989
2011-06-13,0.05108386885408651,-0.051295026813728294,-0.04467078853419795,0.4014827424711989
2011-06-14,0.05215291347824324,-0.05250768535575136,-0.04330579257569468,0.4014827424711989
2011-06-15,0.0511677529266277,-0.051254467970062834,-0.046184618890826104,0.4014827424711989
2011-06-16,0.050648916377182045,-0.05069299086633689,-0.046100785846227565,0.4014827424711989
2011-06-17,0.05096862892472677,-0.051085041177289105,-0.04643133060631384,0.4014827424711989
2011-06-20,0.05102863727188329,-0.05122023928445878,-0.045900807981050756,0.4014827424711989
2011-06-21,0.05125923645197336,-0.051516014877080615,-0.045582586271584416,0.4014827424711989
2011-06-22,0.0514543343150912,-0.051835959046922064,-0.04562522314060216,0.4014827424711989
2011-06-23,0.050952067346038916,-0.051223875453799014,-0.04761295051900068,0.4014827424711989
2011-06-24,0.051048793433503256,-0.051062358677416445,-0.04999246311990392,0.4014827424711989
2011-06-27,0.05214191165924616,-0.052104329653828024,-0.04978226182096153,0.4014827424711989
2011-06-28,0.052402790279653305,-0.05259893712492161,-0.045647004548637723,0.4014827424711989
2011-06-29,0.05317648188938756,-0.05364496602489256,-0.04454197648430029,0.4014827424711989
2011-06-30,0.053139773668299306,-0.053777403395074,-0.04300290847848423,0.4014827424711989
2011-07-01,0.05323982963748672,-0.053985634353739584,-0.04148469764707105,0.4014827424711989
2011-07-04,0.05323982963748672,-0.053985634353739584,-0.04148469764707105,0.4014827424711989
2011-07-05,0.053368655496159316,-0.05394633336238942,-0.04484787613218934,0.4014827424711989
2011-07-06,0.05291551500694231,-0.053503885447288305,-0.04508650022689449,0.4014827424711989
2011-07-07,0.05291491589090849,-0.05350492100169503,-0.042622087920493934,0.4014827424711989
2011-07-08,0.052141616051827246,-0.052421898911301446,-0.04669331448492538,0.4014827424711989
2011-07-11,0.051309214170185226,-0.05145127488547331,-0.04784768947964134,0.4014827424711989
2011-07-12,0.05112413711662225,-0.0512439632831346,-0.047978386791720146,0.4014827424711989
2011-07-13,0.050981561404895404,-0.05123221281282232,-0.0479259336551116,0.4014827424711989
2011-07-14,0.05183460338806379,-0.05219020256599398,-0.047811696952503695,0.4014827424711989
2011-07-15,0.05204924400733169,-0.05216997313211233,-0.0500426729859511,0.4014827424711989
2011-07-18,0.052428000726551856,-0.05249953790228978,-0.05099237804869711,0.4014827424711989
2011-07-19,0.05112228535822843,-0.05115497654225838,-0.04848459453421562,0.4014827424711989
2011-07-20,0.051814323512928494,-0.05191237505062217,-0.048513870482194923,0.4014827424711989
2011-07-21,0.05252607290519255,-0.05251577592059731,-0.04819588304461275,0.4014827424711989
2011-07-22,0.05196162269942896,-0.051859827450616194,-0.048264595562297036,0.4014827424711989
2011-07-25,0.052517904803040666,-0.052414149610551075,-0.04837896051892178,0.4014827424711989
2011-07-26,0.05220957456511769,-0.05183190600338647,-0.049410924492982775,0.4014827424711989
2011-07-27,0.052140145146507944,-0.05176831791687911,-0.04795149179001508,0.4014827424711989
2011-07-28,0.05196077240570302,-0.05145600651402234,-0.04885139404990349,0.4014827424711989
2011-07-29,0.05063737120378019,-0.04939420961224566,-0.052632869824551995,0.4014827424711989
2011-08-01,0.0498671297169374,-0.04865956159515563,-0.05162056347301058,0.4014827424711989
2011-08-02,0.048223675641886635,-0.047510267649663616,-0.05041449674622102,0.4014827424711989
2011-08-03,0.04751437623348458,-0.04732196773235146,-0.04787850048039084,0.4014827424711989
2011-08-04,0.04543625628012899,-0.04518784140058474,-0.04824318649649766,0.4014827424711989
2011-08-05,0.04682027080199988,-0.046821209018761516,-0.047630058463081756,0.4014827424711989
2011-08-08,0.04487657934662008,-0.04439255175021477,-0.048207927942650455,0.4014827424711989
2011-08-09,0.04365794203538542,-0.04282511515286443,-0.05226875359769169,0.4014827424711989
2011-08-10,0.042944597708332755,-0.042228537071628304,-0.05086141232419318,0.4014827424711989
2011-08-11,0.046462137927949995,-0.04567408956949879,-0.055120313967122664,0.4014827424711989
2011-08-12,0.04513489883885373,-0.04428315038200291,-0.054386460029856615,0.4014827424711989
2011-08-15,0.045615315040230316,-0.04483106355940136,-0.05423046195447538,0.4014827424711989
2011-08-16,0.04472218590582676,-0.043794984705204085,-0.05387473196184795,0.4014827424711989
2011-08-17,0.043455346315874846,-0.04265677499030127,-0.05221792416722667,0.4014827424711989
2011-08-18,0.041820682861318244,-0.041104995399890466,-0.04990464365711904,0.4014827424711989
2011-08-19,0.04107688757472752,-0.04046633908821106,-0.04823729743466419,0.4014827424711989
2011-08-22,0.04134562077125951,-0.040825386082095155,-0.04749875544220254,0.4014827424711989
2011-08-23,0.0420675333700772,-0.041541061144876254,-0.04822988046569403,0.4014827424711989
2011-08-24,0.04414019578769537,-0.043651924414817994,-0.04943955979261734,0.4014827424711989
2011-08-25,0.043696848733508604,-0.04319025356526881,-0.05029304699811309,0.4014827424711989
2011-08-26,0.043176782846094636,-0.042683854054293,-0.05061750913779166,0.4014827424711989
2011-08-29,0.044351156634115756,-0.04383187964632219,-0.05130366849194873,0.4014827424711989
2011-08-30,0.04307219343560464,-0.04247000429687059,-0.050598353071135464,0.4014827424711989
2011-08-31,0.0439859697555671,-0.04333144838770631,-0.05177390957418361,0.4014827424711989
2011-09-01,0.042894094405068854,-0.04211772397851056,-0.051530944573806525,0.4014827424711989
2011-09-02,0.040307090760945435,-0.03959245717786251,-0.04758612555935909,0.4014827424711989
2011-09-05,0.040307090760945435,-0.03959245717786251,-0.04758612555935909,0.4014827424711989
2011-09-06,0.039440350364826175,-0.038658489733324426,-0.046117595228511055,0.4014827424711989
2011-09-07,0.04071682008964566,-0.04009210155158173,-0.047222263680651536,0.4014827424711989
2011-09-08,0.04026173601665277,-0.03948646500938333,-0.047669709147500655,0.4014827424711989
2011-09-09,0.03956595419591437,-0.03881245219032225,-0.04804775496597476,0.4014827424711989
2011-09-12,0.03907802056059402,-0.03843836073008553,-0.04549965742192824,0.4014827424711989
2011-09-13,0.040148222284524415,-0.039563226166558954,-0.046730016547215064,0.4014827424711989
2011-09-14,0.04021602393219926,-0.03978135115106392,-0.046240797699525,0.4014827424711989
2011-09-15,0.040764074422053806,-0.04039668373967988,-0.0459369641231193,0.4014827424711989
2011-09-16,0.04069716986550712,-0.04032582627852921,-0.046428375883549367,0.4014827424711989
2011-09-19,0.03927450000885164,-0.0387673651412439,-0.046393879583519024,0.4014827424711989
2011-09-20,0.03891340337998125,-0.03842013768563128,-0.04560958339359021,0.4014827424711989
2011-09-21,0.03661314894353343,-0.03621076797886752,-0.040469482413503455,0.4014827424711989
2011-09-22,0.033638163629849234,-0.03331901090479264,-0.03728179971843813,0.4014827424711989
2011-09-23,0.034945914667157164,-0.03478947361876775,-0.03686697342003333,0.4014827424711989
2011-09-26,0.03619604637239573,-0.03599475818346842,-0.03803429722681504,0.4014827424711989
2011-09-27,0.03738057059926543,-0.03727808290611408,-0.03843618165907007,0.4014827424711989
2011-09-28,0.03765990958845202,-0.03750569176583132,-0.03847587680033816,0.4014827424711989
2011-09-29,0.03677160558457894,-0.036641116171475474,-0.03708159429334619,0.4014827424711989
2011-09-30,0.0352971674416006,-0.03506298533707239,-0.03543701838687213,0.4014827424711989
2011-10-03,0.03350295753896246,-0.033215236907765996,-0.034470091537188635,0.4014827424711989
2011-10-04,0.033606140408714735,-0.033471590436224115,-0.03384656411678068,0.4014827424711989
2011-10-05,0.034814792431180665,-0.03493088697745017,-0.03374769361827647,0.4014827424711989
2011-10-06,0.03590283036920136,-0.036038632888609805,-0.03399593870981397,0.4014827424711989
2011-10-07,0.036628067660250514,-0.036868989575457235,-0.03305124710598036,0.4014827424711989
2011-10-10,0.036628067660250514,-0.036868989575457235,-0.03305124710598036,0.4014827424711989
2011-10-11,0.03766968821935055,-0.03792296739691963,-0.033146667733287824,0.4014827424711989
2011-10-12,0.03876576050810385,-0.039064058889661475,-0.034641746659686015,0.4014827424711989
2011-10-13,0.03833452506154292,-0.038471827775628756,-0.03540584827785093,0.4014827424711989
2011-10-14,0.03936471791047616,-0.0394781082208794,-0.03684880864677055,0.4014827424711989
2011-10-17,0.03821520811763511,-0.038190516931683696,-0.03618011370127197,0.4014827424711989
2011-10-18,0.03871994086511328,-0.03859918938557103,-0.037511601135529066,0.4014827424711989
2011-10-19,0.038685433927790995,-0.03863182845100695,-0.03779537346269561,0.4014827424711989
2011-10-20,0.038945248466718596,-0.038865632680201295,-0.03791540867698436,0.4014827424711989
2011-10-21,0.03973592303591916,-0.039716890069343085,-0.03882259131459686,0.4014827424711989
2011-10-24,0.03990564912449116,-0.03994106966442755,-0.03843381005755439,0.4014827424711989
2011-10-25,0.038266819810999754,-0.038231104821446225,-0.03799202696684174,0.4014827424711989
2011-10-26,0.03926129893974809,-0.03929327192351926,-0.03750373299885422,0.4014827424711989
2011-10-27,0.04213261803170497,-0.042203091372071934,-0.03940735907364601,0.4014827424711989
2011-10-28,0.041106223068969536,-0.04114031824374059,-0.03959676110464159,0.4014827424711989
2011-10-31,0.0388029517271212,-0.038639677106208734,-0.039621674890704096,0.4014827424711989
2011-11-01,0.03667483025720427,-0.03642779599617287,-0.03847278337690739,0.4014827424711989
2011-11-02,0.03715694112419549,-0.03691396053747808,-0.039626523778681096,0.4014827424711989
2011-11-03,0.038096227167012164,-0.03786905342703711,-0.04042232208339443,0.4014827424711989
2011-11-04,0.037995122630193764,-0.03772308933737675,-0.04123361664606191,0.4014827424711989
2011-11-07,0.03739434418962441,-0.03715512030711177,-0.03996948263838217,0.4014827424711989
2011-11-08,0.03834775741633592,-0.03817089303214261,-0.04053710555761228,0.4014827424711989
2011-11-09,0.03699803347454775,-0.03671645506044389,-0.03982687033562302,0.4014827424711989
2011-11-10,0.03802589245313046,-0.037759089559284253,-0.041079093032264896,0.4014827424711989
2011-11-11,0.03802589245313046,-0.037759089559284253,-0.041079093032264896,0.4014827424711989
2011-11-14,0.0376222208933773,-0.03741068464184139,-0.039988404502438984,0.4014827424711989
2011-11-15,0.03772633708544816,-0.03749214540305892,-0.03952107811836153,0.4014827424711989
2011-11-16,0.03700192766519854,-0.036757447396142756,-0.0389480669648107,0.4014827424711989
2011-11-17,0.03606589063529648,-0.03580689687440215,-0.03777427521636721,0.4014827424711989
2011-11-18,0.03617118911732245,-0.036035214033017356,-0.03605626452655236,0.4014827424711989
2011-11-21,0.035808361418213905,-0.035585563892740556,-0.03642471348873857,0.4014827424711989
2011-11-22,0.035192450086553945,-0.03494211063125427,-0.03586930042699492,0.4014827424711989
2011-11-23,0.034127068517864664,-0.03386069952828706,-0.03457654204961702,0.4014827424711989
2011-11-24,0.034127068517864664,-0.03386069952828706,-0.03457654204961702,0.4014827424711989
2011-11-25,0.03531380773216336,-0.03505762911726137,-0.03528192758636879,0.4014827424711989
2011-11-28,0.0355670197145551,-0.03522499065741152,-0.03645919861437666,0.4014827424711989
2011-11-29,0.035896410818455106,-0.0356743650807741,-0.036109257976018334,0.4014827424711989
2011-11-30,0.03732715950053604,-0.037159027150120816,-0.03785996261360612,0.4014827424711989
2011-12-01,0.03801657664295056,-0.03784875749928005,-0.03870146983293579,0.4014827424711989
2011-12-02,0.03701773670457,-0.0367377185927435,-0.03839940005147019,0.4014827424711989
2011-12-05,0.03677803971099295,-0.036634158822776916,-0.03747125693310345,0.4014827424711989
2011-12-06,0.03737741650631454,-0.03731375134864118,-0.03807899764036077,0.4014827424711989
2011-12-07,0.03714894576346137,-0.0368851349423009,-0.03956610564204294,0.4014827424711989
2011-12-08,0.036707615281819726,-0.03646933507203479,-0.039676946236692566,0.4014827424711989
2011-12-09,0.0379426731537012,-0.03770291808405478,-0.0407132789103686,0.4014827424711989
2011-12-12,0.03739365012116394,-0.03713302036677797,-0.04025797566139381,0.4014827424711989
2011-12-13,0.03626127794439066,-0.0359391858404858,-0.03910426269191384,0.4014827424711989
2011-12-14,0.03524482788910788,-0.03499188719181701,-0.037108876897697485,0.4014827424711989
2011-12-15,0.03531696992612235,-0.035088257635527115,-0.037054696188690915,0.4014827424711989
2011-12-16,0.034633816343992166,-0.034365019181074694,-0.0372916913769714,0.4014827424711989
2011-12-19,0.033713392864008825,-0.03346710946438699,-0.03565261795649163,0.4014827424711989
2011-12-20,0.035408368754404874,-0.035216704597077826,-0.036680799756092716,0.4014827424711989
2011-12-21,0.036176853563674886,-0.035993361285460206,-0.03710458987022801,0.4014827424711989
2011-12-22,0.03607392783600709,-0.03593257839682406,-0.036908929496431694,0.4014827424711989
2011-12-23,0.036745843800237335,-0.036688876180079384,-0.03649338766449568,0.4014827424711989
2011-12-26,0.036745843800237335,-0.036688876180079384,-0.03649338766449568,0.4014827424711989
2011-12-27,0.03660382585276994,-0.03640853309800688,-0.036472752232106886,0.4014827424711989
2011-12-28,0.03498301194725487,-0.03484898967269702,-0.03503324598806795,0.4014827424711989
2011-12-29,0.03490638851182781,-0.03461258676744277,-0.03580390563113931,0.4014827424711989
2011-12-30,0.03501419471241094,-0.03460232545077217,-0.03757809410254985,0.4014827424711989
2012-01-02,0.03501419471241094,-0.03460232545077217,-0.03757809410254985,0.4014827424711989
2012-01-03,0.03611049750663069,-0.035775217581798295,-0.03776637734007894,0.4014827424711989
2012-01-04,0.03677436160833747,-0.036423672114894834,-0.03892067974178605,0.4014827424711989
2012-01-05,0.03717138709868701,-0.036767576408488184,-0.03965891917159413,0.4014827424711989
2012-01-06,0.036674330823790784,-0.036247787396704874,-0.03945667360210988,0.4014827424711989
2012-01-09,0.03670178389406052,-0.03633028087829417,-0.039672133261961715,0.4014827424711989
2012-01-10,0.036989205465250766,-0.03660621187123509,-0.040144142343541855,0.4014827424711989
2012-01-11,0.03599853662622942,-0.035540310203650935,-0.03979414904719858,0.4014827424711989
2012-01-12,0.03620693377891054,-0.03570120691704043,-0.03990482873787592,0.4014827424711989
2012-01-13,0.03542227194436151,-0.03487199670363711,-0.03939656795283943,0.4014827424711989
2012-01-16,0.03542227194436151,-0.03487199670363711,-0.03939656795283943,0.4014827424711989
2012-01-17,0.03522752573707411,-0.034653964982259464,-0.039559800091172416,0.4014827424711989
2012-01-18,0.03598441457907882,-0.03539667350037997,-0.03997335774658356,0.4014827424711989
2012-01-19,0.037172029562813624,-0.036528772248856985,-0.040683336987255174,0.4014827424711989
2012-01-20,0.03779986761418033,-0.03724947205628935,-0.040723280493413214,0.4014827424711989
2012-01-23,0.03836689470525066,-0.037868269824023935,-0.04095865618599304,0.4014827424711989
2012-01-24,0.038392672638121725,-0.037899725068528595,-0.04139009542524642,0.4014827424711989
2012-01-25,0.03825201978845135,-0.03747078710069883,-0.04411568657033387,0.4014827424711989
2012-01-26,0.03789245232405708,-0.036897705320908955,-0.04508214099560712,0.4014827424711989
2012-01-27,0.037496597724695845,-0.03640026469789087,-0.04497586911960294,0.4014827424711989
2012-01-30,0.036490202734380535,-0.035419667201056895,-0.04380802049433107,0.4014827424711989
2012-01-31,0.03583380345642908,-0.03473119878604343,-0.04321521430663608,0.4014827424711989
2012-02-01,0.03668138924924761,-0.03549655611285,-0.04437053340389771,0.4014827424711989
2012-02-02,0.036665626657698805,-0.035255430610520985,-0.045031169025892936,0.4014827424711989
2012-02-03,0.03818968216746659,-0.03692662749637151,-0.045678250135717795,0.4014827424711989
2012-02-06,0.03749796551685585,-0.036290530313413075,-0.04480660193979865,0.4014827424711989
2012-02-07,0.038274323988875494,-0.03707774397093894,-0.04464154556871276,0.4014827424711989
2012-02-08,0.03825178536085828,-0.037005213762236235,-0.044476747486908295,0.4014827424711989
2012-02-09,0.03886871636234571,-0.03764301264298742,-0.04462041866307652,0.4014827424711989
2012-02-10,0.03776721261074925,-0.036502002586677,-0.04402076699667194,0.4014827424711989
2012-02-13,0.03803495134713374,-0.0366904450274151,-0.043467049793547166,0.4014827424711989
2012-02-14,0.037001372765517626,-0.035378628586255276,-0.04303002903610015,0.4014827424711989
2012-02-15,0.037372908967226816,-0.03580056860975082,-0.04378990116028496,0.4014827424711989
2012-02-16,0.0378986952824579,-0.036703899241155365,-0.04243956999596218,0.4014827424711989
2012-02-17,0.038135274155095066,-0.037015552168511344,-0.04237697344325788,0.4014827424711989
2012-02-20,0.038135274155095066,-0.037015552168511344,-0.04237697344325788,0.4014827424711989
2012-02-21,0.03855609123945817,-0.037553566569123856,-0.04189622364067662,0.4014827424711989
2012-02-22,0.03808047217599755,-0.03681374626034327,-0.042780249255580605,0.4014827424711989
2012-02-23,0.037732248189330485,-0.03644094277078375,-0.04210457761796789,0.4014827424711989
2012-02-24,0.03739231797650462,-0.03606063259668142,-0.041394724788394746,0.4014827424711989
2012-02-27,0.03673186805462505,-0.03525587082261504,-0.041878106360714595,0.4014827424711989
2012-02-28,0.03706617258407802,-0.0355576549570029,-0.04232646395544577,0.4014827424711989
2012-02-29,0.037175692431267136,-0.03592538678228843,-0.04120306624650198,0.4014827424711989
2012-03-01,0.03809198797709721,-0.036896405905118244,-0.04208030676772424,0.4014827424711989
2012-03-02,0.03772759361559234,-0.03654767073636688,-0.04270105965958747,0.4014827424711989
2012-03-05,0.03781221791178458,-0.03654606442125404,-0.04223184396579039,0.4014827424711989
2012-03-06,0.037253632475026915,-0.035982664620257565,-0.04235256434736698,0.4014827424711989
2012-03-07,0.03764905760293652,-0.03635274721417418,-0.0425563997637039,0.4014827424711989
2012-03-08,0.038353161147801344,-0.037064252033894435,-0.042757697031136674,0.4014827424711989
2012-03-09,0.0384045876748102,-0.03718217105417324,-0.04223366438028767,0.4014827424711989
2012-03-12,0.03814574358554604,-0.03695630284281248,-0.041382905049694406,0.4014827424711989
2012-03-13,0.039247548775738064,-0.038151110383938695,-0.04109376805264847,0.4014827424711989
2012-03-14,0.04107918203645159,-0.04010368372075213,-0.040240558782549465,0.4014827424711989
2012-03-15,0.04111814782874142,-0.04013659438965793,-0.041128578562601235,0.4014827424711989
2012-03-16,0.041092348966009926,-0.040187495820468336,-0.04036577501770975,0.4014827424711989
2012-03-19,0.04184370107798198,-0.04103174634640669,-0.03980431909091625,0.4014827424711989
2012-03-20,0.04151702277773952,-0.04070302392866059,-0.03867314323607052,0.4014827424711989
2012-03-21,0.04070604154731196,-0.03979093382816159,-0.039213501785039094,0.4014827424711989
2012-03-22,0.040572068818050894,-0.03982533299124485,-0.03938535604501614,0.4014827424711989
2012-03-23,0.039875730173808036,-0.03910669724512273,-0.038817793902771396,0.4014827424711989
2012-03-26,0.04016016643072913,-0.03928931109737254,-0.03980374721496696,0.4014827424711989
2012-03-27,0.039808550519649114,-0.038824221830022376,-0.04105590673585747,0.4014827424711989
2012-03-28,0.039932260692842794,-0.039035231641461644,-0.04076259739296402,0.4014827424711989
2012-03-29,0.03942272749960553,-0.03866496127902455,-0.04031082573707107,0.4014827424711989
2012-03-30,0.04042311455199526,-0.03951678714077662,-0.04165669217644506,0.4014827424711989
2012-04-02,0.040460372703806737,-0.03953111271168437,-0.04210541366700225,0.4014827424711989
2012-04-03,0.04111013776177426,-0.040197098481197444,-0.041041056265138494,0.4014827424711989
2012-04-04,0.040657365652696585,-0.039641872476012065,-0.041824530341182,0.4014827424711989
2012-04-05,0.040044306417585655,-0.038970554259239815,-0.042035135398359846,0.4014827424711989
2012-04-06,0.03874517556840125,-0.03751497818962698,-0.04299781274277768,0.4014827424711989
2012-04-09,0.03834809432680071,-0.0370318952448164,-0.04228987158816688,0.4014827424711989
2012-04-10,0.03790221934257765,-0.03646010925783195,-0.043279614328956585,0.4014827424711989
2012-04-11,0.03847837457106485,-0.03712851739193611,-0.04323936050249407,0.4014827424711989
2012-04-12,0.03898018022259096,-0.03764692739408347,-0.04380241141771782,0.4014827424711989
2012-04-13,0.038015929126509036,-0.0367291128470268,-0.04316829641573623,0.4014827424711989
2012-04-16,0.03770722766588211,-0.036396511010304174,-0.04281342429932693,0.4014827424711989
2012-04-17,0.03814197969288493,-0.03689976070799413,-0.04291540386801236,0.4014827424711989
2012-04-18,0.037821770632362875,-0.03664864684447515,-0.042763768941145267,0.4014827424711989
2012-04-19,0.03762833413252651,-0.03651074039160189,-0.042665732281406125,0.4014827424711989
2012-04-20,0.037631492624381875,-0.03646466801709901,-0.0422933846355758,0.4014827424711989
2012-04-23,0.03719987594047262,-0.036007108260412174,-0.042439020869065536,0.4014827424711989
2012-04-24,0.03774750382173894,-0.03640268335438827,-0.043034623355004874,0.4014827424711989
2012-04-25,0.038087379477298164,-0.03668707715933773,-0.043847896011550064,0.4014827424711989
2012-04-26,0.037846315156854465,-0.03633177009355725,-0.04413939582012539,0.4014827424711989
2012-04-27,0.03766175874895972,-0.03620411696906844,-0.04395104505644262,0.4014827424711989
2012-04-30,0.03764909047632571,-0.036087597812109774,-0.04421172244800258,0.4014827424711989
2012-05-01,0.038093238994452924,-0.036603217550314884,-0.04443780971209767,0.4014827424711989
2012-05-02,0.03750468823968288,-0.03610947710958815,-0.043543870300245924,0.4014827424711989
2012-05-03,0.03751469811318253,-0.03611201202320091,-0.04332244593854153,0.4014827424711989
2012-05-04,0.03694430668914833,-0.03556642839218878,-0.043530836233053996,0.4014827424711989
2012-05-07,0.03699029513147992,-0.035470996061033815,-0.04369077239108865,0.4014827424711989
2012-05-08,0.036493599147526465,-0.03489770597369663,-0.04356118303403335,0.4014827424711989
2012-05-09,0.03646040247528478,-0.03489717313269997,-0.04347278130016746,0.4014827424711989
2012-05-10,0.03679906951678554,-0.03518503989299972,-0.04377566154974415,0.4014827424711989
2012-05-11,0.03615562240796706,-0.03452165644646642,-0.043504042483747056,0.4014827424711989
2012-05-14,0.035186818598632666,-0.03352039890229622,-0.04219453356579199,0.4014827424711989
2012-05-15,0.034673615925737616,-0.03304343826426223,-0.04115075963344753,0.4014827424711989
2012-05-16,0.03441128485893202,-0.032766710000464314,-0.04034067563044091,0.4014827424711989
2012-05-17,0.03308511721736402,-0.03145232217329264,-0.038209369846398375,0.4014827424711989
2012-05-18,0.03304819434552053,-0.031613828573470046,-0.037445090510801346,0.4014827424711989
2012-05-21,0.03329306046317248,-0.031872576678430416,-0.03771919296440288,0.4014827424711989
2012-05-22,0.03422313427191765,-0.03274831322417965,-0.03905385293390627,0.4014827424711989
2012-05-23,0.03337536352083535,-0.031900538996706855,-0.03866572328678112,0.4014827424711989
2012-05-24,0.033972332545730094,-0.03243443130660524,-0.03887468007627395,0.4014827424711989
2012-05-25,0.03376177315785388,-0.032268007865473805,-0.038824183624732195,0.4014827424711989
2012-05-28,0.03376177315785388,-0.032268007865473805,-0.038824183624732195,0.4014827424711989
2012-05-29,0.03370542262185241,-0.03224983770725645,-0.03860133605899706,0.4014827424711989
2012-05-30,0.03218076513793272,-0.03076406655333091,-0.03803770190433152,0.4014827424711989
2012-05-31,0.03156689814859449,-0.030186622616954338,-0.03760049215907533,0.4014827424711989
2012-06-01,0.029752568210318745,-0.02838910570160927,-0.036070946007073584,0.4014827424711989
2012-06-04,0.030186398122223942,-0.028856062282197503,-0.035360966386073306,0.4014827424711989
2012-06-05,0.03111602790323334,-0.029683839613578664,-0.037017873631470195,0.4014827424711989
2012-06-06,0.03242064655578701,-0.031048328573019167,-0.0377593028729661,0.4014827424711989
2012-06-07,0.032598432442709706,-0.031191583112126144,-0.03823683226014334,0.4014827424711989
2012-06-08,0.032715034379059725,-0.0312500512309998,-0.03852241832079237,0.4014827424711989
2012-06-11,0.032000267484558434,-0.030458887875349325,-0.038251599246544116,0.4014827424711989
2012-06-12,0.03269581093912064,-0.031181209736892992,-0.03765524697957999,0.4014827424711989
2012-06-13,0.03182473097020353,-0.03022780990439035,-0.03731807080531407,0.4014827424711989
2012-06-14,0.032220442568312246,-0.030600175174306216,-0.037461352176524076,0.4014827424711989
2012-06-15,0.031903271218281556,-0.030364809174432024,-0.037930357473436226,0.4014827424711989
2012-06-18,0.0315505296767483,-0.02998375111114704,-0.037200668870520426,0.4014827424711989
2012-06-19,0.03224894194749189,-0.03075905768831353,-0.037644940435879196,0.4014827424711989
2012-06-20,0.03210217827852773,-0.030604330535181565,-0.03646396511261964,0.4014827424711989
2012-06-21,0.031575295590912766,-0.030168233900527863,-0.03563761765014475,0.4014827424711989
2012-06-22,0.032507087974530176,-0.031141295327299603,-0.03643726255486084,0.4014827424711989
2012-06-25,0.031808009185322,-0.030267419975595587,-0.036647718626733515,0.4014827424711989
2012-06-26,0.0320462123793141,-0.03052009978126631,-0.03624689177974924,0.4014827424711989
2012-06-27,0.03186030761343958,-0.03031958386803249,-0.03624057596522472,0.4014827424711989
2012-06-28,0.03138171865816466,-0.02989390460869685,-0.03616079591785247,0.4014827424711989
2012-06-29,0.03261202725701431,-0.031100752122608682,-0.03747683329424117,0.4014827424711989
2012-07-02,0.03179977057893748,-0.03012845339638743,-0.03782951548853865,0.4014827424711989
2012-07-03,0.032538989902099164,-0.03084440981189554,-0.038663653830525946,0.4014827424711989
2012-07-04,0.032538989902099164,-0.03084440981189554,-0.038663653830525946,0.4014827424711989
2012-07-05,0.0322878944752324,-0.030669984816529515,-0.03866957869947964,0.4014827424711989
2012-07-06,0.03155417485005337,-0.029909292813730913,-0.03834638489346107,0.4014827424711989
2012-07-09,0.0310293637470655,-0.02935635241940502,-0.03797955969834221,0.4014827424711989
2012-07-10,0.030772768176155384,-0.029064431645930845,-0.03747338830394066,0.4014827424711989
2012-07-11,0.03080713192179099,-0.02908702439758381,-0.03744009507120066,0.4014827424711989
2012-07-12,0.030397943329978385,-0.028634538259364677,-0.03732115868445243,0.4014827424711989
2012-07-13,0.030637277387850922,-0.028874303502194665,-0.03768040079873382,0.4014827424711989
2012-07-16,0.030445854925831295,-0.028845525885368664,-0.037828586809169354,0.4014827424711989
2012-07-17,0.03091378098884058,-0.029179538419234846,-0.03842525706582198,0.4014827424711989
2012-07-18,0.030957118268356017,-0.029247403348473477,-0.03916751886639849,0.4014827424711989
2012-07-19,0.031237928673748642,-0.029615512199323235,-0.039071766178464966,0.4014827424711989
2012-07-20,0.03045138586365108,-0.0287538562113017,-0.03866119012531918,0.4014827424711989
2012-07-23,0.030159821923897635,-0.028401234466630912,-0.038694935462400895,0.4014827424711989
2012-07-24,0.02954468664925704,-0.027722849201064707,-0.03787926640681431,0.4014827424711989
2012-07-25,0.029478734301305418,-0.027692854604523594,-0.03785688986344926,0.4014827424711989
2012-07-26,0.029713197774977718,-0.0278941516498803,-0.037551583356272594,0.4014827424711989
2012-07-27,0.031469057352430746,-0.02980137394735094,-0.038361414815048976,0.4014827424711989
2012-07-30,0.03090540892550923,-0.029184364497738577,-0.038631794325933236,0.4014827424711989
2012-07-31,0.030744022952298458,-0.029027566556948492,-0.038735127314952905,0.4014827424711989
2012-08-01,0.0311997758802197,-0.029574701836626215,-0.03832437942894205,0.4014827424711989
2012-08-02,0.030488991357788504,-0.028968017523412826,-0.037567042594490285,0.4014827424711989
2012-08-03,0.03175140323219578,-0.03038618936107392,-0.03798384067321563,0.4014827424711989
2012-08-06,0.031748767294196796,-0.030226015827968807,-0.03866984271057161,0.4014827424711989
2012-08-07,0.032593848725093334,-0.030944338382545872,-0.038548311891221335,0.4014827424711989
2012-08-08,0.03285465351861685,-0.03121641330165318,-0.038491138984522666,0.4014827424711989
2012-08-09,0.03312854396785788,-0.03140417474038213,-0.038959595517501625,0.4014827424711989
2012-08-10,0.03275487872983647,-0.031067412245471604,-0.03926601464385539,0.4014827424711989
2012-08-13,0.03275557159224303,-0.030999611251122113,-0.03927948622705666,0.4014827424711989
2012-08-14,0.03378075870323264,-0.03205689407981221,-0.039811167260153574,0.4014827424711989
2012-08-15,0.034736141485091875,-0.033194811014097804,-0.039816523519929946,0.4014827424711989
2012-08-16,0.035316850998024,-0.03380710466300186,-0.040101326545222374,0.4014827424711989
2012-08-17,0.034977068431787425,-0.0334954734802769,-0.03970774646663104,0.4014827424711989
2012-08-20,0.03506248808758809,-0.03350869957467086,-0.04023102869159424,0.4014827424711989
2012-08-21,0.034648325438876464,-0.03305035281872568,-0.03944661013175489,0.4014827424711989
2012-08-22,0.033799882708014865,-0.032088073550322206,-0.040640423448108635,0.4014827424711989
2012-08-23,0.033396310441810524,-0.031667385171054045,-0.04033920165202732,0.4014827424711989
2012-08-24,0.033306394028644326,-0.03163371108381494,-0.03969376945653733,0.4014827424711989
2012-08-27,0.03293000646283088,-0.031178513518910662,-0.03967175552885305,0.4014827424711989
2012-08-28,0.03281336299378602,-0.03097662234218552,-0.03997688433904899,0.4014827424711989
2012-08-29,0.03311546191475702,-0.03123529037347799,-0.04048582796567697,0.4014827424711989
2012-08-30,0.03287311543266973,-0.031014897818543483,-0.040698708442004274,0.4014827424711989
2012-08-31,0.03217672757058232,-0.030373219646713863,-0.04134675587369087,0.4014827424711989
2012-09-03,0.03217672757058232,-0.030373219646713863,-0.04134675587369087,0.4014827424711989
2012-09-04,0.03227078187464209,-0.03045112846040276,-0.040940135221542814,0.4014827424711989
2012-09-05,0.03241877708942421,-0.030508903566388877,-0.0410343706851299,0.4014827424711989
2012-09-06,0.03354934025213827,-0.03174352999788955,-0.0412210879498094,0.4014827424711989
2012-09-07,0.03377001758532732,-0.031907519605381816,-0.042541900027368046,0.4014827424711989
2012-09-10,0.033942493345519166,-0.032131670101776984,-0.04249737797950539,0.4014827424711989
2012-09-11,0.03408683572669615,-0.032307837097079205,-0.04239043006415709,0.4014827424711989
2012-09-12,0.03516282461869417,-0.03343815522246544,-0.04341880661499479,0.4014827424711989
2012-09-13,0.03553966722655795,-0.03363895839622106,-0.04555402071273708,0.4014827424711989
2012-09-14,0.037305419211214275,-0.03553048760631801,-0.046202948973686375,0.4014827424711989
2012-09-17,0.036585426380081894,-0.03494994132381791,-0.04470182148673077,0.4014827424711989
2012-09-18,0.036232294039176376,-0.03451360812208629,-0.0448107406752134,0.4014827424711989
2012-09-19,0.03578791093292433,-0.03400038136375192,-0.04424756171877105,0.4014827424711989
2012-09-20,0.035684427392219914,-0.033995458973741816,-0.04369709625241126,0.4014827424711989
2012-09-21,0.03552467265393729,-0.03380445507264516,-0.04403433844111897,0.4014827424711989
2012-09-24,0.03496551096027038,-0.03332961394036526,-0.043144237267897415,0.4014827424711989
2012-09-25,0.03429227604141018,-0.03249108592978213,-0.04284512871849354,0.4014827424711989
2012-09-26,0.033392209557241245,-0.031666348107016136,-0.04206549015110618,0.4014827424711989
2012-09-27,0.03386950145595298,-0.03220113891211215,-0.04264469904007759,0.4014827424711989
2012-09-28,0.03388291575292447,-0.032086715731339734,-0.04354647648710585,0.4014827424711989
2012-10-01,0.03367441865690304,-0.03195294289471084,-0.04290722939475792,0.4014827424711989
2012-10-02,0.033799627073521445,-0.03192263095242302,-0.04381575717073549,0.4014827424711989
2012-10-03,0.033925949263030816,-0.032025530113239026,-0.04417431217282211,0.4014827424711989
2012-10-04,0.03480261381216163,-0.032826773029497276,-0.04505611987225651,0.4014827424711989
2012-10-05,0.03558560783558841,-0.03358664985710657,-0.0452411746243075,0.4014827424711989
2012-10-08,0.03558560783558841,-0.03358664985710657,-0.0452411746243075,0.4014827424711989
2012-10-09,0.03521692511387466,-0.033245824234746695,-0.04466284401142182,0.4014827424711989
2012-10-10,0.03467102429234907,-0.032662839363122975,-0.04388800215080636,0.4014827424711989
2012-10-11,0.034244388166120125,-0.03229317526923043,-0.04300381515966546,0.4014827424711989
2012-10-12,0.03399320408100639,-0.03200657784147788,-0.0426760911272504,0.4014827424711989
2012-10-15,0.03416810504303186,-0.03222717755245155,-0.04282188604787187,0.4014827424711989
2012-10-16,0.03494596587934181,-0.03303477786810771,-0.04325266592078683,0.4014827424711989
2012-10-17,0.03578786564026891,-0.03396314869952194,-0.04240648381374046,0.4014827424711989
2012-10-18,0.03626724972852478,-0.034521883221054345,-0.04286322715093591,0.4014827424711989
2012-10-19,0.03513703925000139,-0.03344041007131272,-0.04139969143149739,0.4014827424711989
2012-10-22,0.03527002566549861,-0.03364040059394031,-0.04059843400243461,0.4014827424711989
2012-10-23,0.0348490431206265,-0.033127605373244814,-0.040938872751998506,0.4014827424711989
2012-10-24,0.03518709542429189,-0.03332369473301927,-0.04198319475344658,0.4014827424711989
2012-10-25,0.035703705984031234,-0.0339482059853892,-0.041077424481421806,0.4014827424711989
2012-10-26,0.03491069535771004,-0.033059821086577304,-0.041427675058103186,0.4014827424711989
2012-10-29,0.034313962185548975,-0.0323146252334149,-0.041329209001355144,0.4014827424711989
2012-10-30,0.034313962185548975,-0.0323146252334149,-0.041329209001355144,0.4014827424711989
2012-10-31,0.03402020494982466,-0.03223848312856047,-0.04085796065241791,0.4014827424711989
2012-11-01,0.03449406635520632,-0.032924842864273315,-0.04096205968330779,0.4014827424711989
2012-11-02,0.03475012902984974,-0.033069335865038636,-0.04179640877359136,0.4014827424711989
2012-11-05,0.034346303856425175,-0.03251731554363706,-0.04193480393087257,0.4014827424711989
2012-11-06,0.03485356388755284,-0.033053761377203277,-0.04137788808223939,0.4014827424711989
2012-11-07,0.03380786930743679,-0.03188593041813004,-0.042186495891486965,0.4014827424711989
2012-11-08,0.032948352447418436,-0.030899840986209952,-0.04153711259574401,0.4014827424711989
2012-11-09,0.03274409563874541,-0.030779131786343013,-0.04109788596231852,0.4014827424711989
2012-11-12,0.03274409563874541,-0.030779131786343013,-0.04109788596231852,0.4014827424711989
2012-11-13,0.03241478639026913,-0.03039230425220727,-0.04112901214370902,0.4014827424711989
2012-11-14,0.03255907188568539,-0.030460668991556798,-0.04165686108168239,0.4014827424711989
2012-11-15,0.03243532872268858,-0.030510145190832595,-0.04145726750076635,0.4014827424711989
2012-11-16,0.03246272519218512,-0.030861339244675448,-0.04093366039821387,0.4014827424711989
2012-11-19,0.03283004094855804,-0.031174138605670233,-0.04105184394942816,0.4014827424711989
2012-11-20,0.033632769553411955,-0.0317112744472005,-0.04199439949037893,0.4014827424711989
2012-11-21,0.03385122049660533,-0.03181683068393104,-0.04207831858766681,0.4014827424711989
2012-11-22,0.03385122049660533,-0.03181683068393104,-0.04207831858766681,0.4014827424711989
2012-11-23,0.03377945505485595,-0.03177288795148241,-0.0414671928649699,0.4014827424711989
2012-11-26,0.033419492742866354,-0.03145660432030586,-0.04151409847590572,0.4014827424711989
2012-11-27,0.033325171398976235,-0.03118527590035205,-0.04207733289964538,0.4014827424711989
2012-11-28,0.03325001159179862,-0.031091284343369177,-0.042433040558666264,0.4014827424711989
2012-11-29,0.033322659331887924,-0.031182299007414545,-0.04283674684340415,0.4014827424711989
2012-11-30,0.033429217065746065,-0.03152839612234771,-0.04280576746202443,0.4014827424711989
2012-12-03,0.03339596297509452,-0.03136875676218802,-0.042705375606970894,0.4014827424711989
2012-12-04,0.033098219579095804,-0.03128214132367432,-0.0417538953817225,0.4014827424711989
2012-12-05,0.03308302567993914,-0.031231994354227507,-0.042377143519696424,0.4014827424711989
2012-12-06,0.03283224576224444,-0.03096868256311739,-0.04219206198218492,0.4014827424711989
2012-12-07,0.033507832302298736,-0.03176102802302648,-0.042387383474611844,0.4014827424711989
2012-12-10,0.033385371300945516,-0.0316755897114563,-0.042266409225943866,0.4014827424711989
2012-12-11,0.03379866351724626,-0.03224176944137903,-0.04246496496777487,0.4014827424711989
2012-12-12,0.03473071535664491,-0.03334478625410066,-0.04315730071278863,0.4014827424711989
2012-12-13,0.034633416753032505,-0.033432795246240474,-0.04156733183180279,0.4014827424711989
2012-12-14,0.034255390833550205,-0.033268506304225134,-0.04077676177502529,0.4014827424711989
2012-12-17,0.035095579481447356,-0.034105090084961265,-0.041102327690387006,0.4014827424711989
2012-12-18,0.035811495017735694,-0.03462391668548154,-0.04142109011652768,0.4014827424711989
2012-12-19,0.03564725710228371,-0.03458403581915029,-0.04116918200703377,0.4014827424711989
2012-12-20,0.035498169384279424,-0.034446349142073285,-0.04089994266735825,0.4014827424711989
2012-12-21,0.034902678713190936,-0.03377017495499279,-0.04074092279489867,0.4014827424711989
2012-12-24,0.03503556680889697,-0.03391773691441824,-0.04055203876164992,0.4014827424711989
2012-12-25,0.03503556680889697,-0.03391773691441824,-0.04055203876164992,0.4014827424711989
2012-12-26,0.034998143633108075,-0.03360919759158702,-0.041254394702803523,0.4014827424711989
2012-12-27,0.03442575787276953,-0.033205297473342214,-0.04081107660899505,0.4014827424711989
2012-12-28,0.03420250081449744,-0.03331454314320101,-0.03981295897445063,0.4014827424711989
2012-12-31,0.03526615603224673,-0.03409616837444817,-0.04204770279907913,0.4014827424711989
2013-01-01,0.03526615603224673,-0.03409616837444817,-0.04204770279907913,0.4014827424711989
2013-01-02,0.036516949467567054,-0.035091066943139404,-0.04359803076058409,0.4014827424711989
2013-01-03,0.03740522702086409,-0.036092171479638356,-0.04371445013107657,0.4014827424711989
2013-01-04,0.03723388711298783,-0.036033629107549946,-0.04288188258792904,0.4014827424711989
2013-01-07,0.03720201204047269,-0.03602394458666257,-0.0428867668569509,0.4014827424711989
2013-01-08,0.036830015103333044,-0.03558643794040567,-0.04332317093881817,0.4014827424711989
2013-01-09,0.03679822223885721,-0.03570155653572185,-0.04345541731017855,0.4014827424711989
2013-01-10,0.037076247776628726,-0.03594443178869933,-0.04327212154233637,0.4014827424711989
2013-01-11,0.03669152125661265,-0.03554743261549583,-0.04294992466659915,0.4014827424711989
2013-01-14,0.03671851187277476,-0.03546299616539149,-0.043286454498741564,0.4014827424711989
2013-01-15,0.036428006973545785,-0.03493170986009195,-0.04392668485050607,0.4014827424711989
2013-01-16,0.03622882509498592,-0.03483454465287478,-0.04349346699307395,0.4014827424711989
2013-01-17,0.03672912058590505,-0.03553288728152917,-0.042678559467693444,0.4014827424711989
2013-01-18,0.03640813396591328,-0.035216474466892585,-0.04274158914426854,0.4014827424711989
2013-01-21,0.03640813396591328,-0.035216474466892585,-0.04274158914426854,0.4014827424711989
2013-01-22,0.036281033038274846,-0.03507436519637994,-0.04272849060306816,0.4014827424711989
2013-01-23,0.0363257548043885,-0.0350080633179768,-0.04316522275723993,0.4014827424711989
2013-01-24,0.036641742094630426,-0.03536172008445078,-0.043493137288481636,0.4014827424711989
2013-01-25,0.03776644839392208,-0.03660819986698606,-0.0427311395696158,0.4014827424711989
2013-01-28,0.037743561586872594,-0.03677649103964433,-0.041536915662654494,0.4014827424711989
2013-01-29,0.03819120171873741,-0.03723983542847943,-0.04212338852847341,0.4014827424711989
2013-01-30,0.0384473790573141,-0.03741343551802992,-0.043297517001696574,0.4014827424711989
2013-01-31,0.038237437375174904,-0.03718058085610326,-0.04303700990160902,0.4014827424711989
2013-02-01,0.038777927733490744,-0.037831832277066484,-0.043768478632264164,0.4014827424711989
2013-02-04,0.03836562408774712,-0.03729148648549694,-0.04425359067656126,0.4014827424711989
2013-02-05,0.038823739489384085,-0.037682447468972806,-0.044272398946779125,0.4014827424711989
2013-02-06,0.03843319485204521,-0.03718441397591827,-0.04469148149983064,0.4014827424711989
2013-02-07,0.038301457504014966,-0.037187525038349045,-0.04449039111360515,0.4014827424711989
2013-02-08,0.03835071242118415,-0.037260680166508416,-0.0444859253612171,0.4014827424711989
2013-02-11,0.038185296206361845,-0.03693905016577076,-0.04408116891444934,0.4014827424711989
2013-02-12,0.03855517662779627,-0.037254370006011193,-0.044151684358506575,0.4014827424711989
2013-02-13,0.03904433141927623,-0.037729736779401245,-0.044018819197173716,0.4014827424711989
2013-02-14,0.0383490599077904,-0.03683111479260807,-0.044499089706135773,0.4014827424711989
2013-02-15,0.03840220644712949,-0.03695036700416861,-0.04409012564488733,0.4014827424711989
2013-02-18,0.03840220644712949,-0.03695036700416861,-0.04409012564488733,0.4014827424711989
2013-02-19,0.03875199865298351,-0.037270307440602765,-0.04418827684663923,0.4014827424711989
2013-02-20,0.03875893979922421,-0.03711834198334266,-0.04517727350342721,0.4014827424711989
2013-02-21,0.03844620765275339,-0.03675652537885791,-0.045387787471202014,0.4014827424711989
2013-02-22,0.03815870288695031,-0.03644772539564733,-0.04518950596666606,0.4014827424711989
2013-02-25,0.03723627237247761,-0.03550278594742096,-0.04538917758954683,0.4014827424711989
2013-02-26,0.037274737763145376,-0.03537779244094063,-0.04576704069574003,0.4014827424711989
2013-02-27,0.03765417298139318,-0.03588858086140977,-0.045839064761159606,0.4014827424711989
2013-02-28,0.03749248641428656,-0.035856198832015344,-0.045686508892294614,0.4014827424711989
2013-03-01,0.03705666596907864,-0.0354344211960885,-0.04546827410063711,0.4014827424711989
2013-03-04,0.03734660408502681,-0.035745785107247026,-0.04572716766743466,0.4014827424711989
2013-03-05,0.037583157588456866,-0.03604582323713105,-0.04564882468699377,0.4014827424711989
2013-03-06,0.03820703630257941,-0.03666573657959859,-0.04583969852037328,0.4014827424711989
2013-03-07,0.03882408209447281,-0.03734644295973979,-0.04583993550327475,0.4014827424711989
2013-03-08,0.03948412514505667,-0.03814523176657338,-0.04531956531952678,0.4014827424711989
2013-03-11,0.03955108568025729,-0.03818762944880623,-0.04536094408811121,0.4014827424711989
2013-03-12,0.03907201948510725,-0.03763124688721827,-0.045335069768787616,0.4014827424711989
2013-03-13,0.039027222796206275,-0.037693144199079265,-0.04474885989800384,0.4014827424711989
2013-03-14,0.03935778810848162,-0.037972301229606764,-0.04563301191237755,0.4014827424711989
2013-03-15,0.0391204946746152,-0.037765675331368084,-0.04626686334544115,0.4014827424711989
2013-03-18,0.03846610915922581,-0.037102399721116924,-0.04587456958437913,0.4014827424711989
2013-03-19,0.037935453898036146,-0.03651373446711486,-0.04575645959330424,0.4014827424711989
2013-03-20,0.03860442176825867,-0.03719922903781221,-0.046161714768217045,0.4014827424711989
2013-03-21,0.038132300443179126,-0.03676182461829837,-0.04534105699697275,0.4014827424711989
2013-03-22,0.03784444353474475,-0.03651264042401121,-0.04494041437378536,0.4014827424711989
2013-03-25,0.03802958580303425,-0.03667873926087557,-0.04560382937949762,0.4014827424711989
2013-03-26,0.03790204742434041,-0.036489840502782665,-0.04563605133701461,0.4014827424711989
2013-03-27,0.037398446575610735,-0.03589135288151947,-0.045822659951113905,0.4014827424711989
2013-03-28,0.03740087557329891,-0.036091355441299246,-0.04522006133949386,0.4014827424711989
2013-03-29,0.03740087557329891,-0.036091355441299246,-0.04522006133949386,0.4014827424711989
2013-04-01,0.037283716225354,-0.035860751392415215,-0.04556392872685429,0.4014827424711989
2013-04-02,0.0374862966469074,-0.036132932458405764,-0.045211263447084135,0.4014827424711989
2013-04-03,0.03686162692129031,-0.03549749449456874,-0.04539542911114347,0.4014827424711989
2013-04-04,0.036174067894365634,-0.03468535127455912,-0.04546772778317207,0.4014827424711989
2013-04-05,0.03462208107936633,-0.03327253005993034,-0.04263824357076247,0.4014827424711989
2013-04-08,0.03512379364156979,-0.03381817743985317,-0.04278160190803233,0.4014827424711989
2013-04-09,0.03555526510836124,-0.03421802281811688,-0.04359345679100671,0.4014827424711989
2013-04-10,0.03640555636834395,-0.035071753150973495,-0.0441405428225888,0.4014827424711989
2013-04-11,0.03632289700879723,-0.03500368658719379,-0.04420029918371796,0.4014827424711989
2013-04-12,0.03526266942289998,-0.03401597978522865,-0.04344286443911984,0.4014827424711989
2013-04-15,0.03472426152856674,-0.033494723636101446,-0.04277872539923603,0.4014827424711989
2013-04-16,0.03507660757605583,-0.03378633375937014,-0.042823554545938586,0.4014827424711989
2013-04-17,0.034731182142916935,-0.033483215197838354,-0.04214905560937292,0.4014827424711989
2013-04-18,0.034433262063438635,-0.03333409798263279,-0.041351846351832096,0.4014827424711989
2013-04-19,0.03457499661005366,-0.033451834049243276,-0.04148010708055931,0.4014827424711989
2013-04-22,0.03458803738788099,-0.03342577491442102,-0.04186440154000756,0.4014827424711989
2013-04-23,0.034879297103555695,-0.03372798714568876,-0.04221658110969287,0.4014827424711989
2013-04-24,0.03473469716982174,-0.03347688456997805,-0.04240986373221606,0.4014827424711989
2013-04-25,0.034945675142646966,-0.03382388492200987,-0.04223857966424248,0.4014827424711989
2013-04-26,0.03446005940831701,-0.03324143300574449,-0.04258857353434933,0.4014827424711989
2013-04-29,0.03466506591318747,-0.03350107108680454,-0.04300250925699957,0.4014827424711989
2013-04-30,0.03463350081224882,-0.033464163153387114,-0.04277305259219533,0.4014827424711989
2013-05-01,0.03407963710430704,-0.03286194829595081,-0.04283408320142815,0.4014827424711989
2013-05-02,0.03398626844905367,-0.03285048696973405,-0.04247555481473611,0.4014827424711989
2013-05-03,0.03569088267744962,-0.03466075229827061,-0.04313941502574237,0.4014827424711989
2013-05-06,0.03593648248541262,-0.03499844633355532,-0.0430981425286769,0.4014827424711989
2013-05-07,0.03619169252793851,-0.035295067960272375,-0.043143341836297075,0.4014827424711989
2013-05-08,0.03604042954929128,-0.03512291828684729,-0.042976795238008056,0.4014827424711989
2013-05-09,0.036138939055254726,-0.03516930681871603,-0.04330349284366394,0.4014827424711989
2013-05-10,0.037217984161386615,-0.03635275422636037,-0.04307962048628211,0.4014827424711989
2013-05-13,0.03759827795795491,-0.0366868552077026,-0.04347724715359855,0.4014827424711989
2013-05-14,0.03807025451565263,-0.03721481547320308,-0.043501396642874945,0.4014827424711989
2013-05-15,0.03793863485448864,-0.03709054047038591,-0.043565072993815485,0.4014827424711989
2013-05-16,0.03712422413946255,-0.0362854119341544,-0.043670946317707106,0.4014827424711989
2013-05-17,0.03808027264409782,-0.0372533059269293,-0.0437599312910148,0.4014827424711989
2013-05-20,0.03829234711998659,-0.037420522991243495,-0.04398068521370501,0.4014827424711989
2013-05-21,0.037812385092865344,-0.03685291812981008,-0.04371408758617808,0.4014827424711989
2013-05-22,0.03875273694530531,-0.037983486832617167,-0.04338080079846807,0.4014827424711989
2013-05-23,0.038571474428215374,-0.037802121730390686,-0.042955791571284485,0.4014827424711989
2013-05-24,0.03833149137709492,-0.03761651050270344,-0.04268378822102658,0.4014827424711989
2013-05-27,0.03833149137709492,-0.03761651050270344,-0.04268378822102658,0.4014827424711989
2013-05-28,0.03986922655222058,-0.039315289865079386,-0.04173677673148454,0.4014827424711989
2013-05-29,0.03933246659021239,-0.03872684603272848,-0.040980571235915614,0.4014827424711989
2013-05-30,0.03942073145060353,-0.038945449175313875,-0.04094030979247465,0.4014827424711989
2013-05-31,0.03967269226321252,-0.03923581165792291,-0.04038633372518952,0.4014827424711989
2013-06-03,0.03933226988986624,-0.038798999299421974,-0.04051860140271714,0.4014827424711989
2013-06-04,0.03971818441313666,-0.039135701707966764,-0.041050467617486625,0.4014827424711989
2013-06-05,0.039103983612410916,-0.03850592852894415,-0.040677808620905,0.4014827424711989
2013-06-06,0.038891337338703924,-0.03825967232825867,-0.04071910773336507,0.4014827424711989
2013-06-07,0.039958708437505076,-0.03954281511538541,-0.04003563347195806,0.4014827424711989
2013-06-10,0.04042946132818274,-0.04001735812917586,-0.039958820721203284,0.4014827424711989
2013-06-11,0.03996093176919386,-0.03952030114370826,-0.03908707019316045,0.4014827424711989
2013-06-12,0.04048972762944563,-0.040132865089652775,-0.03922295172111186,0.4014827424711989
2013-06-13,0.039976320732331656,-0.0395450693873308,-0.03958778089984168,0.4014827424711989
2013-06-14,0.039638846175334336,-0.03907663481686917,-0.0412091588916329,0.4014827424711989
2013-06-17,0.04057154575129457,-0.039984934687088865,-0.04250482056326764,0.4014827424711989
2013-06-18,0.04045716574415056,-0.03994495279731089,-0.042006664750412745,0.4014827424711989
2013-06-19,0.04108913278089003,-0.040983098646877235,-0.03805632590695213,0.4014827424711989
2013-06-20,0.042020921969327205,-0.042030767527029965,-0.037567808143230026,0.4014827424711989
2013-06-21,0.04268058559307421,-0.04299046485337402,-0.035084883091485,0.4014827424711989
2013-06-24,0.04254810071945327,-0.04293020787302177,-0.03279863909591771,0.4014827424711989
2013-06-25,0.0430638268168496,-0.043342710847348975,-0.03352800573199141,0.4014827424711989
2013-06-26,0.04286996985237201,-0.04309327629002652,-0.034894208594536666,0.4014827424711989
2013-06-27,0.04245872104556054,-0.04255684793328234,-0.03619161015673418,0.4014827424711989
2013-06-28,0.042302982933681926,-0.04261946609318151,-0.03471814413029417,0.4014827424711989
2013-07-01,0.04190326127741338,-0.042267218748426,-0.03453780760770407,0.4014827424711989
2013-07-02,0.041793370317113096,-0.042170420220573296,-0.03469431995347162,0.4014827424711989
2013-07-03,0.04208340226918812,-0.04245235063491893,-0.034015101016637066,0.4014827424711989
2013-07-04,0.04208340226918812,-0.04245235063491893,-0.034015101016637066,0.4014827424711989
2013-07-05,0.04421457262045461,-0.04496379761375252,-0.032210214685400834,0.4014827424711989
2013-07-08,0.04373481261130676,-0.04434234396770892,-0.03398235861464022,0.4014827424711989
2013-07-09,0.04390100266332391,-0.044381487080358606,-0.03484915285395515,0.4014827424711989
2013-07-10,0.0443554538709841,-0.04496682380954802,-0.03441148428652237,0.4014827424711989
2013-07-11,0.043983904120245665,-0.0443371029564855,-0.03768050845478185,0.4014827424711989
2013-07-12,0.04393517896086268,-0.044349241676797733,-0.03685558496223536,0.4014827424711989
2013-07-15,0.0435507443974469,-0.04394237383852423,-0.03705975710335199,0.4014827424711989
2013-07-16,0.04327313616873865,-0.04368363650975015,-0.037080409541163276,0.4014827424711989
2013-07-17,0.04330014905961017,-0.04354524903001748,-0.03869044040781789,0.4014827424711989
2013-07-18,0.04399374774739407,-0.04432721752585397,-0.03913802811275923,0.4014827424711989
2013-07-19,0.043120845488207764,-0.04339893878643615,-0.03870552552430917,0.4014827424711989
2013-07-22,0.04305420935961432,-0.043334940078515134,-0.03852022216611144,0.4014827424711989
2013-07-23,0.043346364527632124,-0.04364196866353272,-0.03847935057673152,0.4014827424711989
2013-07-24,0.04414921141863246,-0.04455199294250489,-0.03789706949155089,0.4014827424711989
2013-07-25,0.04425595627003564,-0.044692469883524114,-0.03850327248235505,0.4014827424711989
2013-07-26,0.04389867834850678,-0.04426154449982964,-0.03873294772456174,0.4014827424711989
2013-07-29,0.04440407940808107,-0.044802514006805114,-0.03896878234176589,0.4014827424711989
2013-07-30,0.04454850359178871,-0.044883194986725036,-0.03891002036154141,0.4014827424711989
2013-07-31,0.04425724208248248,-0.04454725447690671,-0.03899876597167759,0.4014827424711989
2013-08-01,0.04580345979986546,-0.04630615372199655,-0.038228413186099375,0.4014827424711989
2013-08-02,0.04501723822292385,-0.045307979569425824,-0.04062644331752102,0.4014827424711989
2013-08-05,0.045415879614974244,-0.045637258288472246,-0.04054979643722066,0.4014827424711989
2013-08-06,0.04541288344514741,-0.045595977558820854,-0.04056124358701578,0.4014827424711989
2013-08-07,0.04472919309901182,-0.04484621398316202,-0.04011960655124629,0.4014827424711989
2013-08-08,0.04453681732980376,-0.04465047922341067,-0.040331398221131506,0.4014827424711989
2013-08-09,0.04429145883984841,-0.04443233376994222,-0.03975413395956248,0.4014827424711989
2013-08-12,0.04473981076665872,-0.044849915160410626,-0.03989791568949853,0.4014827424711989
2013-08-13,0.045648070907991785,-0.045939833601593906,-0.038525467521169476,0.4014827424711989
2013-08-14,0.04567665208970209,-0.046003230100218964,-0.03875724171564839,0.4014827424711989
2013-08-15,0.04630687707341297,-0.04672920514636924,-0.038138514506522066,0.4014827424711989
2013-08-16,0.0470030121067725,-0.04755318233229429,-0.03764112118921492,0.4014827424711989
2013-08-19,0.04731193705801406,-0.04798429932939043,-0.03701113987899533,0.4014827424711989
2013-08-20,0.04686422131600611,-0.04748534443146277,-0.03779979770592217,0.4014827424711989
2013-08-21,0.04726154699583771,-0.04805353770225057,-0.036421280889917994,0.4014827424711989
2013-08-22,0.046764363085959174,-0.04784075569171645,-0.033166574950002754,0.4014827424711989
2013-08-23,0.04580294235454917,-0.046758228903393366,-0.03315732743032169,0.4014827424711989
2013-08-26,0.045490492073259094,-0.04627599558171825,-0.033774007046323634,0.4014827424711989
2013-08-27,0.044712682208958014,-0.04534535818681476,-0.03430288200704334,0.4014827424711989
2013-08-28,0.04522520660909082,-0.04601167163922382,-0.033341370724470465,0.4014827424711989
2013-08-29,0.04457236605975317,-0.04546482537654265,-0.03240345575182632,0.4014827424711989
2013-08-30,0.044649432693733386,-0.045670384843444115,-0.031739059582978464,0.4014827424711989
2013-09-02,0.044649432693733386,-0.045670384843444115,-0.031739059582978464,0.4014827424711989
2013-09-03,0.04558897654282785,-0.04667859855717608,-0.03142965020337881,0.4014827424711989
2013-09-04,0.04553080751396661,-0.04681226059737347,-0.029211482930636107,0.4014827424711989
2013-09-05,0.046190585810054,-0.04756404957705411,-0.027263776024954087,0.4014827424711989
2013-09-06,0.04633031448395908,-0.04761615818709093,-0.030003154243098247,0.4014827424711989
2013-09-09,0.04616189530932073,-0.04739046998175624,-0.031223964947180993,0.4014827424711989
2013-09-10,0.0464723340793859,-0.04786055307777136,-0.02943465057071198,0.4014827424711989
2013-09-11,0.04625039202394161,-0.04750787482762034,-0.030869725846995932,0.4014827424711989
2013-09-12,0.046216889987224424,-0.047572272535285495,-0.03088903671095323,0.4014827424711989
2013-09-13,0.04607254760604742,-0.04739610553998327,-0.030995984626301494,0.4014827424711989
2013-09-16,0.04670992174123946,-0.04774889541143362,-0.03451329500587372,0.4014827424711989
2013-09-17,0.04637657312341177,-0.04744737457740464,-0.03456126202129525,0.4014827424711989
2013-09-18,0.04550736966866576,-0.04613287091742362,-0.03888855306301972,0.4014827424711989
2013-09-19,0.04616242333144277,-0.04700874666801467,-0.03818849700104461,0.4014827424711989
2013-09-20,0.04581855688120073,-0.04659277066751957,-0.037574799277647224,0.4014827424711989
2013-09-23,0.04531780159093714,-0.0460458220749175,-0.03727773945134774,0.4014827424711989
2013-09-24,0.04457994273001556,-0.04521248969998241,-0.037064461764093136,0.4014827424711989
2013-09-25,0.0442535827045897,-0.04480753293121857,-0.03733802075173888,0.4014827424711989
2013-09-26,0.04480795939782225,-0.04546683522416343,-0.03774360765436243,0.4014827424711989
2013-09-27,0.04475924697275503,-0.04529055319582597,-0.03864380361471863,0.4014827424711989
2013-09-30,0.0449450635404077,-0.045421578152948804,-0.03931986517852213,0.4014827424711989
2013-10-01,0.04528672351381496,-0.04553921054550581,-0.039775670882329014,0.4014827424711989
2013-10-02,0.04514300586154096,-0.045342671017777815,-0.04066469837039358,0.4014827424711989
2013-10-03,0.045221226227534765,-0.045166033769282424,-0.04167326045455447,0.4014827424711989
2013-10-04,0.045384890749698835,-0.04553778173866812,-0.04015171321194423,0.4014827424711989
2013-10-07,0.044991061653616035,-0.044990544168874796,-0.03956958375151107,0.4014827424711989
2013-10-08,0.0450241028941093,-0.04433878760727902,-0.040100614503110234,0.4014827424711989
2013-10-09,0.04547106776280444,-0.044837685218603464,-0.04105507707378833,0.4014827424711989
2013-10-10,0.04584667903771628,-0.04533358912768405,-0.04126334248018047,0.4014827424711989
2013-10-11,0.045809677185067586,-0.045146293120584824,-0.04199783978722384,0.4014827424711989
2013-10-14,0.045809677185067586,-0.045146293120584824,-0.04199783978722384,0.4014827424711989
2013-10-15,0.04647604555185377,-0.04510759231913662,-0.04345482286039774,0.4014827424711989
2013-10-16,0.04548041029788134,-0.04503917757945278,-0.041144292055209336,0.4014827424711989
2013-10-17,0.044494483007253796,-0.044715225774662484,-0.03969580146770328,0.4014827424711989
2013-10-18,0.044383051989277986,-0.04466288899035284,-0.039366073945968576,0.4014827424711989
2013-10-21,0.044762929609297224,-0.045099055959634565,-0.03936375973252754,0.4014827424711989
2013-10-22,0.043970600145202585,-0.04408319771554267,-0.040528529389312444,0.4014827424711989
2013-10-23,0.04360611096825592,-0.043771142522306114,-0.039878750495111276,0.4014827424711989
2013-10-24,0.04376877082044353,-0.04397465480248361,-0.039626158801036385,0.4014827424711989
2013-10-25,0.043772722236779145,-0.04390168812394382,-0.0401680221842492,0.4014827424711989
2013-10-28,0.04389982316441757,-0.04404379739445644,-0.04018112072544959,0.4014827424711989
2013-10-29,0.04406161905539616,-0.044004329044667626,-0.041285571223728064,0.4014827424711989
2013-10-30,0.0442292707426181,-0.044210670834960664,-0.041053460425701994,0.4014827424711989
2013-10-31,0.04429078453168267,-0.044439312543746855,-0.04076418374116464,0.4014827424711989
2013-11-01,0.04500944235710082,-0.045294355512434194,-0.0399700879753216,0.4014827424711989
2013-11-04,0.0451088977805196,-0.04533146302122103,-0.04077050152030088,0.4014827424711989
2013-11-05,0.045965835980267315,-0.04608923949675751,-0.04173442522087011,0.4014827424711989
2013-11-06,0.04614509665994718,-0.046137844997583756,-0.04335784558757336,0.4014827424711989
2013-11-07,0.04550234886896221,-0.045492851485064,-0.04313787140737503,0.4014827424711989
2013-11-08,0.04703378583810342,-0.04718939808240359,-0.042378957248578715,0.4014827424711989
2013-11-11,0.04703378583810342,-0.04718939808240359,-0.042378957248578715,0.4014827424711989
2013-11-12,0.04717358994401733,-0.04727919516768105,-0.041497318572697034,0.4014827424711989
2013-11-13,0.046952988564792734,-0.04688006632690391,-0.043041864350328106,0.4014827424711989
2013-11-14,0.046577704950448405,-0.04636202317656305,-0.04449354751773754,0.4014827424711989
2013-11-15,0.04661940819844617,-0.046452624092141105,-0.04378443897130704,0.4014827424711989
2013-11-18,0.04613664702477267,-0.04591473255807675,-0.04383808167465656,0.4014827424711989
2013-11-19,0.046621802818437516,-0.046493249043429996,-0.04371697369258555,0.4014827424711989
2013-11-20,0.0481330682155414,-0.04798777217245661,-0.04575438263389423,0.4014827424711989
2013-11-21,0.047906734899542586,-0.04795508252794167,-0.045214538688227404,0.4014827424711989
2013-11-22,0.04713776603520781,-0.04719933329527438,-0.04384389488446959,0.4014827424711989
2013-11-25,0.04703970150136178,-0.04691547893506359,-0.04420828873315792,0.4014827424711989
2013-11-26,0.04676911383918978,-0.046525596324712475,-0.04482083648107224,0.4014827424711989
2013-11-27,0.046976893181760404,-0.04683045434408651,-0.04455346259656852,0.4014827424711989
2013-11-28,0.046976893181760404,-0.04683045434408651,-0.04455346259656852,0.4014827424711989
2013-11-29,0.04711115058044198,-0.04706466749175918,-0.04424556991551878,0.4014827424711989
2013-12-02,0.04745816683106217,-0.04771804850947836,-0.04271557249851346,0.4014827424711989
2013-12-03,0.047323148626904656,-0.04741875764788784,-0.04356513198665625,0.4014827424711989
2013-12-04,0.048041188399857264,-0.04819401194359349,-0.04341758119712093,0.4014827424711989
2013-12-05,0.048256190764458244,-0.04859549754274302,-0.042595991212240766,0.4014827424711989
2013-12-06,0.04792107938122395,-0.04828611211579803,-0.04151302990286251,0.4014827424711989
2013-12-09,0.047672836373807835,-0.04796672144029476,-0.04136773039415247,0.4014827424711989
2013-12-10,0.047046165392876385,-0.047276630843271876,-0.04139580511016129,0.4014827424711989
2013-12-11,0.04757914556182263,-0.04793071820489621,-0.04119891656802063,0.4014827424711989
2013-12-12,0.04776179201090389,-0.04826132816910649,-0.03982035552747769,0.4014827424711989
2013-12-13,0.047416403640759934,-0.04790022071628804,-0.03923164553551017,0.4014827424711989
2013-12-16,0.04769266720918999,-0.04818442123041987,-0.039663461132998096,0.4014827424711989
2013-12-17,0.04742418912094616,-0.047811844063318155,-0.040285160211690436,0.4014827424711989
2013-12-18,0.04781376518866797,-0.04829982728256606,-0.04033087748718082,0.4014827424711989
2013-12-19,0.047686813706791085,-0.048462428544452985,-0.03732930409870268,0.4014827424711989
2013-12-20,0.04642690059785791,-0.04723504852083659,-0.0345392190500345,0.4014827424711989
2013-12-23,0.046745437712689665,-0.04764661346620828,-0.03392343554315552,0.4014827424711989
2013-12-24,0.04736553425740222,-0.04836451286221443,-0.03359863894408489,0.4014827424711989
2013-12-25,0.04736553425740222,-0.04836451286221443,-0.03359863894408489,0.4014827424711989
2013-12-26,0.0475078102471861,-0.04854971398755508,-0.0333397185918268,0.4014827424711989
2013-12-27,0.04790476850535413,-0.04891601412742405,-0.03432997255281302,0.4014827424711989
2013-12-30,0.04745959452300336,-0.04837505482601296,-0.034510484272285966,0.4014827424711989
2013-12-31,0.04823268214788987,-0.049207160072195465,-0.03493949663001432,0.4014827424711989
2014-01-01,0.04823268214788987,-0.049207160072195465,-0.03493949663001432,0.4014827424711989
2014-01-02,0.04773292405074566,-0.04867266082539087,-0.034879647396215865,0.4014827424711989
2014-01-03,0.04774277870578359,-0.04864774690188165,-0.03431263007991073,0.4014827424711989
2014-01-06,0.04740201691653409,-0.048422925564497774,-0.034386083190539096,0.4014827424711989
2014-01-07,0.047066914138982105,-0.048107646661383,-0.03375982899103419,0.4014827424711989
2014-01-08,0.04710533900261022,-0.04834583004440584,-0.03127933581667432,0.4014827424711989
2014-01-09,0.04665343843480121,-0.04789614596346781,-0.031058246710597086,0.4014827424711989
2014-01-10,0.04599826868450952,-0.04698516126314496,-0.03356836520114141,0.4014827424711989
2014-01-13,0.045715870480853044,-0.04673342059125553,-0.034028210805902875,0.4014827424711989
2014-01-14,0.04594392987766929,-0.04704819363803591,-0.03303023983965743,0.4014827424711989
2014-01-15,0.04594260829482268,-0.04704985420154067,-0.03203378953326923,0.4014827424711989
2014-01-16,0.045501097438553,-0.04657759448676811,-0.03195093974758874,0.4014827424711989
2014-01-17,0.045301075735771024,-0.0462999046628487,-0.03233747837628116,0.4014827424711989
2014-01-20,0.045301075735771024,-0.0462999046628487,-0.03233747837628116,0.4014827424711989
2014-01-21,0.045137508543412,-0.04623396591008898,-0.031194191993952798,0.4014827424711989
2014-01-22,0.04509208804156055,-0.046359984822692955,-0.02935131286641212,0.4014827424711989
2014-01-23,0.04447682009064772,-0.04555781626575692,-0.03146257011179841,0.4014827424711989
2014-01-24,0.04410174110795875,-0.044972017785802496,-0.032269349387548316,0.4014827424711989
2014-01-27,0.04446960382484668,-0.04533894839369903,-0.032208994818120375,0.4014827424711989
2014-01-28,0.04457078403240516,-0.04533479314264753,-0.03299454562268146,0.4014827424711989
2014-01-29,0.043842202559946586,-0.04454237734811037,-0.033627885806170495,0.4014827424711989
2014-01-30,0.044243280970748484,-0.045113388507146385,-0.03335459480895929,0.4014827424711989
2014-01-31,0.04378988280250183,-0.04458220460103196,-0.03416276718704575,0.4014827424711989
2014-02-03,0.043245153188890724,-0.04375478870078445,-0.03541735358992197,0.4014827424711989
2014-02-04,0.04384132782875727,-0.044001101841232085,-0.03669671474020821,0.4014827424711989
2014-02-05,0.04474053196971182,-0.04487439562344523,-0.037362684258496634,0.4014827424711989
2014-02-06,0.04475739625425637,-0.04515006588150231,-0.035937343167557,0.4014827424711989
2014-02-07,0.04483034104842726,-0.04495466370843894,-0.037905572717805966,0.4014827424711989
2014-02-10,0.04457936145220845,-0.044839829413692876,-0.03694752749729324,0.4014827424711989
2014-02-11,0.04477873621319416,-0.04532386737196339,-0.034990272623963585,0.4014827424711989
2014-02-12,0.04503563935092283,-0.04587154979810688,-0.033710876840402006,0.4014827424711989
2014-02-13,0.044754207577997064,-0.0455037005134096,-0.03538564121037553,0.4014827424711989
2014-02-14,0.04472031113281162,-0.04560415683987186,-0.03468078226695494,0.4014827424711989
2014-02-17,0.04472031113281162,-0.04560415683987186,-0.03468078226695494,0.4014827424711989
2014-02-18,0.0447185242453745,-0.04531918813999128,-0.03622792346623068,0.4014827424711989
2014-02-19,0.04498771443074016,-0.04551431294048869,-0.0360973387928578,0.4014827424711989
2014-02-20,0.045089495201184,-0.04582214945571163,-0.03485560136483529,0.4014827424711989
2014-02-21,0.044649390503941275,-0.045385972280865564,-0.03444156924159925,0.4014827424711989
2014-02-24,0.044739731266434185,-0.04551509923668601,-0.03411364058701437,0.4014827424711989
2014-02-25,0.04425355951555016,-0.044880317096309,-0.034581461204189895,0.4014827424711989
2014-02-26,0.043940481204869326,-0.04450325831447125,-0.03500491573016194,0.4014827424711989
2014-02-27,0.04353378064694116,-0.044163052883957755,-0.03435995800249686,0.4014827424711989
2014-02-28,0.04342865337550402,-0.04404273618171726,-0.03369575448860462,0.4014827424711989
2014-03-03,0.04299096460982383,-0.043486240971882834,-0.03451948721690491,0.4014827424711989
2014-03-04,0.04406015830195715,-0.04464320235721258,-0.03410697436536998,0.4014827424711989
2014-03-05,0.044063494363816826,-0.0445570980030816,-0.034307017954346763,0.4014827424711989
2014-03-06,0.044456336420447426,-0.04507862811931645,-0.033713596938982716,0.4014827424711989
2014-03-07,0.04483520820773229,-0.04555352581340262,-0.0322099604873495,0.4014827424711989
2014-03-10,0.0449066804260119,-0.04570887686238121,-0.03249971846045513,0.4014827424711989
2014-03-11,0.04458714416240264,-0.045322458163923135,-0.03231513870127853,0.4014827424711989
2014-03-12,0.04402708701847528,-0.044757808420835585,-0.0321581800444733,0.4014827424711989
2014-03-13,0.04335957781083407,-0.04394474772807596,-0.03295467802135369,0.4014827424711989
2014-03-14,0.04312990802746698,-0.04377787330610615,-0.03213561431949541,0.4014827424711989
2014-03-17,0.04356013103468052,-0.044234019202666335,-0.031658710905446794,0.4014827424711989
2014-03-18,0.04353798122690352,-0.04413643176570468,-0.032563348188090833,0.4014827424711989
2014-03-19,0.04342477008508181,-0.04433160454633698,-0.02653149512072458,0.4014827424711989
2014-03-20,0.04365734742958138,-0.0445909038012606,-0.02727600433503733,0.4014827424711989
2014-03-21,0.042794699941375434,-0.04384236735515344,-0.025591459889640903,0.4014827424711989
2014-03-24,0.042197266662233626,-0.04333595827284114,-0.023703783903059664,0.4014827424711989
2014-03-25,0.04243219945287699,-0.04361178578435308,-0.024079279745604695,0.4014827424711989
2014-03-26,0.042128521634085106,-0.04324436270842102,-0.025072910048815223,0.4014827424711989
2014-03-27,0.0415842501422582,-0.042904526962195495,-0.023709561731827825,0.4014827424711989
2014-03-28,0.0419578578532002,-0.04331785193515126,-0.02320023572424589,0.4014827424711989
2014-03-31,0.042255788389645464,-0.04350101016666528,-0.024429240541487755,0.4014827424711989
2014-04-01,0.042763435766505827,-0.0441207892268783,-0.02468688905529033,0.4014827424711989
2014-04-02,0.04324071091060298,-0.04479953656580467,-0.023581092078478715,0.4014827424711989
2014-04-03,0.04291959082975229,-0.044492518117087224,-0.023229512831869133,0.4014827424711989
2014-04-04,0.04266398043058058,-0.04401364274928815,-0.025377704037538324,0.4014827424711989
2014-04-07,0.04237210151860028,-0.043643073151552865,-0.025852095291908204,0.4014827424711989
2014-04-08,0.04211615504757218,-0.04332683918967991,-0.02586834904954992,0.4014827424711989
2014-04-09,0.04269138318799188,-0.043894272456070936,-0.027526881100335555,0.4014827424711989
2014-04-10,0.04204791186042185,-0.04311307116925635,-0.02819693409982852,0.4014827424711989
2014-04-11,0.04167578378795872,-0.04270539407547157,-0.027877065420934228,0.4014827424711989
2014-04-14,0.04165025616369126,-0.04277568241684593,-0.026941556790006267,0.4014827424711989
2014-04-15,0.0411975897957075,-0.04238576346362073,-0.025532186115337065,0.4014827424711989
2014-04-16,0.041012536503525265,-0.04230827789110255,-0.02413479934583001,0.4014827424711989
2014-04-17,0.04170296093740748,-0.04323774720407328,-0.02264807983027785,0.4014827424711989
2014-04-18,0.04170296093740748,-0.04323774720407328,-0.02264807983027785,0.4014827424711989
2014-04-21,0.04174973259553774,-0.043213981007895044,-0.023008857956402496,0.4014827424711989
2014-04-22,0.041352246478101366,-0.042902270871997834,-0.02155903144913649,0.4014827424711989
2014-04-23,0.041047406315223356,-0.04260842141151184,-0.021861690813439888,0.4014827424711989
2014-04-24,0.04092871480774446,-0.042687487032861675,-0.02104697803929596,0.4014827424711989
2014-04-25,0.0407911240801751,-0.04238122303197142,-0.02157686251320685,0.4014827424711989
2014-04-28,0.04109288177318738,-0.04271286216904735,-0.021784043426871756,0.4014827424711989
2014-04-29,0.04133428778518253,-0.04289054876279585,-0.022145820064315064,0.4014827424711989
2014-04-30,0.041178566561387166,-0.04259083776573643,-0.0234731133926983,0.4014827424711989
2014-05-01,0.0404577904996588,-0.04186112420758774,-0.023014399598504237,0.4014827424711989
2014-05-02,0.0397744795655113,-0.0412984699076541,-0.021291263404658756,0.4014827424711989
2014-05-05,0.04026872636924809,-0.04174376797430267,-0.021781451056180318,0.4014827424711989
2014-05-06,0.03985122213858198,-0.04128152006828644,-0.02120849373863505,0.4014827424711989
2014-05-07,0.04011237950659192,-0.0414700864760868,-0.022580695174729798,0.4014827424711989
2014-05-08,0.040827167950351066,-0.04209556109562131,-0.024773368424088067,0.4014827424711989
2014-05-09,0.04103903548592901,-0.042302607186610164,-0.02507752577251424,0.4014827424711989
2014-05-12,0.04131808504102107,-0.04268331361801999,-0.02449202187316358,0.4014827424711989
2014-05-13,0.040923845557518504,-0.042133607896293716,-0.025390118759750106,0.4014827424711989
2014-05-14,0.03993236261547694,-0.04110523040748607,-0.024963801274442067,0.4014827424711989
2014-05-15,0.03943313459838128,-0.04061084075977867,-0.02488162529255693,0.4014827424711989
2014-05-16,0.03963153047735797,-0.0408472727501858,-0.024787725567743772,0.4014827424711989
2014-05-19,0.04030130698928598,-0.041479306875713474,-0.02619652025786882,0.4014827424711989
2014-05-20,0.04030129802207784,-0.04126147931743444,-0.02741960313660895,0.4014827424711989
2014-05-21,0.04067173748591806,-0.04161201644454491,-0.02748439878774139,0.4014827424711989
2014-05-22,0.04080749096874305,-0.041892944913070614,-0.026973971403242265,0.4014827424711989
2014-05-23,0.040464843015387525,-0.041447947221245424,-0.026901934675901303,0.4014827424711989
2014-05-26,0.040464843015387525,-0.041447947221245424,-0.026901934675901303,0.4014827424711989
2014-05-27,0.039994018503363746,-0.04102714522504716,-0.02586947773762123,0.4014827424711989
2014-05-28,0.03905994596263186,-0.03996602251193748,-0.026061825747281754,0.4014827424711989
2014-05-29,0.039287064519860436,-0.04018332448694109,-0.026095499639001003,0.4014827424711989
2014-05-30,0.03951412595459504,-0.04044051754737673,-0.025776408849453262,0.4014827424711989
2014-06-02,0.0400032915666504,-0.04108865411446619,-0.024735640616559026,0.4014827424711989
2014-06-03,0.040679289835937396,-0.0418539180375069,-0.024423718623225652,0.4014827424711989
2014-06-04,0.0408898357717888,-0.042070115808386495,-0.024634589968764067,0.4014827424711989
2014-06-05,0.04083737922331241,-0.04198922765889096,-0.025355695679477798,0.4014827424711989
2014-06-06,0.04067101057574568,-0.04192507593056141,-0.023971149162102384,0.4014827424711989
2014-06-09,0.04071088472731055,-0.04199645602714439,-0.023151792798861134,0.4014827424711989
2014-06-10,0.04082276059278838,-0.04212182262786498,-0.02241977794354855,0.4014827424711989
2014-06-11,0.04091005561499432,-0.04222437020134982,-0.022872729453383832,0.4014827424711989
2014-06-12,0.04020556981557676,-0.04146261978626208,-0.023110945234895146,0.4014827424711989
2014-06-13,0.03999026937137917,-0.04134937549620719,-0.021160513646397094,0.4014827424711989
2014-06-16,0.03981001112820839,-0.04115711258168802,-0.020286674977510837,0.4014827424711989
2014-06-17,0.04022562181371869,-0.04169503237448398,-0.019228894580028324,0.4014827424711989
2014-06-18,0.04014821848288585,-0.04154225053798387,-0.020969962678542495,0.4014827424711989
2014-06-19,0.04069446056575941,-0.04221766011466329,-0.021654835182194056,0.4014827424711989
2014-06-20,0.04031315469725663,-0.041887231283497126,-0.02074732761744869,0.4014827424711989
2014-06-23,0.04037977397110929,-0.041837204260674284,-0.020878675742997045,0.4014827424711989
2014-06-24,0.039810971258332814,-0.041227550818772135,-0.020438096625413647,0.4014827424711989
2014-06-25,0.03958429572895417,-0.041010302457932496,-0.020734548523091784,0.4014827424711989
2014-06-26,0.03924272932588566,-0.04054260979969421,-0.02134592143253875,0.4014827424711989
2014-06-27,0.03952311594924999,-0.040815871609505124,-0.02211228316796144,0.4014827424711989
2014-06-30,0.039246979719668076,-0.04044246596873001,-0.021871652249207056,0.4014827424711989
2014-07-01,0.03991675351550417,-0.04122516418522029,-0.02195524725399378,0.4014827424711989
2014-07-02,0.040570582731192496,-0.041987634098174124,-0.021355722330550737,0.4014827424711989
2014-07-03,0.0405187889740966,-0.0420932152685948,-0.02003467639335018,0.4014827424711989
2014-07-04,0.0405187889740966,-0.0420932152685948,-0.02003467639335018,0.4014827424711989
2014-07-07,0.040039241188610006,-0.041485987729178796,-0.019357582760857476,0.4014827424711989
2014-07-08,0.0393626303425321,-0.040802432051812026,-0.01917294222469556,0.4014827424711989
2014-07-09,0.03925755837927304,-0.0406149585117173,-0.01966297334567512,0.4014827424711989
2014-07-10,0.039503852148128314,-0.04087757612943313,-0.0211886252843827,0.4014827424711989
2014-07-11,0.03901475158702509,-0.040335865415279865,-0.020561727454232345,0.4014827424711989
2014-07-14,0.03924426632399432,-0.04063329496021934,-0.020013006372273608,0.4014827424711989
2014-07-15,0.039224838621895394,-0.04068697390631683,-0.019333751178526613,0.4014827424711989
2014-07-16,0.03889738426463356,-0.04039318349265064,-0.0184628313175238,0.4014827424711989
2014-07-17,0.03806776993528994,-0.03947460433594727,-0.01896766800751292,0.4014827424711989
2014-07-18,0.038169796607044545,-0.0396408211265702,-0.01787545514225798,0.4014827424711989
2014-07-21,0.03775753888191125,-0.039239022475002265,-0.016803322525119114,0.4014827424711989
2014-07-22,0.03774963655986736,-0.039132297509373755,-0.017551197050866392,0.4014827424711989
2014-07-23,0.03783443177942736,-0.03923419103390601,-0.017882114713224945,0.4014827424711989
2014-07-24,0.03818720975725621,-0.03962676291158303,-0.016935124530348743,0.4014827424711989
2014-07-25,0.0375007129575231,-0.03894098600669299,-0.016480132035334216,0.4014827424711989
2014-07-28,0.03764236378946005,-0.03912519661545651,-0.015729316526782167,0.4014827424711989
2014-07-29,0.037131974257155406,-0.03862862016325096,-0.015369010893434044,0.4014827424711989
2014-07-30,0.03819879869850451,-0.03975657139476374,-0.015039709748357206,0.4014827424711989
2014-07-31,0.038434314919633734,-0.04012793951728759,-0.015643869446781738,0.4014827424711989
2014-08-01,0.03833918341680978,-0.03980795150702127,-0.018495372510874963,0.4014827424711989
2014-08-04,0.03851992748425817,-0.03985833757285792,-0.019411825684835057,0.4014827424711989
2014-08-05,0.038237720019406486,-0.039601810484165355,-0.019015175142445846,0.4014827424711989
2014-08-06,0.03810246681968772,-0.03948350299634711,-0.018763943718826594,0.4014827424711989
2014-08-07,0.037762932614976555,-0.03904389119510352,-0.020112313480948236,0.4014827424711989
2014-08-08,0.03769261415367934,-0.03902091383721653,-0.019330243175904222,0.4014827424711989
2014-08-11,0.037683851172459856,-0.038975181582594956,-0.019103572745437013,0.4014827424711989
2014-08-12,0.0381640181805985,-0.03940658463450901,-0.020101932610801773,0.4014827424711989
2014-08-13,0.037929385636590894,-0.039065407494836564,-0.021039894739110145,0.4014827424711989
2014-08-14,0.037435227441548445,-0.038568965324885573,-0.02061281442533896,0.4014827424711989
2014-08-15,0.036507382121809706,-0.03772037585140581,-0.019691822229954005,0.4014827424711989
2014-08-18,0.03723348863784867,-0.03851103715414781,-0.019704798039163064,0.4014827424711989
2014-08-19,0.03737186681190422,-0.03856554275662176,-0.01969764029543792,0.4014827424711989
2014-08-20,0.037304037040607425,-0.03854798251311437,-0.017983996723175362,0.4014827424711989
2014-08-21,0.036870407180013116,-0.0382658896095757,-0.017091297942341318,0.4014827424711989
2014-08-22,0.03634091078450498,-0.037763278086081646,-0.015107483733774227,0.4014827424711989
2014-08-25,0.03593464319700393,-0.0374459554176215,-0.014060620267188309,0.4014827424711989
2014-08-26,0.03620061776180807,-0.03760489027092447,-0.015069821317342472,0.4014827424711989
2014-08-27,0.03574548969251605,-0.03718188557630832,-0.01484894562967218,0.4014827424711989
2014-08-28,0.03540419592295239,-0.03685338553453273,-0.014775986752141923,0.4014827424711989
2014-08-29,0.035628823990661945,-0.03711550578340638,-0.015299448203832977,0.4014827424711989
2014-09-01,0.035628823990661945,-0.03711550578340638,-0.015299448203832977,0.4014827424711989
2014-09-02,0.036432227810256804,-0.03798721106301459,-0.014685401366052227,0.4014827424711989
2014-09-03,0.03623061288461482,-0.037786421619137256,-0.014367206442046431,0.4014827424711989
2014-09-04,0.03688676942612997,-0.038471168300651976,-0.014752625843616607,0.4014827424711989
2014-09-05,0.03727311390782289,-0.038809741401672086,-0.015990688020885453,0.4014827424711989
2014-09-08,0.03712777842359832,-0.03881613106361488,-0.01455014706102097,0.4014827424711989
2014-09-09,0.036957548587875415,-0.03873451848603948,-0.012928019790226923,0.4014827424711989
2014-09-10,0.037348445367845595,-0.03917293619017064,-0.012711298355826859,0.4014827424711989
2014-09-11,0.03747344595762842,-0.03928498703087737,-0.012976567355025738,0.4014827424711989
2014-09-12,0.03855213944119423,-0.04042870669502243,-0.013703137693315819,0.4014827424711989
2014-09-15,0.038462554754869455,-0.04026902392701744,-0.014302065446320693,0.4014827424711989
2014-09-16,0.03883096360419519,-0.04057956341336857,-0.015581162200581113,0.4014827424711989
2014-09-17,0.03876451179236886,-0.04058998317112053,-0.01410945732270829,0.4014827424711989
2014-09-18,0.038615827626190605,-0.040559942781744525,-0.012934990138181612,0.4014827424711989
2014-09-19,0.03773299311428156,-0.03970018469264661,-0.011885024857504183,0.4014827424711989
2014-09-22,0.03769558907279375,-0.03967443994143714,-0.012675147231917303,0.4014827424711989
2014-09-23,0.03735752780192022,-0.03926052302338363,-0.012853908109209349,0.4014827424711989
2014-09-24,0.03761120034315217,-0.03955831190561221,-0.012176054359270827,0.4014827424711989
2014-09-25,0.037043809872636044,-0.03897685542106616,-0.012905217739879534,0.4014827424711989
2014-09-26,0.03688469862898493,-0.03887720026744893,-0.011137444533769135,0.4014827424711989
2014-09-29,0.0364396963264273,-0.03829561614264703,-0.011400836401381977,0.4014827424711989
2014-09-30,0.03680494766458411,-0.03864425754436724,-0.011768480235021792,0.4014827424711989
2014-10-01,0.03581245547894705,-0.03754486930757873,-0.012994414899469089,0.4014827424711989
2014-10-02,0.03617260977847094,-0.03797841223338519,-0.013155477508921438,0.4014827424711989
2014-10-03,0.03576446323287633,-0.037647460709505476,-0.01116017192525705,0.4014827424711989
2014-10-06,0.0357959329599339,-0.03751577066414129,-0.012501440680907824,0.4014827424711989
2014-10-07,0.035116245288918005,-0.036722261895207976,-0.013268325985029207,0.4014827424711989
2014-10-08,0.03562094150457282,-0.03710443765333925,-0.016381425679646948,0.4014827424711989
2014-10-09,0.03552334199331532,-0.036982408477119755,-0.01615044429409276,0.4014827424711989
2014-10-10,0.03508201563968636,-0.03652825910540385,-0.016171693569639538,0.4014827424711989
2014-10-13,0.03508201563968636,-0.03652825910540385,-0.016171693569639538,0.4014827424711989
2014-10-14,0.034371673787158726,-0.035545180301122414,-0.01859256298655817,0.4014827424711989
2014-10-15,0.03420494439436587,-0.03517897423646654,-0.02100541179519717,0.4014827424711989
2014-10-16,0.03443062015910822,-0.03533092266472295,-0.02097690049935535,0.4014827424711989
2014-10-17,0.03473204247447581,-0.035798871378336164,-0.01952284730745093,0.4014827424711989
2014-10-20,0.03461590200462911,-0.035608937091355965,-0.020391516994866847,0.4014827424711989
2014-10-21,0.035093089987555684,-0.03608215914732821,-0.0205762254903775,0.4014827424711989
2014-10-22,0.03508202329147948,-0.036105935562607265,-0.019610774573491908,0.4014827424711989
2014-10-23,0.035450984797688045,-0.036696463186097206,-0.01858754146845555,0.4014827424711989
2014-10-24,0.035472817061721264,-0.03672325218320861,-0.018628701297437038,0.4014827424711989
2014-10-27,0.03531999660977461,-0.03646413299063713,-0.01896335443214774,0.4014827424711989
2014-10-28,0.03559557390495955,-0.03685875963490875,-0.018419451030425475,0.4014827424711989
2014-10-29,0.03520713958235006,-0.03663134029474859,-0.01493882350489152,0.4014827424711989
2014-10-30,0.034992920029069965,-0.03647156192472414,-0.01500784304967415,0.4014827424711989
2014-10-31,0.03527872519537403,-0.0368539709082486,-0.014238770323538864,0.4014827424711989
2014-11-03,0.035195635435218454,-0.036608327222447355,-0.01401869308672334,0.4014827424711989
2014-11-04,0.03493475558351183,-0.0363440556585052,-0.013557737098333533,0.4014827424711989
2014-11-05,0.03508024507999851,-0.03645520397317293,-0.01383989589221013,0.4014827424711989
2014-11-06,0.03535570771125016,-0.036820723528659345,-0.012956213107548235,0.4014827424711989
2014-11-07,0.03480728241954455,-0.03611394413493797,-0.014384071373641592,0.4014827424711989
2014-11-10,0.03524567398661562,-0.0366510306420961,-0.013192893331271313,0.4014827424711989
2014-11-11,0.03524567398661562,-0.0366510306420961,-0.013192893331271313,0.4014827424711989
2014-11-12,0.035234045216727815,-0.036566558605475606,-0.013406777919707947,0.4014827424711989
2014-11-13,0.035191938035193215,-0.0364468977131587,-0.014047248486369951,0.4014827424711989
2014-11-14,0.034711867890694505,-0.036000306098055684,-0.013591954968599811,0.4014827424711989
2014-11-17,0.03494591205203841,-0.036308168051511665,-0.013472259069336244,0.4014827424711989
2014-11-18,0.03479464674785577,-0.03611558319153365,-0.013647376308624079,0.4014827424711989
2014-11-19,0.03508500376869587,-0.036498972588494376,-0.012956960048093791,0.4014827424711989
2014-11-20,0.034846209773016404,-0.0362131753441226,-0.013247047755630575,0.4014827424711989
2014-11-21,0.03444734747874823,-0.03583074093510241,-0.01290023256472203,0.4014827424711989
2014-11-24,0.03435443581232852,-0.03565535741549899,-0.013149661497118732,0.4014827424711989
2014-11-25,0.03390090559576455,-0.035101704693786366,-0.013486437609711539,0.4014827424711989
2014-11-26,0.03361010426100564,-0.03476392527478378,-0.013420301846946966,0.4014827424711989
2014-11-27,0.03361010426100564,-0.03476392527478378,-0.013420301846946966,0.4014827424711989
2014-11-28,0.033138430394212486,-0.03425908113474888,-0.014740118535118349,0.4014827424711989
2014-12-01,0.03368086272799521,-0.034894033823422745,-0.014555064762436691,0.4014827424711989
2014-12-02,0.03412976595527489,-0.03534704323205646,-0.013163363817569777,0.4014827424711989
2014-12-03,0.033860427074386835,-0.03525383139908993,-0.011694764451007455,0.4014827424711989
2014-12-04,0.03327981942947914,-0.03461355557539318,-0.011504563776349563,0.4014827424711989
2014-12-05,0.03306970038849551,-0.03460946507023893,-0.00725274679239778,0.4014827424711989
2014-12-08,0.03216248577506515,-0.0335763862479794,-0.006420078809431948,0.4014827424711989
2014-12-09,0.03178968870655675,-0.03288278344943298,-0.00727502868748911,0.4014827424711989
2014-12-10,0.031546653092105685,-0.03263374204371625,-0.008672148402525252,0.4014827424711989
2014-12-11,0.03136876317561669,-0.03269913584204885,-0.006674045150053163,0.4014827424711989
2014-12-12,0.03052075666947738,-0.03175052361021762,-0.008152216720792369,0.4014827424711989
2014-12-15,0.030204123396618144,-0.03139529107605649,-0.006023669014299619,0.4014827424711989
2014-12-16,0.029716969513724024,-0.030828357042075365,-0.006749159451444991,0.4014827424711989
2014-12-17,0.030133087712820614,-0.031387158217371106,-0.004805176564385063,0.4014827424711989
2014-12-18,0.030977072215413997,-0.03221438504575421,-0.004202038871203124,0.4014827424711989
2014-12-19,0.030183278287499254,-0.03153191792752282,-0.0030368070950954904,0.4014827424711989
2014-12-22,0.029822365859106418,-0.031003205948159227,-0.001934886385079904,0.4014827424711989
2014-12-23,0.03096939534705626,-0.032397779268985544,-0.0015740469799479075,0.4014827424711989
2014-12-24,0.03073336094832551,-0.032334093864786,-0.0004247539064743313,0.4014827424711989
2014-12-25,0.03073336094832551,-0.032334093864786,-0.0004247539064743313,0.4014827424711989
2014-12-26,0.030433160699850928,-0.03213147299530769,4.261400259999819e-05,0.4014827424711989
2014-12-29,0.030221957310419774,-0.03172239246054716,-0.0011549513609620966,0.4014827424711989
2014-12-30,0.030176593821358053,-0.03157185849465312,-0.002371029712240854,0.4014827424711989
2014-12-31,0.03004532894758714,-0.031305263305603084,-0.0031333119734892776,0.4014827424711989
2015-01-01,0.03004532894758714,-0.031305263305603084,-0.0031333119734892776,0.4014827424711989
2015-01-02,0.029324960779741113,-0.030655112609748295,-0.002846661022749445,0.4014827424711989
2015-01-05,0.02810139303543117,-0.02934535173945349,-0.00180757964064755,0.4014827424711989
2015-01-06,0.027305482875035578,-0.028455677922632597,-0.002417779878425539,0.4014827424711989
2015-01-07,0.02744115367731829,-0.028554987833731144,-0.003554443206452141,0.4014827424711989
2015-01-08,0.02845092532873485,-0.029700823853384562,-0.004351370875264742,0.4014827424711989
2015-01-09,0.02811068878033846,-0.029259935055368988,-0.005535988797443694,0.4014827424711989
2015-01-12,0.02756373617170831,-0.028592116001320073,-0.006623397967072873,0.4014827424711989
2015-01-13,0.02773317873927993,-0.028706990066791525,-0.0077468207803559975,0.4014827424711989
2015-01-14,0.027553416581575396,-0.028385165772034697,-0.009277019044847764,0.4014827424711989
2015-01-15,0.026985453563400773,-0.02766891093566667,-0.011656886674578058,0.4014827424711989
2015-01-16,0.027292644880300653,-0.02817395428251036,-0.00973063604688265,0.4014827424711989
2015-01-19,0.027292644880300653,-0.02817395428251036,-0.00973063604688265,0.4014827424711989
2015-01-20,0.026572742675317607,-0.027561080815906504,-0.007246489048708224,0.4014827424711989
2015-01-21,0.027177080701673163,-0.028240351829012016,-0.007175214092421514,0.4014827424711989
2015-01-22,0.027308038709293696,-0.028422231034081202,-0.006422607213870222,0.4014827424711989
2015-01-23,0.026287864508870898,-0.027355097510134166,-0.006390985307413843,0.4014827424711989
2015-01-26,0.0264182878293419,-0.0274591599799744,-0.005787333512952185,0.4014827424711989
2015-01-27,0.02655280747651235,-0.0275863872631182,-0.006550272041038268,0.4014827424711989
2015-01-28,0.02541701375497402,-0.026307917621328586,-0.007243906741924129,0.4014827424711989
2015-01-29,0.025951158912147314,-0.026949904741227434,-0.006876230268214862,0.4014827424711989
2015-01-30,0.025230416113045797,-0.026044040486215315,-0.00859301190021514,0.4014827424711989
2015-02-02,0.025326077071531016,-0.026155492777283233,-0.008465623736909627,0.4014827424711989
2015-02-03,0.02646803220051338,-0.027363967156343035,-0.007607249804989588,0.4014827424711989
2015-02-04,0.026643519728804004,-0.027675608558168793,-0.007396157092819973,0.4014827424711989
2015-02-05,0.027039774188510234,-0.027999612038497285,-0.007978180927803983,0.4014827424711989
2015-02-06,0.02733476487752137,-0.028580338650001348,-0.002502588352587364,0.4014827424711989
2015-02-09,0.027408828642920574,-0.028680700724470314,-0.00239193602224952,0.4014827424711989
2015-02-10,0.028072197515399428,-0.0293610609371541,-0.002616982686412783,0.4014827424711989
2015-02-11,0.027951487472595602,-0.02931458211331575,-0.002102626305391148,0.4014827424711989
2015-02-12,0.0282849332624043,-0.029554671951414223,-0.004118239249139862,0.4014827424711989
2015-02-13,0.028836373189689762,-0.030147950061984972,-0.004072667424568312,0.4014827424711989
2015-02-16,0.028836373189689762,-0.030147950061984972,-0.004072667424568312,0.4014827424711989
2015-02-17,0.02990493813565737,-0.03133877509940926,-0.0028873424550513917,0.4014827424711989
2015-02-18,0.029977642215977884,-0.031199532083078053,-0.006631358967114914,0.4014827424711989
2015-02-19,0.030164749959715405,-0.031513419447599056,-0.004898906743384315,0.4014827424711989
2015-02-20,0.030107501792224125,-0.03153426237778586,-0.003993550162199093,0.4014827424711989
2015-02-23,0.02939228062498109,-0.030756357124559486,-0.004439973454200413,0.4014827424711989
2015-02-24,0.028896437533602538,-0.030037373301883698,-0.006388499784201801,0.4014827424711989
2015-02-25,0.0283607887850677,-0.02956747972618007,-0.005349980837183736,0.4014827424711989
2015-02-26,0.028841238087425326,-0.030145357971642465,-0.003782951974230151,0.4014827424711989
2015-02-27,0.028709285697196232,-0.029963557578110183,-0.004802358292871702,0.4014827424711989
2015-03-02,0.02956692693338799,-0.030911845974814344,-0.00420226026696388,0.4014827424711989
2015-03-03,0.029787639212896316,-0.031198388566274788,-0.0030911585580949766,0.4014827424711989
2015-03-04,0.029952115894038435,-0.031360843486974384,-0.0038611086044517224,0.4014827424711989
2015-03-05,0.03001298246557582,-0.03129452838010567,-0.004995546048589652,0.4014827424711989
2015-03-06,0.0312031174544823,-0.03273511805527454,-0.0026093769501494965,0.4014827424711989
2015-03-09,0.030839860396550928,-0.03223735674737514,-0.0034644940475771152,0.4014827424711989
2015-03-10,0.030037421109729276,-0.031330051133231264,-0.003439409777327567,0.4014827424711989
2015-03-11,0.029546918429401634,-0.030789359187740714,-0.003128312375448471,0.4014827424711989
2015-03-12,0.02968508605311627,-0.030907692042974316,-0.004106861833534442,0.4014827424711989
2015-03-13,0.029806168332248983,-0.03104217311986728,-0.0037817853980476367,0.4014827424711989
2015-03-16,0.02948245671523728,-0.03049862548939514,-0.004263734053538121,0.4014827424711989
2015-03-17,0.02866202745375947,-0.029544971498630827,-0.0030849048198089675,0.4014827424711989
2015-03-18,0.028054927169689273,-0.02895403821161431,-0.006938424865540622,0.4014827424711989
2015-03-19,0.02804074097747096,-0.02905006166224483,-0.004400983486251547,0.4014827424711989
2015-03-20,0.02766973022569464,-0.028763244445159625,-0.0052654812612108835,0.4014827424711989
2015-03-23,0.02783237103333532,-0.028721294096845335,-0.006437951353443654,0.4014827424711989
2015-03-24,0.027290667225724822,-0.028132254430190667,-0.006527769610325469,0.4014827424711989
2015-03-25,0.027720820187287408,-0.028606817315445315,-0.005988583883636485,0.4014827424711989
2015-03-26,0.028796409533664066,-0.02970319954624285,-0.005981792664114648,0.4014827424711989
2015-03-27,0.028056522007999032,-0.028876237604637433,-0.006663257866474339,0.4014827424711989
2015-03-30,0.02837630029715671,-0.029111103482051218,-0.00735834827089182,0.4014827424711989
2015-03-31,0.028456320856006335,-0.029032648602587016,-0.008976261711678183,0.4014827424711989
2015-04-01,0.027512918671053155,-0.02816267715617267,-0.008470502587723413,0.4014827424711989
2015-04-02,0.02828695448611484,-0.029095286295405427,-0.00889526868805354,0.4014827424711989
2015-04-03,0.028100798990792153,-0.02869301153426169,-0.011804048030875154,0.4014827424711989
2015-04-06,0.028959603632694633,-0.029681151853779578,-0.011568545184787421,0.4014827424711989
2015-04-07,0.02823543375370109,-0.029024783033743153,-0.009914758148923163,0.4014827424711989
2015-04-08,0.028312822347061017,-0.029128825021083448,-0.009265642372640406,0.4014827424711989
2015-04-09,0.02915730177581937,-0.03002520647859156,-0.00941612542131442,0.4014827424711989
2015-04-10,0.028693357175453946,-0.02967604377656819,-0.00796593298213402,0.4014827424711989
2015-04-13,0.02884900658311044,-0.0296495868386074,-0.009481225145392314,0.4014827424711989
2015-04-14,0.028442778075125207,-0.029225756666900565,-0.009939105149286807,0.4014827424711989
2015-04-15,0.028640143016681843,-0.02945547045977382,-0.010516868168379006,0.4014827424711989
2015-04-16,0.02891637113834848,-0.0296276737338265,-0.012034559683503502,0.4014827424711989
2015-04-17,0.028128813413751813,-0.02890655357633881,-0.010272116623796887,0.4014827424711989
2015-04-20,0.028660941643761387,-0.029296107508791854,-0.010631017882423863,0.4014827424711989
2015-04-21,0.02890760496194878,-0.02965654893258593,-0.010519726584598066,0.4014827424711989
2015-04-22,0.02982183928436986,-0.030691714853531588,-0.010076971499756258,0.4014827424711989
2015-04-23,0.029525804675315567,-0.030316578544172523,-0.01092399167935096,0.4014827424711989
2015-04-24,0.029459056202372713,-0.03007389382679406,-0.011993498459783805,0.4014827424711989
2015-04-27,0.029259530623710225,-0.030033911779710883,-0.010710851874870139,0.4014827424711989
2015-04-28,0.0300189946105007,-0.030936521594037862,-0.010602779090469614,0.4014827424711989
2015-04-29,0.03096269403947982,-0.03199405420548945,-0.011135606370859589,0.4014827424711989
2015-04-30,0.0308417318855951,-0.031904616483774816,-0.010873246863038567,0.4014827424711989
2015-05-01,0.03159443161556388,-0.03280729778185413,-0.009905190580889548,0.4014827424711989
2015-05-04,0.03239688094200522,-0.03344230484029561,-0.011336436715704293,0.4014827424711989
2015-05-05,0.032520610381154044,-0.03368173281535663,-0.010401713711873033,0.4014827424711989
2015-05-06,0.033448296159069316,-0.03455946954560724,-0.010841591544089032,0.4014827424711989
2015-05-07,0.032363306642445286,-0.03355244513055977,-0.009727265821088061,0.4014827424711989
2015-05-08,0.032637497211073944,-0.03371047210796856,-0.012044839725852123,0.4014827424711989
2015-05-11,0.03414137240755347,-0.035228051285043305,-0.012049152504613442,0.4014827424711989
2015-05-12,0.03409289173100514,-0.03517769065743969,-0.012254740859412274,0.4014827424711989
2015-05-13,0.034784294536349146,-0.03579189979720548,-0.014290173428372547,0.4014827424711989
2015-05-14,0.03453361827157811,-0.035565232471372256,-0.0155662439445827,0.4014827424711989
2015-05-15,0.03328555331502475,-0.034117629794153004,-0.015061444394603286,0.4014827424711989
2015-05-18,0.034260831088326726,-0.03531005891507644,-0.014293306281330659,0.4014827424711989
2015-05-19,0.03442847179851646,-0.03558170322148364,-0.012476596109280133,0.4014827424711989
2015-05-20,0.03466209526341955,-0.035698819153529,-0.014087226574516996,0.4014827424711989
2015-05-21,0.03367719990655874,-0.034693918844702194,-0.013621621082586174,0.4014827424711989
2015-05-22,0.03358581837538427,-0.0347016199511623,-0.011736262432705489,0.4014827424711989
2015-05-25,0.03358581837538427,-0.0347016199511623,-0.011736262432705489,0.4014827424711989
2015-05-26,0.03235381179326712,-0.03339839530619862,-0.01062453568788034,0.4014827424711989
2015-05-27,0.032199259724386274,-0.03319531291093996,-0.01032370348548305,0.4014827424711989
2015-05-28,0.03244041443616301,-0.033456731601554386,-0.011440261025405279,0.4014827424711989
2015-05-29,0.03241730285305082,-0.03342799343493119,-0.012162467973307653,0.4014827424711989
2015-06-01,0.033045264135091575,-0.034081797201030925,-0.01139030998502887,0.4014827424711989
2015-06-02,0.034013782652265394,-0.035198860998811005,-0.011271577428534647,0.4014827424711989
2015-06-03,0.03505305462157716,-0.03637205253597691,-0.010297169400421647,0.4014827424711989
2015-06-04,0.034061701038107475,-0.03527262609976061,-0.0101648855521962,0.4014827424711989
2015-06-05,0.034775279517337915,-0.03613193852631427,-0.007906144570997057,0.4014827424711989
2015-06-08,0.03488279191060777,-0.03623129330510816,-0.009255766852926853,0.4014827424711989
2015-06-09,0.035236283566767786,-0.036649162406098945,-0.008937988573913504,0.4014827424711989
2015-06-10,0.0360245995742187,-0.037463672532764045,-0.008589249409582648,0.4014827424711989
2015-06-11,0.03459298623231107,-0.035981122903999456,-0.007918404315155614,0.4014827424711989
2015-06-12,0.034495412423676874,-0.03587708869289081,-0.00751791841548435,0.4014827424711989
2015-06-15,0.03445536378769515,-0.03574984159556408,-0.008633095485062706,0.4014827424711989
2015-06-16,0.03405923778220272,-0.035321866448986924,-0.008892544877883535,0.4014827424711989
2015-06-17,0.03471783331005847,-0.03589233265181223,-0.011587736786938972,0.4014827424711989
2015-06-18,0.03533466766413281,-0.03659645244948712,-0.012217956258873394,0.4014827424711989
2015-06-19,0.03420641484584889,-0.03545151997948272,-0.01212609231134448,0.4014827424711989
2015-06-22,0.03539868048961857,-0.03670031317042461,-0.011379888629260967,0.4014827424711989
2015-06-23,0.03590668236037133,-0.03718090754532788,-0.01128806781893319,0.4014827424711989
2015-06-24,0.03537239642177007,-0.03666139995633489,-0.010970460001458213,0.4014827424711989
2015-06-25,0.035454208392577596,-0.03682847910501117,-0.010682251087634148,0.4014827424711989
2015-06-26,0.036568104782967216,-0.03797581317190347,-0.010952848987266017,0.4014827424711989
2015-06-29,0.03489381990270986,-0.03599267660249395,-0.012526236920904356,0.4014827424711989
2015-06-30,0.035095770670990734,-0.03616245928570855,-0.012568346905488352,0.4014827424711989
2015-07-01,0.03597820671393121,-0.03713979637134327,-0.011691969309958777,0.4014827424711989
2015-07-02,0.03611691364115292,-0.03724885097613776,-0.014015502105538756,0.4014827424711989
2015-07-03,0.03611691364115292,-0.03724885097613776,-0.014015502105538756,0.4014827424711989
2015-07-06,0.03486241229946061,-0.035864860984500355,-0.014405125563179699,0.4014827424711989
2015-07-07,0.03436427022275064,-0.03538376673022197,-0.013902562063444028,0.4014827424711989
2015-07-08,0.033916662873374824,-0.03484773461724888,-0.01492562602415579,0.4014827424711989
2015-07-09,0.03521839949160449,-0.03620323885071828,-0.014860810842460496,0.4014827424711989
2015-07-10,0.036104486615196385,-0.03731984009464842,-0.012828687844782312,0.4014827424711989
2015-07-13,0.036115527473970066,-0.03728486479473009,-0.012029554160262712,0.4014827424711989
2015-07-14,0.036091105525030275,-0.037175494040995356,-0.013396982140198996,0.4014827424711989
2015-07-15,0.03530312493497866,-0.03625909813975592,-0.013380067481940204,0.4014827424711989
2015-07-16,0.0348165556663825,-0.03588344458462986,-0.011227664561252957,0.4014827424711989
2015-07-17,0.03432435182976522,-0.035368309721053176,-0.010274429434886425,0.4014827424711989
2015-07-20,0.03441005758875092,-0.03541404740833049,-0.008997394850649997,0.4014827424711989
2015-07-21,0.034176598538678084,-0.03508346011056364,-0.009415368268868579,0.4014827424711989
2015-07-22,0.03354436677305013,-0.03444096836485568,-0.00804879481201481,0.4014827424711989
2015-07-23,0.032895998528444235,-0.03380252659483483,-0.008100697360252401,0.4014827424711989
2015-07-24,0.03284160641136823,-0.03368414336525208,-0.008553868050751083,0.4014827424711989
2015-07-27,0.0326359698638911,-0.03328338220696446,-0.010084572828922254,0.4014827424711989
2015-07-28,0.03288454857855029,-0.03358397404351228,-0.00958513621973403,0.4014827424711989
2015-07-29,0.033229319329017924,-0.03390873563212416,-0.009582323037299731,0.4014827424711989
2015-07-30,0.03273222908038947,-0.03333707539026681,-0.008407349338542942,0.4014827424711989
2015-07-31,0.032446036169456245,-0.03293053329343295,-0.010784163177460044,0.4014827424711989
2015-08-03,0.03165105170808206,-0.032071434673161404,-0.009986644917772486,0.4014827424711989
2015-08-04,0.03181244742311349,-0.032258867713195964,-0.007432348720572917,0.4014827424711989
2015-08-05,0.03234551890463079,-0.03284449830210826,-0.00719291363270716,0.4014827424711989
2015-08-06,0.03181345080945785,-0.03245470928794668,-0.007053593010497677,0.4014827424711989
2015-08-07,0.030838772693759953,-0.03128438869025859,-0.006112848514655437,0.4014827424711989
2015-08-10,0.0316635105895145,-0.031893744442136836,-0.007054242434622066,0.4014827424711989
2015-08-11,0.030937320459479993,-0.031029384401066597,-0.008708107663347562,0.4014827424711989
2015-08-12,0.031319823812515774,-0.0313685944586955,-0.0099755648238666,0.4014827424711989
2015-08-13,0.03132190782310925,-0.03141448324653236,-0.007868077283614047,0.4014827424711989
2015-08-14,0.031040778608990866,-0.03128739872999701,-0.006278609485847714,0.4014827424711989
2015-08-17,0.030687554388215896,-0.030918916473434907,-0.006541321646774094,0.4014827424711989
2015-08-18,0.03136682031060432,-0.03156156847298339,-0.007152340988390746,0.4014827424711989
2015-08-19,0.03093318134873261,-0.031113891313647495,-0.009600754975011757,0.4014827424711989
2015-08-20,0.030135824811812702,-0.030612115627729808,-0.0073703319764034415,0.4014827424711989
2015-08-21,0.030232026368719602,-0.030576113109683077,-0.009707351082784872,0.4014827424711989
2015-08-24,0.03032960107401113,-0.030529254399976682,-0.011925261396433524,0.4014827424711989
2015-08-25,0.03147276465949811,-0.03169913698580888,-0.01076691438061826,0.4014827424711989
2015-08-26,0.03280092498809565,-0.03305139782311524,-0.012619154360702012,0.4014827424711989
2015-08-27,0.03250030074736065,-0.032752203593598296,-0.011763726910464994,0.4014827424711989
2015-08-28,0.032192079152506034,-0.03240304709257164,-0.010102157186395016,0.4014827424711989
2015-08-31,0.03244441233794858,-0.03262099453959511,-0.009793655659256259,0.4014827424711989
2015-09-01,0.03234462860279928,-0.03256159066743569,-0.011086637728696842,0.4014827424711989
2015-09-02,0.0328027038389739,-0.033113930638956,-0.01105460941667277,0.4014827424711989
2015-09-03,0.03268947285625092,-0.03297998620728471,-0.011807296747583497,0.4014827424711989
2015-09-04,0.03188161842778835,-0.03217119970000164,-0.01103651278969465,0.4014827424711989
2015-09-07,0.03188161842778835,-0.03217119970000164,-0.01103651278969465,0.4014827424711989
2015-09-08,0.0327509906568175,-0.03284262032869626,-0.011000003370553837,0.4014827424711989
2015-09-09,0.03251749612825253,-0.032755544702471884,-0.010162962983836373,0.4014827424711989
2015-09-10,0.03276066258607044,-0.03309067480980863,-0.010061078424509307,0.4014827424711989
2015-09-11,0.032570988964782194,-0.03267569806415992,-0.011298559337384764,0.4014827424711989
2015-09-14,0.03245374743370473,-0.03247095697468747,-0.011336631143180058,0.4014827424711989
2015-09-15,0.03336420668961679,-0.03348685175044424,-0.009188492201962236,0.4014827424711989
2015-09-16,0.033604529627806225,-0.03388600208534842,-0.0090183093711773,0.4014827424711989
2015-09-17,0.03343402356331801,-0.03395817502356018,-0.012611748553575846,0.4014827424711989
2015-09-18,0.032240196223518196,-0.03296435406279103,-0.011782238148380031,0.4014827424711989
2015-09-21,0.033242658584364766,-0.033970279764205025,-0.011803846746401427,0.4014827424711989
2015-09-22,0.032454276079775336,-0.033156423558594425,-0.012259204888790651,0.4014827424711989
2015-09-23,0.0324391090216998,-0.03322416730539652,-0.011339869999254635,0.4014827424711989
2015-09-24,0.03202407624891837,-0.03282741109068739,-0.011490102232982531,0.4014827424711989
2015-09-25,0.03248753106586186,-0.03337499396990624,-0.010960292398439077,0.4014827424711989
2015-09-28,0.03148783734305089,-0.03219799067677292,-0.011147701748681385,0.4014827424711989
2015-09-29,0.031357930812058565,-0.03197280634164372,-0.01281658826522826,0.4014827424711989
2015-09-30,0.031669513145230074,-0.0323329906293724,-0.013205332358772318,0.4014827424711989
2015-10-01,0.03141899078305102,-0.03213606511891766,-0.012744202925313211,0.4014827424711989
2015-10-02,0.03128948404366154,-0.03197723207860993,-0.015284769855459152,0.4014827424711989
2015-10-05,0.03218358301455165,-0.032921821555153885,-0.014970698752282127,0.4014827424711989
2015-10-06,0.031883902489250604,-0.03261526082636004,-0.014637150691511697,0.4014827424711989
2015-10-07,0.03187942070324016,-0.03263777834257826,-0.013497052913888542,0.4014827424711989
2015-10-08,0.03264213738657427,-0.03345231186502149,-0.014086613610682891,0.4014827424711989
2015-10-09,0.032376309225517,-0.03315604662486267,-0.013211931831039959,0.4014827424711989
2015-10-12,0.032376309225517,-0.03315604662486267,-0.013211931831039959,0.4014827424711989
2015-10-13,0.0317777118060755,-0.03247863031722111,-0.013748319315038376,0.4014827424711989
2015-10-14,0.03140299088977773,-0.03208105950148563,-0.015890872117101953,0.4014827424711989
2015-10-15,0.031621332692386206,-0.03237821686051552,-0.014293017429988356,0.4014827424711989
2015-10-16,0.03159952906569918,-0.0322883804845209,-0.014081549850934716,0.4014827424711989
2015-10-19,0.031973618756611026,-0.03232449063359009,-0.015661272712183517,0.4014827424711989
2015-10-20,0.03228498541499727,-0.032653229837834544,-0.014625334893136194,0.4014827424711989
2015-10-21,0.03161239313961769,-0.03224602482752281,-0.01375501765124151,0.4014827424711989
2015-10-22,0.031739225639302884,-0.03238127534480582,-0.014444831311069656,0.4014827424711989
2015-10-23,0.032028490612543814,-0.032749059728285186,-0.012708122663087178,0.4014827424711989
2015-10-26,0.031601100838694995,-0.032163955535332314,-0.012597666473718684,0.4014827424711989
2015-10-27,0.03147676757318641,-0.031813058275518995,-0.013411714015627985,0.4014827424711989
2015-10-28,0.031261194218863274,-0.031556265753538544,-0.010194374676168542,0.4014827424711989
2015-10-29,0.032364279615945846,-0.032694642509914794,-0.0102662976179206,0.4014827424711989
2015-10-30,0.03194067969853336,-0.032191079747024356,-0.009904713635432907,0.4014827424711989
2015-11-02,0.0321079833381596,-0.03231111913828391,-0.008813640355858363,0.4014827424711989
2015-11-03,0.03269595015556752,-0.03273852818874346,-0.009380800845493687,0.4014827424711989
2015-11-04,0.032471272593610205,-0.03262175727109393,-0.007222065991989678,0.4014827424711989
2015-11-05,0.0325712107462051,-0.03281287117752013,-0.006852791569807873,0.4014827424711989
2015-11-06,0.03331349701895092,-0.0333851480447655,-0.005785235802370291,0.4014827424711989
2015-11-09,0.03370845536291182,-0.03348303271084263,-0.006463704271506258,0.4014827424711989
2015-11-10,0.033519248580393145,-0.033099407272155136,-0.007544074791691153,0.4014827424711989
2015-11-11,0.033519248580393145,-0.033099407272155136,-0.007544074791691153,0.4014827424711989
2015-11-12,0.0333013226551635,-0.03286003046530352,-0.006711440800250143,0.4014827424711989
2015-11-13,0.03303075208245059,-0.03280277171944929,-0.007298976538515259,0.4014827424711989
2015-11-16,0.033148266362698395,-0.03267886339444312,-0.008366456771029856,0.4014827424711989
2015-11-17,0.032799412324168095,-0.03228973894945582,-0.008014858876652056,0.4014827424711989
2015-11-18,0.032677029097459086,-0.03240514638852744,-0.00640061124907706,0.4014827424711989
2015-11-19,0.032094783585683344,-0.03189425095033239,-0.005438346556626647,0.4014827424711989
2015-11-20,0.032255963348507576,-0.03209617291514574,-0.004963776215257408,0.4014827424711989
2015-11-23,0.03193019916458181,-0.031558100895801564,-0.004486676606874593,0.4014827424711989
2015-11-24,0.0321140638159066,-0.03125712417779548,-0.006602081093769075,0.4014827424711989
2015-11-25,0.03204155774894914,-0.03096872228040455,-0.006753022802979035,0.4014827424711989
2015-11-26,0.03204155774894914,-0.03096872228040455,-0.006753022802979035,0.4014827424711989
2015-11-27,0.0321151958532271,-0.031119299161353677,-0.007399471694023522,0.4014827424711989
2015-11-30,0.03182837486506,-0.03067253502238184,-0.006794991679715602,0.4014827424711989
2015-12-01,0.031170907773476725,-0.029644457419093412,-0.008155609954903848,0.4014827424711989
2015-12-02,0.030997324246304022,-0.029573756491158027,-0.006312863744614134,0.4014827424711989
2015-12-03,0.03295965503006911,-0.031566154057184735,-0.0067662530527404195,0.4014827424711989
2015-12-04,0.03214270467783622,-0.030521680878682577,-0.006404844237757468,0.4014827424711989
2015-12-07,0.03149553290844484,-0.02913129842698493,-0.00735143403366202,0.4014827424711989
2015-12-08,0.031657587747251706,-0.02909995058173896,-0.007501837080943956,0.4014827424711989
2015-12-09,0.03162310789803122,-0.029368315125973505,-0.00797691843180299,0.4014827424711989
2015-12-10,0.03160338540561313,-0.029476213450945418,-0.00662230581036575,0.4014827424711989
2015-12-11,0.03052792993149107,-0.028506762319014375,-0.008005593007355174,0.4014827424711989
2015-12-14,0.031336164138144086,-0.029430838927014633,-0.005879463079140744,0.4014827424711989
2015-12-15,0.031778342561192864,-0.029679450355961454,-0.005843824836171151,0.4014827424711989
2015-12-16,0.03182115569436012,-0.029861382276023127,-0.00412471097602554,0.4014827424711989
2015-12-17,0.03077302046470393,-0.029102819786380792,-0.0027794457162711034,0.4014827424711989
2015-12-18,0.03048415185020645,-0.028961748189589135,-0.003757020558725562,0.4014827424711989
2015-12-21,0.030745828968619958,-0.029063271829587334,-0.004550996313280844,0.4014827424711989
2015-12-22,0.03119845492887117,-0.029565067084245222,-0.004109937379890772,0.4014827424711989
2015-12-23,0.03164032553913847,-0.030090660372272513,-0.004015803867177232,0.4014827424711989
2015-12-24,0.031065028898973203,-0.029646593164096964,-0.002652377979909695,0.4014827424711989
2015-12-25,0.031065028898973203,-0.029646593164096964,-0.002652377979909695,0.4014827424711989
2015-12-28,0.030810092698482124,-0.02927281719703757,-0.0022672984684563562,0.4014827424711989
2015-12-29,0.03187266881399129,-0.03026083439396556,-0.0022732935360914586,0.4014827424711989
2015-12-30,0.03179023651731896,-0.030766138779791497,-0.0012276068919662413,0.4014827424711989
2015-12-31,0.03165757446788655,-0.03038781041382434,-0.0028482686471673893,0.4014827424711989
2016-01-01,0.03165757446788655,-0.03038781041382434,-0.0028482686471673893,0.4014827424711989
2016-01-04,0.0314932941272791,-0.029934493750651527,-0.004148634100825322,0.4014827424711989
2016-01-05,0.03178505001776457,-0.030026421473690047,-0.004609445233327841,0.4014827424711989
2016-01-06,0.031127242441124366,-0.029225127209580808,-0.00607998580166774,0.4014827424711989
2016-01-07,0.030988343728034703,-0.02912080395600095,-0.007015855537221258,0.4014827424711989
2016-01-08,0.030975797275077217,-0.029082034692396026,-0.008108256406039087,0.4014827424711989
2016-01-11,0.031609845845348615,-0.02966214110864319,-0.008930787390370941,0.4014827424711989
2016-01-12,0.03075790310974997,-0.02869638026634532,-0.008750085009102621,0.4014827424711989
2016-01-13,0.03038405524195889,-0.028289086757568385,-0.009292316559243272,0.4014827424711989
2016-01-14,0.03108342964186272,-0.02903544945919014,-0.010604092475429858,0.4014827424711989
2016-01-15,0.030272111645797267,-0.028536533499093856,-0.010901357370695088,0.4014827424711989
2016-01-18,0.030272111645797267,-0.028536533499093856,-0.010901357370695088,0.4014827424711989
2016-01-19,0.030328673484221972,-0.02854349816148479,-0.01012557126892081,0.4014827424711989
2016-01-20,0.030041841361681282,-0.0280924949178059,-0.011828776086567619,0.4014827424711989
2016-01-21,0.03030391337425497,-0.028144641068552585,-0.01262715758162308,0.4014827424711989
2016-01-22,0.0306089988910613,-0.028346729194998126,-0.011651258770920075,0.4014827424711989
2016-01-25,0.030147741340167067,-0.027865736358439273,-0.011369913295900433,0.4014827424711989
2016-01-26,0.030215420736866564,-0.027631848626918566,-0.012998925655158046,0.4014827424711989
2016-01-27,0.03040048597443486,-0.02785083752804518,-0.013484223395727711,0.4014827424711989
2016-01-28,0.0303539201983901,-0.027672061791999724,-0.014241867759564663,0.4014827424711989
2016-01-29,0.03005251668390737,-0.02748052748236926,-0.01596893832658229,0.4014827424711989
2016-02-01,0.03006232391110562,-0.027538508915591987,-0.014249476417650203,0.4014827424711989
2016-02-02,0.02907624215846484,-0.026009329016580436,-0.01635687989757343,0.4014827424711989
2016-02-03,0.029596639480763617,-0.026505638100882474,-0.017815740101337272,0.4014827424711989
2016-02-04,0.029550574592126018,-0.026795434640237887,-0.01765777639525029,0.4014827424711989
2016-02-05,0.029150383940978745,-0.026287431679191703,-0.016796432628254997,0.4014827424711989
2016-02-08,0.028075669612192697,-0.025221956283745316,-0.018015244464704323,0.4014827424711989
2016-02-09,0.02790296306600162,-0.024827251241810268,-0.01797597334200666,0.4014827424711989
2016-02-10,0.027509212629445712,-0.024422579855860483,-0.01735230469321323,0.4014827424711989
2016-02-11,0.027082801658898942,-0.024150173167900336,-0.018490908638342372,0.4014827424711989
2016-02-12,0.02796892320974227,-0.025125091295213217,-0.016716467742938088,0.4014827424711989
2016-02-15,0.02796892320974227,-0.025125091295213217,-0.016716467742938088,0.4014827424711989
2016-02-16,0.028347573176607355,-0.025579357031359648,-0.016209126981933247,0.4014827424711989
2016-02-17,0.02891867439725562,-0.025942969237961695,-0.016834661206224903,0.4014827424711989
2016-02-18,0.02826695907885725,-0.025141208674364396,-0.01757885886901426,0.4014827424711989
2016-02-19,0.027977160936648534,-0.024940675182684197,-0.015801776955784094,0.4014827424711989
2016-02-22,0.0280693621658924,-0.024867820371267915,-0.015835823749775702,0.4014827424711989
2016-02-23,0.027878233183991765,-0.024630405314629334,-0.016358928608505414,0.4014827424711989
2016-02-24,0.028023161196722584,-0.02475725080559248,-0.016803418588629892,0.4014827424711989
2016-02-25,0.027856386544328746,-0.02452788539745485,-0.01810106659241988,0.4014827424711989
2016-02-26,0.028123345216695548,-0.0248520315818508,-0.015776264193397786,0.4014827424711989
2016-02-29,0.027940105939780847,-0.02465676241987907,-0.01598676575830944,0.4014827424711989
2016-03-01,0.028812051582906444,-0.025331119345868423,-0.014972917462178083,0.4014827424711989
2016-03-02,0.028627782414173096,-0.025250879537926135,-0.013807921884169665,0.4014827424711989
2016-03-03,0.028047568135355222,-0.025158746315051925,-0.012161158085035779,0.4014827424711989
2016-03-04,0.028552565044390417,-0.025668939068998985,-0.011351185903835912,0.4014827424711989
2016-03-07,0.028574772218944257,-0.025551505874007507,-0.010459237803170238,0.4014827424711989
2016-03-08,0.0276740902670157,-0.02462969565336765,-0.0108756817657398,0.4014827424711989
2016-03-09,0.02824325282106351,-0.025291555569331575,-0.010323952247968858,0.4014827424711989
2016-03-10,0.02831074169099414,-0.02532762938906309,-0.008860737559196129,0.4014827424711989
2016-03-11,0.028766573607976607,-0.025775299795777345,-0.008183878764490535,0.4014827424711989
2016-03-14,0.028673154444850576,-0.025571543777288125,-0.008416345882964296,0.4014827424711989
2016-03-15,0.028550251511813663,-0.025415409252610727,-0.007984106892810233,0.4014827424711989
2016-03-16,0.029058139148625647,-0.026078209278637313,-0.011812000222529798,0.4014827424711989
2016-03-17,0.02857298332586565,-0.025640535331223048,-0.011405418939287466,0.4014827424711989
2016-03-18,0.028564417962488858,-0.02567918163139412,-0.01275316628736381,0.4014827424711989
2016-03-21,0.028939948713400183,-0.02606271917583091,-0.011973193684301959,0.4014827424711989
2016-03-22,0.028825893643193018,-0.025989073347851294,-0.010443308451682697,0.4014827424711989
2016-03-23,0.028107984251398918,-0.025216359999798127,-0.011019967110326734,0.4014827424711989
2016-03-24,0.02831242471864042,-0.025603343515721938,-0.010238252793027716,0.4014827424711989
2016-03-25,0.02831242471864042,-0.025603343515721938,-0.010238252793027716,0.4014827424711989
2016-03-28,0.028056460270141283,-0.025415160903623245,-0.009933496650987087,0.4014827424711989
2016-03-29,0.027690108434594532,-0.025254524415649647,-0.01214958452383955,0.4014827424711989
2016-03-30,0.028372239663143162,-0.02631356650378372,-0.013290446573023453,0.4014827424711989
2016-03-31,0.02810314399504281,-0.02577539321124319,-0.015010737900200159,0.4014827424711989
2016-04-01,0.02803436834127294,-0.025542307786078598,-0.014233778540995851,0.4014827424711989
2016-04-04,0.02791627297016881,-0.025561864508332876,-0.014496252643115916,0.4014827424711989
2016-04-05,0.027323537886788284,-0.024976136433824188,-0.014869093737242062,0.4014827424711989
2016-04-06,0.027748805458544575,-0.025464498167186038,-0.014691072437126241,0.4014827424711989
2016-04-07,0.027150075973905795,-0.024772104160332247,-0.01565922795913148,0.4014827424711989
2016-04-08,0.02748555257740308,-0.025141119470970995,-0.015779585603794714,0.4014827424711989
2016-04-11,0.02759902807331394,-0.025320005031077526,-0.015696524182687695,0.4014827424711989
2016-04-12,0.027994244811690255,-0.025779041091171344,-0.014453562072159717,0.4014827424711989
2016-04-13,0.02762215880364789,-0.025309130794249308,-0.013960731529676263,0.4014827424711989
2016-04-14,0.02783694206554969,-0.025607225315175453,-0.013157465180833956,0.4014827424711989
2016-04-15,0.027426563848928432,-0.02522715246295557,-0.013825692557555398,0.4014827424711989
2016-04-18,0.027607352436982473,-0.025637204153894384,-0.013042850851205524,0.4014827424711989
2016-04-19,0.027767234233817283,-0.0257486084538738,-0.012700704929111194,0.4014827424711989
2016-04-20,0.02836148319859851,-0.026367392166721546,-0.011952888299266043,0.4014827424711989
2016-04-21,0.02873365612679378,-0.026669488155365576,-0.011972377646002424,0.4014827424711989
2016-04-22,0.028735568311205415,-0.026691737137886307,-0.01119923396970221,0.4014827424711989
2016-04-25,0.028968098758815782,-0.026877691065998306,-0.011261497423369108,0.4014827424711989
2016-04-26,0.029333962926348694,-0.027087664114241513,-0.011279489379766208,0.4014827424711989
2016-04-27,0.02887978559262054,-0.02664539627422984,-0.01260342943520993,0.4014827424711989
2016-04-28,0.028755248858494054,-0.026591939633285166,-0.013946178111980219,0.4014827424711989
2016-04-29,0.028573100966399857,-0.026433393247521638,-0.013712241136294337,0.4014827424711989
2016-05-02,0.02900844612387901,-0.02712089827734813,-0.012652806436659392,0.4014827424711989
2016-05-03,0.02856302360093282,-0.02636666943422913,-0.014640333784257917,0.4014827424711989
2016-05-04,0.028367159330781957,-0.026237418514479735,-0.014826285217986603,0.4014827424711989
2016-05-05,0.027960971740341418,-0.025704831111661733,-0.015322075338424779,0.4014827424711989
2016-05-06,0.028152887605723896,-0.02599612029111959,-0.01451352230135905,0.4014827424711989
2016-05-09,0.0281781567884944,-0.02575129702013844,-0.01619755323146486,0.4014827424711989
2016-05-10,0.028176189294951273,-0.025653257283926024,-0.016187399762629735,0.4014827424711989
2016-05-11,0.027721344492205337,-0.025077618399627476,-0.015716410428018128,0.4014827424711989
2016-05-12,0.027842446613834792,-0.025228480506085456,-0.014681140910564695,0.4014827424711989
2016-05-13,0.02726709144984515,-0.024515840636072563,-0.01443791274554728,0.4014827424711989
2016-05-16,0.027558562243576244,-0.025032441136137146,-0.013197523711126051,0.4014827424711989
2016-05-17,0.02745117697155299,-0.02476615141334265,-0.012409389494037217,0.4014827424711989
2016-05-18,0.02807263609880707,-0.025412450233154173,-0.00954829987819292,0.4014827424711989
2016-05-19,0.0277755662506326,-0.0250274567526943,-0.009821529282478921,0.4014827424711989
2016-05-20,0.027743305282944625,-0.02473572495339172,-0.01033461586675231,0.4014827424711989
2016-05-23,0.027632205766442774,-0.024459508094499094,-0.010267412333274446,0.4014827424711989
2016-05-24,0.027809155407995622,-0.02462407458581554,-0.009794613807836581,0.4014827424711989
2016-05-25,0.028030901610048953,-0.02511182288015352,-0.00970671567718879,0.4014827424711989
2016-05-26,0.02777684624503806,-0.025162062100502307,-0.010250805850589925,0.4014827424711989
2016-05-27,0.027816292558262762,-0.02492860692023208,-0.009797513586415752,0.4014827424711989
2016-05-30,0.027816292558262762,-0.02492860692023208,-0.009797513586415752,0.4014827424711989
2016-05-31,0.027860809945849656,-0.02466241785836805,-0.011232071831253885,0.4014827424711989
2016-06-01,0.0274932924965144,-0.02446162234863952,-0.009262061428507233,0.4014827424711989
2016-06-02,0.02686849034689076,-0.02419195596346671,-0.008544471525763306,0.4014827424711989
2016-06-03,0.02658900823647643,-0.02386226887483604,-0.012560097796506992,0.4014827424711989
2016-06-06,0.026861171976272875,-0.02423632914246557,-0.012119378458807976,0.4014827424711989
2016-06-07,0.026760003510796816,-0.024085914226157377,-0.012562986937581847,0.4014827424711989
2016-06-08,0.02639950853806255,-0.02386797716513893,-0.011675670789742496,0.4014827424711989
2016-06-09,0.02609537843890559,-0.023452685066394717,-0.011953654336983564,0.4014827424711989
2016-06-10,0.025806023736563335,-0.0232443528826341,-0.012826588929565938,0.4014827424711989
2016-06-13,0.02585789298070894,-0.023085826771810047,-0.014216712289045256,0.4014827424711989
2016-06-14,0.025760187231166937,-0.022939748994401956,-0.013902048215221783,0.4014827424711989
2016-06-15,0.02593988541363805,-0.02323932679618945,-0.01561342228277859,0.4014827424711989
2016-06-16,0.025418458202231507,-0.022709885326475342,-0.014751132449741312,0.4014827424711989
2016-06-17,0.02586421736180133,-0.02327148664757473,-0.01450480047725991,0.4014827424711989
2016-06-20,0.026202529990750168,-0.023418780182372124,-0.013857935225212007,0.4014827424711989
2016-06-21,0.026549805834475245,-0.023791029138846568,-0.013273802879180894,0.4014827424711989
2016-06-22,0.026538430952419898,-0.023790735395038873,-0.01369792971809589,0.4014827424711989
2016-06-23,0.027128350901832736,-0.024133741250514994,-0.01368660842355159,0.4014827424711989
2016-06-24,0.025963190301032536,-0.023163671364005683,-0.01726350389517072,0.4014827424711989
2016-06-27,0.02439011350391747,-0.021701293229467997,-0.016658092614571213,0.4014827424711989
2016-06-28,0.024332125460810677,-0.021574701770421905,-0.01662576714611716,0.4014827424711989
2016-06-29,0.024529156692834876,-0.02210360059932414,-0.015213646966288474,0.4014827424711989
2016-06-30,0.02473425366861273,-0.02217452384594879,-0.01669886753216345,0.4014827424711989
2016-07-01,0.02405980465517994,-0.021267656464984974,-0.016185154400878553,0.4014827424711989
2016-07-04,0.02405980465517994,-0.021267656464984974,-0.016185154400878553,0.4014827424711989
2016-07-05,0.023026150706544152,-0.02008705274946844,-0.01667213144679104,0.4014827424711989
2016-07-06,0.022877739982933947,-0.019989492489793554,-0.01561688708343577,0.4014827424711989
2016-07-07,0.022909019883501636,-0.019914028795998625,-0.015512183337331656,0.4014827424711989
2016-07-08,0.0223684712709308,-0.019437384171762523,-0.014412300711919977,0.4014827424711989
2016-07-11,0.02258288323973687,-0.019514379185140564,-0.01265663317762133,0.4014827424711989
2016-07-12,0.02367055573537717,-0.02071181617687844,-0.012328378919480024,0.4014827424711989
2016-07-13,0.02300348920622385,-0.019967255578188587,-0.012078336556260498,0.4014827424711989
2016-07-14,0.023867284654361817,-0.020762482105631478,-0.012848443133159236,0.4014827424711989
2016-07-15,0.024398093693931373,-0.021474459676340457,-0.011734166443111203,0.4014827424711989
2016-07-18,0.024494626206187847,-0.02151271848856037,-0.01262237032572729,0.4014827424711989
2016-07-19,0.02413290695077853,-0.02096182049601729,-0.012573058703822533,0.4014827424711989
2016-07-20,0.024400592496252843,-0.021282705656193713,-0.012011014420706737,0.4014827424711989
2016-07-21,0.024475437822507124,-0.02130145457614069,-0.013489769230887749,0.4014827424711989
2016-07-22,0.024390331746851165,-0.02117782132915937,-0.012847754600804388,0.4014827424711989
2016-07-25,0.024263491069759332,-0.021177298636445796,-0.011759956581885365,0.4014827424711989
2016-07-26,0.023989893718107592,-0.021110156227420927,-0.010724286198559163,0.4014827424711989
2016-07-27,0.023515092754243294,-0.020621586018808445,-0.011424581339716737,0.4014827424711989
2016-07-28,0.023374222949728546,-0.020937921157540708,-0.010444177728724982,0.4014827424711989
2016-07-29,0.02303098246578066,-0.02044749356284676,-0.012214008985417451,0.4014827424711989
2016-08-01,0.023804378667202836,-0.021132569690600494,-0.012920307110260428,0.4014827424711989
2016-08-02,0.02452499375828018,-0.021526358983828025,-0.014451796004758944,0.4014827424711989
2016-08-03,0.02448595548725431,-0.021504762129611738,-0.014344450152495202,0.4014827424711989
2016-08-04,0.024054274630404545,-0.021217881092798173,-0.01446247580138001,0.4014827424711989
2016-08-05,0.02448304043959515,-0.02163219480236313,-0.011823818255252909,0.4014827424711989
2016-08-08,0.02434783750665403,-0.021266337781344048,-0.011639888546655734,0.4014827424711989
2016-08-09,0.023820423297974604,-0.020818659496019402,-0.011722969571395292,0.4014827424711989
2016-08-10,0.02361085296375201,-0.020566057720762594,-0.012732386316872553,0.4014827424711989
2016-08-11,0.023948784325970012,-0.021034249132387217,-0.010350064755607583,0.4014827424711989
2016-08-12,0.023604690256765818,-0.020566784982877444,-0.011928420948050453,0.4014827424711989
2016-08-15,0.02408777535795821,-0.021007018853672024,-0.011767890671987757,0.4014827424711989
2016-08-16,0.02418053755989323,-0.021239184700259112,-0.010835368468854528,0.4014827424711989
2016-08-17,0.024013013746382005,-0.020921795391572028,-0.011168212099085972,0.4014827424711989
2016-08-18,0.02405541518991882,-0.020928811214875342,-0.012546100585392413,0.4014827424711989
2016-08-19,0.024222220039485536,-0.021201136497017912,-0.010722082192961108,0.4014827424711989
2016-08-22,0.023580019076655807,-0.02068043748759527,-0.009924072581258691,0.4014827424711989
2016-08-23,0.023688853386559065,-0.02060413382691211,-0.010670297690649115,0.4014827424711989
2016-08-24,0.023730744077112946,-0.020547269635232367,-0.010785286221636478,0.4014827424711989
2016-08-25,0.023959808844455206,-0.02073976420324078,-0.010422510206982885,0.4014827424711989
2016-08-26,0.02404361573207883,-0.020878413570739822,-0.00822130275321409,0.4014827424711989
2016-08-29,0.023320048807505506,-0.020172320131622408,-0.008321775562150519,0.4014827424711989
2016-08-30,0.023440224933045314,-0.020443073384978215,-0.008298030225316586,0.4014827424711989
2016-08-31,0.02343085103030443,-0.020348898887863454,-0.008285012136475658,0.4014827424711989
2016-09-01,0.023516749400487744,-0.020384437829603974,-0.009009259635402972,0.4014827424711989
2016-09-02,0.024074752315410345,-0.02110134180762801,-0.009079325644996476,0.4014827424711989
2016-09-05,0.024074752315410345,-0.02110134180762801,-0.009079325644996476,0.4014827424711989
2016-09-06,0.02380761229576327,-0.02081372808802675,-0.010898076228343398,0.4014827424711989
2016-09-07,0.023712046553570978,-0.020467764231184554,-0.011322279599163935,0.4014827424711989
2016-09-08,0.024679273344288936,-0.02143057514927131,-0.011113232124084976,0.4014827424711989
2016-09-09,0.025495218138646622,-0.02233260454247729,-0.011237164047234263,0.4014827424711989
2016-09-12,0.025669256109264276,-0.022359150315471747,-0.012138805576100482,0.4014827424711989
2016-09-13,0.02641670790746788,-0.023045566575488542,-0.012084077007700863,0.4014827424711989
2016-09-14,0.02626314578434637,-0.023004164240620947,-0.013048163382764117,0.4014827424711989
2016-09-15,0.02679133749921867,-0.023870770851110414,-0.014019932723859627,0.4014827424711989
2016-09-16,0.0261606196407945,-0.023227835295043506,-0.012227084182469285,0.4014827424711989
2016-09-19,0.026096073016447105,-0.023405146803336437,-0.0112983929949989,0.4014827424711989
2016-09-20,0.0259001939852913,-0.023103087422434672,-0.01135481220071741,0.4014827424711989
2016-09-21,0.025270000912865437,-0.023082346034753648,-0.009331856269531286,0.4014827424711989
2016-09-22,0.0246344494503591,-0.022810061911060952,-0.008012415533822086,0.4014827424711989
2016-09-23,0.024700448216111632,-0.022837345196832087,-0.008754074854733127,0.4014827424711989
2016-09-26,0.024663764001847322,-0.022350750747472538,-0.010550413133145552,0.4014827424711989
2016-09-27,0.02423724982673144,-0.02173171276653926,-0.010668412962870832,0.4014827424711989
2016-09-28,0.02425015233565011,-0.02173416713920524,-0.01024620487962654,0.4014827424711989
2016-09-29,0.024180589325148206,-0.021790172055586907,-0.010459347009803702,0.4014827424711989
2016-09-30,0.024717003986312467,-0.021890048036239916,-0.011325539930056404,0.4014827424711989
2016-10-03,0.024895786983747465,-0.021708362064707165,-0.011043861245934752,0.4014827424711989
2016-10-04,0.025655555198805087,-0.022369872778883068,-0.011255986299307229,0.4014827424711989
2016-10-05,0.025912697614750374,-0.02277859693906834,-0.010280957958704253,0.4014827424711989
2016-10-06,0.026176549386000315,-0.023125231636899234,-0.009827823525118014,0.4014827424711989
2016-10-07,0.026249588673414644,-0.02311699753213727,-0.010840289669074044,0.4014827424711989
2016-10-10,0.026249588673414644,-0.02311699753213727,-0.010840289669074044,0.4014827424711989
2016-10-11,0.0265385844590931,-0.023257716389290542,-0.010246915688141622,0.4014827424711989
2016-10-12,0.02684544965066392,-0.02352994571883553,-0.01090276019692233,0.4014827424711989
2016-10-13,0.026371279507338873,-0.023382138462580197,-0.010353027336119957,0.4014827424711989
2016-10-14,0.027362054673475668,-0.024252460150283796,-0.01207049757304619,0.4014827424711989
2016-10-17,0.027072280976487343,-0.023934770537591014,-0.012379913773389204,0.4014827424711989
2016-10-18,0.02698903859615183,-0.023699943880831156,-0.012996305190393569,0.4014827424711989
2016-10-19,0.027033619508213497,-0.023747498746399007,-0.013104360729519513,0.4014827424711989
2016-10-20,0.026759900989527772,-0.02350584702779688,-0.011889624556315061,0.4014827424711989
2016-10-21,0.02647952262110899,-0.02326854075809938,-0.011603221830736619,0.4014827424711989
2016-10-24,0.026858981649032117,-0.02382418872978795,-0.011306278581043617,0.4014827424711989
2016-10-25,0.026593136531010007,-0.023518754119037293,-0.010516901758153523,0.4014827424711989
2016-10-26,0.026988775005849997,-0.02383647943416138,-0.0109524911199983,0.4014827424711989
2016-10-27,0.027653542993198846,-0.024872367862583487,-0.010210173840691695,0.4014827424711989
2016-10-28,0.02793836485241293,-0.025195986723141515,-0.01099785326532974,0.4014827424711989
2016-10-31,0.02765945526132746,-0.02463354391428873,-0.011484742677515508,0.4014827424711989
2016-11-01,0.02776165822648409,-0.02456870157982233,-0.012589496173597977,0.4014827424711989
2016-11-02,0.027633891832567727,-0.024288134282746357,-0.013583546988391417,0.4014827424711989
2016-11-03,0.028106795945170283,-0.02466837048883723,-0.014546323976943182,0.4014827424711989
2016-11-04,0.027763458780211463,-0.02428087289559011,-0.01487768982347543,0.4014827424711989
2016-11-07,0.028187654290881933,-0.024511534095734117,-0.014630502874355066,0.4014827424711989
2016-11-08,0.028304316018078896,-0.02448390980897948,-0.013075936846223182,0.4014827424711989
2016-11-09,0.03121050049520985,-0.02743453127277196,-0.014232829745575663,0.4014827424711989
2016-11-10,0.031868594436035895,-0.028064089615106393,-0.013450074878174316,0.4014827424711989
2016-11-11,0.031868594436035895,-0.028064089615106393,-0.013450074878174316,0.4014827424711989
2016-11-14,0.03225273114434826,-0.02809712486334524,-0.011441777749586839,0.4014827424711989
2016-11-15,0.03187840571463852,-0.0280968633645617,-0.009467188140569785,0.4014827424711989
2016-11-16,0.03139957698345127,-0.027738161115466578,-0.00856031411208906,0.4014827424711989
2016-11-17,0.03229745015976754,-0.028873936210114203,-0.008172807427547337,0.4014827424711989
2016-11-18,0.032122975270323526,-0.028993424931471425,-0.005412834093611133,0.4014827424711989
2016-11-21,0.031984477350411315,-0.028751922487133194,-0.005446701800603406,0.4014827424711989
2016-11-22,0.03213976028308059,-0.028494383919310657,-0.007080692582195971,0.4014827424711989
2016-11-23,0.03218503953574348,-0.028482582940536155,-0.0053718400747753,0.4014827424711989
2016-11-24,0.03218503953574348,-0.028482582940536155,-0.0053718400747753,0.4014827424711989
2016-11-25,0.03204713908421896,-0.028487506435372116,-0.004636174155959556,0.4014827424711989
2016-11-28,0.03178541205781675,-0.028332513532369253,-0.005113647622283108,0.4014827424711989
2016-11-29,0.03149326994531571,-0.027976795787893846,-0.005263534153898225,0.4014827424711989
2016-11-30,0.032348272700753286,-0.028670011316255902,-0.005613576622093441,0.4014827424711989
2016-12-01,0.03314966788964386,-0.029840995748543164,-0.004255240808154117,0.4014827424711989
2016-12-02,0.033029455201258384,-0.0294784236359493,-0.006280011450599079,0.4014827424711989
2016-12-05,0.032590898894627136,-0.028974060561779993,-0.005285200858741158,0.4014827424711989
2016-12-06,0.03290583376104851,-0.0291892038541204,-0.0062904819190839345,0.4014827424711989
2016-12-07,0.032380301648551504,-0.028355041647241445,-0.00697314785749418,0.4014827424711989
2016-12-08,0.03338660674410359,-0.029432446839500023,-0.007651462911118261,0.4014827424711989
2016-12-09,0.034087954978520386,-0.029985944686634375,-0.007547833756470794,0.4014827424711989
2016-12-12,0.034018715994997534,-0.030013942631232204,-0.006983276829766124,0.4014827424711989
2016-12-13,0.03376503223867441,-0.029399567374132598,-0.006703982293482625,0.4014827424711989
2016-12-14,0.03331145079057832,-0.029029852372212922,-0.002327056293196017,0.4014827424711989
2016-12-15,0.0334187212057987,-0.029555516162571613,0.00021405651880377144,0.4014827424711989
2016-12-16,0.03382272845895105,-0.029950568691933094,-0.001104214064238931,0.4014827424711989
2016-12-19,0.03313870806486,-0.02921742183933569,-0.0015331065291271494,0.4014827424711989
2016-12-20,0.033522088549395694,-0.02950403807585908,-0.0017265206488311534,0.4014827424711989
2016-12-21,0.03331511988832157,-0.029404226459089848,-0.0020745298469539803,0.4014827424711989
2016-12-22,0.033234580059005946,-0.029538868982742075,-0.0013569152732616323,0.4014827424711989
2016-12-23,0.0332450112027527,-0.029504614307477688,-0.001534632669538627,0.4014827424711989
2016-12-26,0.0332450112027527,-0.029504614307477688,-0.001534632669538627,0.4014827424711989
2016-12-27,0.03335972900795694,-0.02932763441110019,-0.0011253557692169243,0.4014827424711989
2016-12-28,0.03278854069876213,-0.028767119708478922,-0.0014337193411090967,0.4014827424711989
2016-12-29,0.03279995250023062,-0.029309539739022405,-0.001973824416827236,0.4014827424711989
2016-12-30,0.032669459644219946,-0.028760228832031907,-0.0036903691992619,0.4014827424711989
2017-01-02,0.032669459644219946,-0.028760228832031907,-0.0036903691992619,0.4014827424711989
2017-01-03,0.03245270082438096,-0.028066406982285335,-0.003572087737901228,0.4014827424711989
2017-01-04,0.03246998838677038,-0.028282777371817305,-0.00311297817614236,0.4014827424711989
2017-01-05,0.03167017596564951,-0.027400759658924537,-0.004602348460595922,0.4014827424711989
2017-01-06,0.03187499432806886,-0.02772906084311359,-0.002709435774375769,0.4014827424711989
2017-01-09,0.03151026165056116,-0.02746370921933785,-0.003048076133753035,0.4014827424711989
2017-01-10,0.03158430464755488,-0.027435422174987564,-0.0035332460739522804,0.4014827424711989
2017-01-11,0.0314387089127837,-0.027300225259131256,-0.003167404591806436,0.4014827424711989
2017-01-12,0.0318905408169887,-0.02766299096657785,-0.004936006158255006,0.4014827424711989
2017-01-13,0.03181497248121375,-0.027584425773263074,-0.0035992201892943356,0.4014827424711989
2017-01-16,0.03181497248121375,-0.027584425773263074,-0.0035992201892943356,0.4014827424711989
2017-01-17,0.03134866953428728,-0.026932453278597373,-0.005117849658573934,0.4014827424711989
2017-01-18,0.031871804976339374,-0.027819795740579634,-0.002276289937185055,0.4014827424711989
2017-01-19,0.03222120867337429,-0.02832970242985921,-0.0014609849403768808,0.4014827424711989
2017-01-20,0.032599035189844305,-0.028795033850634304,-0.002713574673913464,0.4014827424711989
2017-01-23,0.03205644980403833,-0.028189394685126105,-0.0043282552672247255,0.4014827424711989
2017-01-24,0.03262078342848627,-0.028611798644631828,-0.003459688486546605,0.4014827424711989
2017-01-25,0.03316892916574924,-0.029381928801424668,-0.0025272563955007895,0.4014827424711989
2017-01-26,0.033082652039256394,-0.02912047650222348,-0.0037063196096436997,0.4014827424711989
2017-01-27,0.032826903184526975,-0.02877583834197419,-0.0037099535164432547,0.4014827424711989
2017-01-30,0.03307681575539827,-0.029051084126690076,-0.004177384177090586,0.4014827424711989
2017-01-31,0.03274473691004371,-0.02849488933602212,-0.005033805592982549,0.4014827424711989
2017-02-01,0.032941254813932716,-0.028773089187599715,-0.0042422549893004115,0.4014827424711989
2017-02-02,0.03306793318587598,-0.02885347386808157,-0.0047877892007541865,0.4014827424711989
2017-02-03,0.033290575293480174,-0.029208211968260733,-0.0048244011941949985,0.4014827424711989
2017-02-06,0.03279781231862361,-0.02861599962243921,-0.006474826331658759,0.4014827424711989
2017-02-07,0.032495649630449874,-0.028141874970364595,-0.0065253831973124,0.4014827424711989
2017-02-08,0.03182161786866406,-0.027361298732458215,-0.006627513553656772,0.4014827424711989
2017-02-09,0.0323054547104476,-0.027960924306514104,-0.005171607398631988,0.4014827424711989
2017-02-10,0.032268917798780945,-0.027921528785409305,-0.004702211831273801,0.4014827424711989
2017-02-13,0.03243191563481326,-0.028283560367262366,-0.00402840840868354,0.4014827424711989
2017-02-14,0.03271055886721545,-0.028445146454064686,-0.002920504601660159,0.4014827424711989
2017-02-15,0.03291882308713713,-0.028601115851118058,-0.0021732171816802844,0.4014827424711989
2017-02-16,0.03266837417775023,-0.02840642423168844,-0.0038893233793569244,0.4014827424711989
2017-02-17,0.03246434123814908,-0.028174941174350324,-0.004369598714113247,0.4014827424711989
2017-02-20,0.03246434123814908,-0.028174941174350324,-0.004369598714113247,0.4014827424711989
2017-02-21,0.03245128720176714,-0.028128422803217725,-0.0039013634170555226,0.4014827424711989
2017-02-22,0.032441059027585026,-0.028241700772677073,-0.003950897745780611,0.4014827424711989
2017-02-23,0.03221824154639481,-0.02833792079479716,-0.004364359141007945,0.4014827424711989
2017-02-24,0.0316785640475513,-0.02763219137034439,-0.006059666826029417,0.4014827424711989
2017-02-27,0.03171954361795662,-0.027642768346851955,-0.003758353662022312,0.4014827424711989
2017-02-28,0.03130448568061114,-0.027195640681941743,-0.0021117612910387705,0.4014827424711989
2017-03-01,0.03239391958441421,-0.02754426879473478,-0.0022970653749909142,0.4014827424711989
2017-03-02,0.03270857777058118,-0.027312306427009006,-0.002618187659271488,0.4014827424711989
2017-03-03,0.032716844812228286,-0.027023987401403462,-0.003417862817055837,0.4014827424711989
2017-03-06,0.032943335889444,-0.027179025218277357,-0.004039161260576372,0.4014827424711989
2017-03-07,0.03297524042620186,-0.027054406348679807,-0.0033934220563940735,0.4014827424711989
2017-03-08,0.033312597094669064,-0.027605702171384687,-0.0023121216699168844,0.4014827424711989
2017-03-09,0.03371074355721187,-0.028166912764871026,-0.0015080640217104181,0.4014827424711989
2017-03-10,0.03371823907977654,-0.027661909548483132,-0.003249363804107404,0.4014827424711989
2017-03-13,0.03418466959162834,-0.02752745625400053,-0.00410002044016418,0.4014827424711989
2017-03-14,0.033920117702711396,-0.026984093938552587,-0.004554456292921414,0.4014827424711989
2017-03-15,0.033376343138951,-0.02677975623781124,-0.006288447239512565,0.4014827424711989
2017-03-16,0.03351502210445521,-0.02711238398968958,-0.005185078323039308,0.4014827424711989
2017-03-17,0.03327830017249113,-0.026785799623227143,-0.0058976512810320035,0.4014827424711989
2017-03-20,0.033035770200455915,-0.026353227956776765,-0.006767519035558811,0.4014827424711989
2017-03-21,0.032768397416229646,-0.025710222799103417,-0.008304208886072046,0.4014827424711989
2017-03-22,0.03244925186593196,-0.025481856324093766,-0.00808255515844461,0.4014827424711989
2017-03-23,0.032463345301462054,-0.025588536323308667,-0.007863487603926847,0.4014827424711989
2017-03-24,0.03223365719899956,-0.02528793697933471,-0.0078211325477784,0.4014827424711989
2017-03-27,0.03201095863553201,-0.024989707263751784,-0.007758195501500423,0.4014827424711989
2017-03-28,0.032344616278009594,-0.025256992911612482,-0.006953359511702806,0.4014827424711989
2017-03-29,0.032137231065387274,-0.024920594655596817,-0.00803893945172276,0.4014827424711989
2017-03-30,0.0325471762837731,-0.025462781085760524,-0.007642693061776018,0.4014827424711989
2017-03-31,0.03248257439293253,-0.025420259541223084,-0.008489617457476695,0.4014827424711989
2017-04-03,0.03207290567481653,-0.024833145966144637,-0.009584506801205492,0.4014827424711989
2017-04-04,0.03224538771345661,-0.024823422853063208,-0.010161767558264843,0.4014827424711989
2017-04-05,0.03223241969737215,-0.024680400908228445,-0.011164955096795288,0.4014827424711989
2017-04-06,0.032292070650046176,-0.02469880652631401,-0.010969977189536073,0.4014827424711989
2017-04-07,0.03218689026265323,-0.024593297513130153,-0.008781315382069794,0.4014827424711989
2017-04-10,0.032018608479418426,-0.024365347213565685,-0.008863793202650383,0.4014827424711989
2017-04-11,0.03157982000445461,-0.024025377702365878,-0.010100379741048505,0.4014827424711989
2017-04-12,0.03144215061602096,-0.0237261371298979,-0.010879237678233218,0.4014827424711989
2017-04-13,0.03120560984816474,-0.023485961265654255,-0.011794124908721816,0.4014827424711989
2017-04-14,0.03120560984816474,-0.023485961265654255,-0.011794124908721816,0.4014827424711989
2017-04-17,0.031547702718419446,-0.023770708914268888,-0.01196423805772262,0.4014827424711989
2017-04-18,0.03070963660742726,-0.022843654412287428,-0.013047456527398412,0.4014827424711989
2017-04-19,0.03097581789135152,-0.02325255207618028,-0.012289962588641104,0.4014827424711989
2017-04-20,0.03106461424371196,-0.023623579407375587,-0.010812583392672322,0.4014827424711989
2017-04-21,0.031126308366105967,-0.023761474405536318,-0.01115684738723834,0.4014827424711989
2017-04-24,0.03145822689512401,-0.02383728072893831,-0.010657087742459291,0.4014827424711989
2017-04-25,0.03198544763543342,-0.024325477929291548,-0.009563024813573216,0.4014827424711989
2017-04-26,0.03186291306565588,-0.024064056430915897,-0.010578800108257963,0.4014827424711989
2017-04-27,0.03178728759626972,-0.02420014937069355,-0.010868767409499762,0.4014827424711989
2017-04-28,0.031582938282893026,-0.02405905419222249,-0.010060600813284576,0.4014827424711989
2017-05-01,0.032031070406570536,-0.02449221751056551,-0.009986901119840567,0.4014827424711989
2017-05-02,0.031797588246011685,-0.024011359513903388,-0.01112791577956502,0.4014827424711989
2017-05-03,0.03174856855713747,-0.02390377446009197,-0.009502004226647657,0.4014827424711989
2017-05-04,0.03205148967274043,-0.024267774403595656,-0.009170616016632228,0.4014827424711989
2017-05-05,0.031990954165886605,-0.024085020821395225,-0.009147811255071638,0.4014827424711989
2017-05-08,0.032367231420223706,-0.024313672665682507,-0.009493256473697928,0.4014827424711989
2017-05-09,0.032504356131092295,-0.02438785682061151,-0.008593358605184611,0.4014827424711989
2017-05-10,0.032436522273682995,-0.024490206432748855,-0.008388181150501935,0.4014827424711989
2017-05-11,0.032331948847572366,-0.02449083688724,-0.00835859174752578,0.4014827424711989
2017-05-12,0.03206545694480142,-0.024123513262649925,-0.010448976244706466,0.4014827424711989
2017-05-15,0.03235119588275402,-0.024209490988152137,-0.011112060107758852,0.4014827424711989
2017-05-16,0.03220714098354375,-0.024048954636987942,-0.011168232478599417,0.4014827424711989
2017-05-17,0.031332262745679997,-0.023132563989472384,-0.012485974938849675,0.4014827424711989
2017-05-18,0.031164111528150792,-0.022810811134169495,-0.011901380142250003,0.4014827424711989
2017-05-19,0.03100305284260641,-0.022746066535803473,-0.011042188053930292,0.4014827424711989
2017-05-22,0.03110840743979101,-0.02278550662686068,-0.010941875249784776,0.4014827424711989
2017-05-23,0.03154943326483276,-0.022986458133019007,-0.01095018548672521,0.4014827424711989
2017-05-24,0.031280164543817456,-0.0225638741572586,-0.011735105250020535,0.4014827424711989
2017-05-25,0.03122801185317781,-0.022609333117457883,-0.011596784227970364,0.4014827424711989
2017-05-26,0.031247750659098773,-0.02250617310283897,-0.011788822733462139,0.4014827424711989
2017-05-29,0.031247750659098773,-0.02250617310283897,-0.011788822733462139,0.4014827424711989
2017-05-30,0.030838956626178412,-0.022043509776981128,-0.012197907985807797,0.4014827424711989
2017-05-31,0.03089925236108178,-0.021538734740403832,-0.01354570583544594,0.4014827424711989
2017-06-01,0.030809517987619824,-0.02166644062267478,-0.0127961610593199,0.4014827424711989
2017-06-02,0.029974306454164032,-0.020776455386508366,-0.012679864058737979,0.4014827424711989
2017-06-05,0.030269807089039306,-0.02114405725812365,-0.012018766461467847,0.4014827424711989
2017-06-06,0.0299948759847392,-0.02070615568650804,-0.012875731645983504,0.4014827424711989
2017-06-07,0.03031763550908714,-0.020915805251984703,-0.01258128091192863,0.4014827424711989
2017-06-08,0.03031421846855732,-0.020968184275408214,-0.011893350335125135,0.4014827424711989
2017-06-09,0.030382973721873218,-0.02101460293917533,-0.011222106591286675,0.4014827424711989
2017-06-12,0.03037108873365367,-0.02116644161418838,-0.0109137358470071,0.4014827424711989
2017-06-13,0.030495378084243945,-0.02081105016257986,-0.01165269424161148,0.4014827424711989
2017-06-14,0.0296960373805839,-0.019906363072013548,-0.011965071824626852,0.4014827424711989
2017-06-15,0.029477000535714164,-0.01983242587016752,-0.010733885367204505,0.4014827424711989
2017-06-16,0.029572878474892123,-0.019913619236458343,-0.01136472785811467,0.4014827424711989
2017-06-19,0.029478128133084196,-0.019962078454360845,-0.009376836766350066,0.4014827424711989
2017-06-20,0.028985224161997336,-0.019324211723794272,-0.009486934419042312,0.4014827424711989
2017-06-21,0.028777789204957334,-0.019392256012324027,-0.008394605569469752,0.4014827424711989
2017-06-22,0.028650300576403585,-0.01957535328915213,-0.00816054804776035,0.4014827424711989
2017-06-23,0.028580505069430065,-0.01965996071205394,-0.0076209301328783105,0.4014827424711989
2017-06-26,0.028442105756854942,-0.019270415778715057,-0.007934226210962658,0.4014827424711989
2017-06-27,0.029109281860689378,-0.019612116309423437,-0.00795449359794204,0.4014827424711989
2017-06-28,0.029616184300086237,-0.020058890243966933,-0.009553285525718654,0.4014827424711989
2017-06-29,0.030072161954251758,-0.020464931496681677,-0.00907173942887238,0.4014827424711989
2017-06-30,0.030207591802467862,-0.02087054696593093,-0.007758299732402428,0.4014827424711989
2017-07-03,0.030598874381358915,-0.02082665700332607,-0.008017181856727904,0.4014827424711989
2017-07-04,0.030598874381358915,-0.02082665700332607,-0.008017181856727904,0.4014827424711989
2017-07-05,0.030431686548249307,-0.020566126659626142,-0.00827027270133736,0.4014827424711989
2017-07-06,0.031061532661094047,-0.021385821012324224,-0.008481228558172495,0.4014827424711989
2017-07-07,0.03146069468193273,-0.021802249325606503,-0.00898869790561099,0.4014827424711989
2017-07-10,0.0314374131119119,-0.021734059767380503,-0.009460146496553471,0.4014827424711989
2017-07-11,0.03148709238787433,-0.021665977026537747,-0.010533321254518248,0.4014827424711989
2017-07-12,0.031127272268898627,-0.021348205963877088,-0.010968329322305705,0.4014827424711989
2017-07-13,0.03148801051143489,-0.02161575718036892,-0.011144381293733328,0.4014827424711989
2017-07-14,0.031335892348352594,-0.021598761605447648,-0.011325263608278227,0.4014827424711989
2017-07-17,0.031120530659573986,-0.02124174843935102,-0.01150384792900623,0.4014827424711989
2017-07-18,0.03066426947219632,-0.02074326342736962,-0.011693522011329047,0.4014827424711989
2017-07-19,0.030688026375921027,-0.02039739193737103,-0.012124267873491952,0.4014827424711989
2017-07-20,0.030593109603434216,-0.02013814442601747,-0.0125341317214465,0.4014827424711989
2017-07-21,0.030300156927300443,-0.01983205308887706,-0.012621672112249925,0.4014827424711989
2017-07-24,0.030468242361881472,-0.019937452357912673,-0.012294367050523648,0.4014827424711989
2017-07-25,0.03129771251226666,-0.0208999925944807,-0.011586394223447899,0.4014827424711989
2017-07-26,0.03135802936593815,-0.020778885355257175,-0.014102936955687186,0.4014827424711989
2017-07-27,0.03176717451982643,-0.021365303521329617,-0.013990172557220409,0.4014827424711989
2017-07-28,0.03132558736952647,-0.021067708976664226,-0.013374782098463621,0.4014827424711989
2017-07-31,0.03134636927229718,-0.02112303656423035,-0.013149950838520878,0.4014827424711989
2017-08-01,0.030897352006457067,-0.020531381980358275,-0.01347765906364698,0.4014827424711989
2017-08-02,0.0306830379886521,-0.020262994866071412,-0.012545735239143336,0.4014827424711989
2017-08-03,0.030272309423031052,-0.01997626608132546,-0.012570676317391782,0.4014827424711989
2017-08-04,0.03066976930161551,-0.02037140405968467,-0.012374929890906076,0.4014827424711989
2017-08-07,0.030528870054701823,-0.020473627281516592,-0.011785893831389014,0.4014827424711989
2017-08-08,0.030854275112884036,-0.02059289570721142,-0.012029348963828308,0.4014827424711989
2017-08-09,0.030483184831142044,-0.02019746215321112,-0.012712130301791224,0.4014827424711989
2017-08-10,0.03004567504738692,-0.019713249553261356,-0.012693463260457429,0.4014827424711989
2017-08-11,0.03023925086391265,-0.020001514487780217,-0.014143944874917125,0.4014827424711989
2017-08-14,0.030229064959537595,-0.02026364049301258,-0.01221936038513176,0.4014827424711989
2017-08-15,0.03054203930753497,-0.02047050365585246,-0.011547846536632492,0.4014827424711989
2017-08-16,0.030269813317830623,-0.020239236430204526,-0.012109240609539667,0.4014827424711989
2017-08-17,0.029853291087520547,-0.019963516825792414,-0.012007793566221895,0.4014827424711989
2017-08-18,0.02984573899596057,-0.019768164598011288,-0.012127138908465212,0.4014827424711989
2017-08-21,0.029664694881998757,-0.01979233605301073,-0.011777560885787658,0.4014827424711989
2017-08-22,0.029877133171603662,-0.020100452217270984,-0.010871939164913719,0.4014827424711989
2017-08-23,0.02952890300243621,-0.01955584877546487,-0.011974659987449995,0.4014827424711989
2017-08-24,0.02972540013791974,-0.019705399508223184,-0.011778931654304967,0.4014827424711989
2017-08-25,0.029437288440253475,-0.019330565002530064,-0.011525773182588704,0.4014827424711989
2017-08-28,0.029546797177768612,-0.01950703745370531,-0.01213688647277954,0.4014827424711989
2017-08-29,0.029332316246008065,-0.019146395586134908,-0.012933631860355102,0.4014827424711989
2017-08-30,0.029435833540591403,-0.01934339143121773,-0.012566099617898304,0.4014827424711989
2017-08-31,0.029124438364716173,-0.019186271752756515,-0.012151687269837275,0.4014827424711989
2017-09-01,0.02957905910800502,-0.01955000689597001,-0.01213173882841064,0.4014827424711989
2017-09-04,0.02957905910800502,-0.01955000689597001,-0.01213173882841064,0.4014827424711989
2017-09-05,0.029308360225725687,-0.017695452753219338,-0.01760875493126187,0.4014827424711989
2017-09-06,0.029282860726557235,-0.018486522563613873,-0.014743820525250442,0.4014827424711989
2017-09-07,0.028609087801469448,-0.018134097839481174,-0.014501519356117269,0.4014827424711989
2017-09-08,0.028663711294610126,-0.01833218665896015,-0.014000441993028105,0.4014827424711989
2017-09-11,0.029487789386609037,-0.019106815919294,-0.013399794719203313,0.4014827424711989
2017-09-12,0.029771033525268668,-0.019394059985413964,-0.012934991616027822,0.4014827424711989
2017-09-13,0.029825268254868826,-0.019480464655533596,-0.01215143000787584,0.4014827424711989
2017-09-14,0.029530017501783343,-0.019144957535369926,-0.011231823157907776,0.4014827424711989
2017-09-15,0.029352443100353454,-0.019037500871158245,-0.009925424386038727,0.4014827424711989
2017-09-18,0.029734493302941967,-0.019491944057499537,-0.009874771765869145,0.4014827424711989
2017-09-19,0.029836869359889887,-0.01956529612339635,-0.009806481462037657,0.4014827424711989
2017-09-20,0.02979797717656073,-0.019573706538828003,-0.007906389624473438,0.4014827424711989
2017-09-21,0.029575617108079995,-0.019360660924810095,-0.007723179909320668,0.4014827424711989
2017-09-22,0.02954671964234828,-0.019424984248182058,-0.00771579200343739,0.4014827424711989
2017-09-25,0.02912757032192174,-0.01889306034503178,-0.008076887250709168,0.4014827424711989
2017-09-26,0.02926942466036855,-0.019049459599181674,-0.007802962977982214,0.4014827424711989
2017-09-27,0.03025711919287678,-0.019883804042700466,-0.008476017404349896,0.4014827424711989
2017-09-28,0.03045388114928935,-0.020236180021914765,-0.009075003053256894,0.4014827424711989
2017-09-29,0.030250559823979364,-0.02011406370100643,-0.007553973174795167,0.4014827424711989
2017-10-02,0.03024184584999819,-0.020286515247910256,-0.006649338258986805,0.4014827424711989
2017-10-03,0.030396689472978525,-0.01996703085285719,-0.008488762507181962,0.4014827424711989
2017-10-04,0.03043751956022257,-0.019991373268671137,-0.008543041850828426,0.4014827424711989
2017-10-05,0.030574117987517944,-0.02008482339867418,-0.008230558812429824,0.4014827424711989
2017-10-06,0.030711354381105813,-0.0202064835375709,-0.0073902926094387604,0.4014827424711989
2017-10-09,0.030711354381105813,-0.0202064835375709,-0.0073902926094387604,0.4014827424711989
2017-10-10,0.030393911509024964,-0.01960430198110248,-0.00777919963769035,0.4014827424711989
2017-10-11,0.030342519007935675,-0.019512073943702177,-0.007780282620661083,0.4014827424711989
2017-10-12,0.02996926645421486,-0.019298319257680295,-0.006802285642488101,0.4014827424711989
2017-10-13,0.029405830704918794,-0.018805950434279427,-0.0066552822771954005,0.4014827424711989
2017-10-16,0.029271847182955116,-0.018736561237691494,-0.00504600011466465,0.4014827424711989
2017-10-17,0.029110264586013887,-0.018565639404078692,-0.0045403039539856724,0.4014827424711989
2017-10-18,0.02958149964272393,-0.01906941237162966,-0.004313598376881236,0.4014827424711989
2017-10-19,0.029393203466835622,-0.018831165194397856,-0.004419654848664911,0.4014827424711989
2017-10-20,0.03011059274486539,-0.019510926972603548,-0.00426130560802707,0.4014827424711989
2017-10-23,0.030158661801773803,-0.0196096606640664,-0.0049829114662825885,0.4014827424711989
2017-10-24,0.030508947542427237,-0.01986498888273795,-0.0045911589850126154,0.4014827424711989
2017-10-25,0.030818800615872062,-0.02014898764796703,-0.004788558747349767,0.4014827424711989
2017-10-26,0.030896495001983146,-0.020316933435045207,-0.004090453124026315,0.4014827424711989
2017-10-27,0.030648285971335273,-0.020107369324104063,-0.004887035612203426,0.4014827424711989
2017-10-30,0.03004396242986744,-0.019533798267961432,-0.004712572652996724,0.4014827424711989
2017-10-31,0.030013843098669724,-0.01922895912742152,-0.004627261058302795,0.4014827424711989
2017-11-01,0.029684403732831263,-0.018442303609043472,-0.004799240025054724,0.4014827424711989
2017-11-02,0.02936732315253936,-0.018329279152066048,-0.004093348378350553,0.4014827424711989
2017-11-03,0.029107723018284883,-0.01790813195789303,-0.0038393705720017888,0.4014827424711989
2017-11-06,0.028955754557137083,-0.01768124887336771,-0.004125469754826066,0.4014827424711989
2017-11-07,0.028620024233474504,-0.017139202882911268,-0.003601853676895938,0.4014827424711989
2017-11-08,0.028671104376792933,-0.01706004466521982,-0.003191636511074372,0.4014827424711989
2017-11-09,0.029066147662805547,-0.01730011288204755,-0.004430570699337342,0.4014827424711989
2017-11-10,0.0298356772052903,-0.01818848263174578,-0.0037755020365814163,0.4014827424711989
2017-11-13,0.02961924468309441,-0.017921679031970627,-0.002825533808734402,0.4014827424711989
2017-11-14,0.029312427821424722,-0.017495232297990534,-0.0029610238662777164,0.4014827424711989
2017-11-15,0.0285014133221581,-0.016637139487225564,-0.0024460897480157538,0.4014827424711989
2017-11-16,0.02883787502045551,-0.01681464615950295,-0.0019050519642412125,0.4014827424711989
2017-11-17,0.0284321344674391,-0.01631498430896166,-0.0015284281293844243,0.4014827424711989
2017-11-20,0.028336810060134415,-0.016081077917549765,-0.0004309304380700476,0.4014827424711989
2017-11-21,0.02807621012911243,-0.0156775179942444,5.194989937039665e-05,0.4014827424711989
2017-11-22,0.028143357919286006,-0.015610838738122247,-0.0019405525653062774,0.4014827424711989
2017-11-23,0.028143357919286006,-0.015610838738122247,-0.0019405525653062774,0.4014827424711989
2017-11-24,0.028200864537805296,-0.015781817773984144,-0.0013294239615261223,0.4014827424711989
2017-11-27,0.02814958683948835,-0.015810397659212407,-0.0015806993492216074,0.4014827424711989
2017-11-28,0.028309471065747445,-0.015752249005251653,-0.0017534787811958126,0.4014827424711989
2017-11-29,0.028749574476921315,-0.016234089772219917,-0.0017410846705344573,0.4014827424711989
2017-11-30,0.028901091854243926,-0.01670298903456647,-9.328359443711194e-05,0.4014827424711989
2017-12-01,0.027954304227739944,-0.015744838609498768,0.0011741648731986559,0.4014827424711989
2017-12-04,0.02789307659233823,-0.015504608292686888,0.0016633555954349765,0.4014827424711989
2017-12-05,0.027452365648340873,-0.014814072465774805,0.002100373035652226,0.4014827424711989
2017-12-06,0.027280503425119493,-0.014623754980107772,0.001401304365267168,0.4014827424711989
2017-12-07,0.027856576851076027,-0.015387649129594212,0.001489744126853528,0.4014827424711989
2017-12-08,0.027975953875924785,-0.015702154776110963,0.001610643735157992,0.4014827424711989
2017-12-11,0.027924111378422913,-0.015250220442904479,0.0017146106649326446,0.4014827424711989
2017-12-12,0.028204789205304618,-0.015137526672271834,0.0007968544705986898,0.4014827424711989
2017-12-13,0.027777052843852616,-0.014980222336452556,0.0003258710504307734,0.4014827424711989
2017-12-14,0.02723126047951285,-0.014411880425826407,0.00196835797642062,0.4014827424711989
2017-12-15,0.026850523570452103,-0.014005845797835195,0.0032737819409081495,0.4014827424711989
2017-12-18,0.02773260631504373,-0.014482751108170818,0.0011061751997045784,0.4014827424711989
2017-12-19,0.028653818486937776,-0.015545764366900222,0.0014367307982338312,0.4014827424711989
2017-12-20,0.029318064061046006,-0.016269468166494883,0.0008605394242585974,0.4014827424711989
2017-12-21,0.028670055607233628,-0.015727333071444853,0.002822794913801256,0.4014827424711989
2017-12-22,0.028451897423373857,-0.01582570028970412,0.004135996600298251,0.4014827424711989
2017-12-25,0.028451897423373857,-0.01582570028970412,0.004135996600298251,0.4014827424711989
2017-12-26,0.02846433659873068,-0.015011276787384193,0.002308611059614357,0.4014827424711989
2017-12-27,0.027565269483643386,-0.014395871659037657,0.0034577378823426683,0.4014827424711989
2017-12-28,0.027519069982550617,-0.014471557710528028,0.004317119534288824,0.4014827424711989
2017-12-29,0.027549668016521502,-0.014106234785748234,0.002469365283880082,0.4014827424711989
2018-01-01,0.027549668016521502,-0.014106234785748234,0.002469365283880082,0.4014827424711989
2018-01-02,0.028279556383080454,-0.014353680868524423,0.0019742314193027426,0.4014827424711989
2018-01-03,0.027846642582431653,-0.014124756768264312,0.0031504346765973443,0.4014827424711989
2018-01-04,0.02778940976800624,-0.014109978896552322,0.004099873240259251,0.4014827424711989
2018-01-05,0.027983232163015424,-0.014529932627840761,0.004510038895771642,0.4014827424711989
2018-01-08,0.028162688666839967,-0.01437305877762753,0.003724257969195657,0.4014827424711989
2018-01-09,0.028950411170425443,-0.015379309081755119,0.003901494246970336,0.4014827424711989
2018-01-10,0.029081149182095062,-0.015439732435140808,0.003373740508126029,0.4014827424711989
2018-01-11,0.02922509348892406,-0.015522110133984853,0.0028404022713252475,0.4014827424711989
2018-01-12,0.028610676507490183,-0.015033048683768641,0.005106795736571618,0.4014827424711989
2018-01-15,0.028610676507490183,-0.015033048683768641,0.005106795736571618,0.4014827424711989
2018-01-16,0.028290759383445812,-0.014459229571642758,0.005592523114998378,0.4014827424711989
2018-01-17,0.028328407421092293,-0.014687214318198185,0.006896669526316591,0.4014827424711989
2018-01-18,0.029038909943024296,-0.015493027904550429,0.006755282462181045,0.4014827424711989
2018-01-19,0.029052385455815084,-0.01566442234827099,0.00774150818678851,0.4014827424711989
2018-01-22,0.0291931531168518,-0.015784544892634606,0.00800932353663494,0.4014827424711989
2018-01-23,0.02896973452191713,-0.015601414272087898,0.007425655130989012,0.4014827424711989
2018-01-24,0.029258957082523792,-0.015947550550393725,0.007560895312677102,0.4014827424711989
2018-01-25,0.02870928218382077,-0.015461230052266272,0.008410059969218679,0.4014827424711989
2018-01-26,0.02878282582295307,-0.015647375959983143,0.010122558109592696,0.4014827424711989
2018-01-29,0.029282430152118046,-0.015889207683656106,0.009244402209094959,0.4014827424711989
2018-01-30,0.02997599060239071,-0.015638338338098245,0.006802204886768388,0.4014827424711989
2018-01-31,0.029411435695388923,-0.015267962463203505,0.008730884031387129,0.4014827424711989
2018-02-01,0.03012001392363147,-0.01613908723914055,0.009148076910546778,0.4014827424711989
2018-02-02,0.031087736056206156,-0.01714923933911898,0.008038764053173202,0.4014827424711989
2018-02-05,0.03092175901988123,-0.016688679527131583,0.005031430153720397,0.4014827424711989
2018-02-06,0.03113098959844118,-0.016514631347430198,0.004828225917556568,0.4014827424711989
2018-02-07,0.03159777748451454,-0.017229470273743115,0.006336677228630257,0.4014827424711989
2018-02-08,0.031870829795448884,-0.017649051963074605,0.006051243639125231,0.4014827424711989
2018-02-09,0.032166413162853964,-0.017898964237698402,0.003531552127884122,0.4014827424711989
2018-02-12,0.03208348404998536,-0.01723065466905329,0.004187608252045579,0.4014827424711989
2018-02-13,0.031602589177832326,-0.016876398603423264,0.004958005335692998,0.4014827424711989
2018-02-14,0.032062486173152854,-0.01759016252706245,0.007978639208332737,0.4014827424711989
2018-02-15,0.03159269034044884,-0.017170556858791236,0.009063542897628441,0.4014827424711989
2018-02-16,0.03142755405852641,-0.016576287077137444,0.008059370124633005,0.4014827424711989
2018-02-19,0.03142755405852641,-0.016576287077137444,0.008059370124633005,0.4014827424711989
2018-02-20,0.03163080288293465,-0.016362257089659576,0.007539370916942357,0.4014827424711989
2018-02-21,0.032411323223020025,-0.01725748283234968,0.0076599816823843415,0.4014827424711989
2018-02-22,0.032218974672197934,-0.01731981371904471,0.007823386522123756,0.4014827424711989
2018-02-23,0.031725923436232574,-0.01653468168613858,0.007055695795793603,0.4014827424711989
2018-02-26,0.031732498811791805,-0.016314989401256207,0.005896013351072428,0.4014827424711989
2018-02-27,0.03185754249944038,-0.016121251734200606,0.007115302810247113,0.4014827424711989
2018-02-28,0.03141306132163927,-0.015695382724830162,0.0072079960352959575,0.4014827424711989
2018-03-01,0.031058828500227252,-0.015323073669252623,0.005791731959856707,0.4014827424711989
2018-03-02,0.03155105625456858,-0.015791576857870596,0.006374551050694376,0.4014827424711989
2018-03-05,0.03189214796810487,-0.01588266956825016,0.005614583787689237,0.4014827424711989
2018-03-06,0.031681380499645424,-0.015620175617783559,0.0060535318833397425,0.4014827424711989
2018-03-07,0.031848598696995786,-0.015758800407415743,0.005678537094636163,0.4014827424711989
2018-03-08,0.031515200853784814,-0.015372048359775375,0.005781438813510898,0.4014827424711989
2018-03-09,0.031837597795043825,-0.01578015962509218,0.006198613992344843,0.4014827424711989
2018-03-12,0.031479242573114845,-0.015104380733755567,0.005699036123670326,0.4014827424711989
2018-03-13,0.031300476332861454,-0.014671314170493666,0.004772133514998716,0.4014827424711989
2018-03-14,0.03081236914481435,-0.013671913169634953,0.004401784574429916,0.4014827424711989
2018-03-15,0.03070789009177578,-0.013536275478504625,0.005119846970215207,0.4014827424711989
2018-03-16,0.03096428944050483,-0.01371944563205476,0.00534171639316572,0.4014827424711989
2018-03-19,0.03107549919590794,-0.01371060065588222,0.005026241881568581,0.4014827424711989
2018-03-20,0.03145293607520319,-0.013958387641197919,0.005284179276988069,0.4014827424711989
2018-03-21,0.031461438362197364,-0.014482024163168091,0.0057906074092976614,0.4014827424711989
2018-03-22,0.030686376951475594,-0.013851199241123846,0.005979237869668112,0.4014827424711989
2018-03-23,0.030818371902540616,-0.013878923558192492,0.004842632788191545,0.4014827424711989
2018-03-26,0.030961539974005473,-0.013755749139098886,0.005370958349620232,0.4014827424711989
2018-03-27,0.03042707945960105,-0.013191627286759882,0.004229179424361215,0.4014827424711989
2018-03-28,0.02999944517590281,-0.013020675595089005,0.006169077350797512,0.4014827424711989
2018-03-29,0.029555310136586025,-0.012710052846010865,0.006264544528838699,0.4014827424711989
2018-03-30,0.029555310136586025,-0.012710052846010865,0.006264544528838699,0.4014827424711989
2018-04-02,0.029757409169077594,-0.012591132878806754,0.0046511271227165415,0.4014827424711989
2018-04-03,0.030257781585391032,-0.013171167936842266,0.005505044116944861,0.4014827424711989
2018-04-04,0.030278338326494736,-0.013538813116278905,0.006234209472601967,0.4014827424711989
2018-04-05,0.030707439975538386,-0.013900365003274111,0.006345505626559398,0.4014827424711989
2018-04-06,0.03015130155491688,-0.01323351624227899,0.005316533125697014,0.4014827424711989
2018-04-09,0.030094417637673357,-0.013075825340571402,0.006056876865718271,0.4014827424711989
2018-04-10,0.02990475065162732,-0.01315288703872028,0.007782662486819159,0.4014827424711989
2018-04-11,0.02957857990782697,-0.012773751076729772,0.008140771540741634,0.4014827424711989
2018-04-12,0.03014483047663355,-0.013285977760088628,0.008480421008533814,0.4014827424711989
2018-04-13,0.029814176475166255,-0.012895830767933814,0.009319941822638577,0.4014827424711989
2018-04-16,0.029766046029101823,-0.012756842878177571,0.009742882651343713,0.4014827424711989
2018-04-17,0.029442392421825433,-0.012065458564717768,0.009746945049117335,0.4014827424711989
2018-04-18,0.030048740722565668,-0.012784912448163087,0.010377976087212453,0.4014827424711989
2018-04-19,0.030664764822673933,-0.013348222836424893,0.010317194810379406,0.4014827424711989
2018-04-20,0.03088210559681272,-0.013739575248819694,0.011472953760779513,0.4014827424711989
2018-04-23,0.030978657478778985,-0.013408522649705046,0.011473829105952555,0.4014827424711989
2018-04-24,0.03144977223609459,-0.013794240559043889,0.010430998267883889,0.4014827424711989
2018-04-25,0.03177004511375375,-0.014427393247707273,0.011016151036617305,0.4014827424711989
2018-04-26,0.03127592397455916,-0.014173020099776902,0.011873851961557595,0.4014827424711989
2018-04-27,0.030643090642215782,-0.013537363692092451,0.012393279243837289,0.4014827424711989
2018-04-30,0.03048428940870284,-0.013032951850422783,0.011816702758032717,0.4014827424711989
2018-05-01,0.030619705299945666,-0.013118671344677498,0.012383359574642792,0.4014827424711989
2018-05-02,0.03086292683205944,-0.013392418954256422,0.011405014014233094,0.4014827424711989
2018-05-03,0.030619910178621697,-0.013168750777613675,0.011294371415099902,0.4014827424711989
2018-05-04,0.030561421312612462,-0.01312829198795701,0.011728234605712208,0.4014827424711989
2018-05-07,0.030621774836374634,-0.012980336172679427,0.011196371868817015,0.4014827424711989
2018-05-08,0.030702479075183545,-0.013076058685076365,0.011961448888411805,0.4014827424711989
2018-05-09,0.030961143685332017,-0.013370902737324017,0.012544817227166452,0.4014827424711989
2018-05-10,0.030488310422324937,-0.012792573978346863,0.012951002519894927,0.4014827424711989
2018-05-11,0.030275033611779353,-0.012537903851452231,0.013431303534368107,0.4014827424711989
2018-05-14,0.030688345559328586,-0.012771020064705032,0.012823785706337082,0.4014827424711989
2018-05-15,0.03142230788112414,-0.013664684062234665,0.013983320537079832,0.4014827424711989
2018-05-16,0.03155746799152027,-0.013810228927828393,0.014151781691414433,0.4014827424711989
2018-05-17,0.03209688664136588,-0.014266036042550521,0.01304330205045754,0.4014827424711989
2018-05-18,0.031539743997094465,-0.013767989788301278,0.012860396481319853,0.4014827424711989
2018-05-21,0.031420962143269934,-0.013281671832267767,0.012868711363186673,0.4014827424711989
2018-05-22,0.031561729907904686,-0.013373679868887257,0.012496016664580967,0.4014827424711989
2018-05-23,0.031367314527938166,-0.013092272691410575,0.010261269716526408,0.4014827424711989
2018-05-24,0.03095966803063346,-0.012862380957175972,0.01062715724859273,0.4014827424711989
2018-05-25,0.030503414817678185,-0.01255150422227819,0.010139273606663642,0.4014827424711989
2018-05-28,0.030503414817678185,-0.01255150422227819,0.010139273606663642,0.4014827424711989
2018-05-29,0.02976221594682429,-0.011272111842992637,0.004178084786074938,0.4014827424711989
2018-05-30,0.029947038078622777,-0.011454240751780899,0.007174528400363166,0.4014827424711989
2018-05-31,0.02972857308531231,-0.011331150608440994,0.007691103584777358,0.4014827424711989
2018-06-01,0.029909358156414902,-0.011626512520274966,0.01010920589911096,0.4014827424711989
2018-06-04,0.030313743238647384,-0.011798379788689722,0.010387120115215828,0.4014827424711989
2018-06-05,0.030347761359869184,-0.011556976712892856,0.009044276259481999,0.4014827424711989
2018-06-06,0.030970173886916863,-0.012265645617471392,0.009542586295755147,0.4014827424711989
2018-06-07,0.03037967388474025,-0.011807645085510514,0.009749170975904827,0.4014827424711989
2018-06-08,0.030379585276045878,-0.011858789188812922,0.009812278313655214,0.4014827424711989
2018-06-11,0.030572911883758436,-0.011924992601780957,0.01018395236687444,0.4014827424711989
2018-06-12,0.03039804349695252,-0.01192255518730098,0.011116953138868487,0.4014827424711989
2018-06-13,0.03034894636144784,-0.011816926272590653,0.012586078109719338,0.4014827424711989
2018-06-14,0.02974468606250329,-0.011238551650161778,0.012744026291297603,0.4014827424711989
2018-06-15,0.029792237574128255,-0.011239229024074805,0.01207841607698785,0.4014827424711989
2018-06-18,0.029832196713903157,-0.01100921568279941,0.011393432407869514,0.4014827424711989
2018-06-19,0.029587843565999458,-0.010665456517467812,0.010505187321027846,0.4014827424711989
2018-06-20,0.029983298894040583,-0.011069949685636214,0.011017435482104966,0.4014827424711989
2018-06-21,0.02978749459220188,-0.010894646706979597,0.010567222828168363,0.4014827424711989
2018-06-22,0.02975621289211559,-0.011020345789024163,0.010904304789311009,0.4014827424711989
2018-06-25,0.029523197515418317,-0.010779097669851839,0.010619928907072683,0.4014827424711989
2018-06-26,0.02962697277598979,-0.010921844736176608,0.010530655958447733,0.4014827424711989
2018-06-27,0.029012208716130593,-0.010343291190920811,0.010423452654606057,0.4014827424711989
2018-06-28,0.028988092568852184,-0.010459289044395973,0.011230981069630218,0.4014827424711989
2018-06-29,0.02902145314207108,-0.01046784745922311,0.01138698202559609,0.4014827424711989
2018-07-02,0.029233912346890892,-0.009943176701013981,0.010368915926695822,0.4014827424711989
2018-07-03,0.028983859265334973,-0.009663935145628386,0.009567797751733543,0.4014827424711989
2018-07-04,0.028983859265334973,-0.009663935145628386,0.009567797751733543,0.4014827424711989
2018-07-05,0.028688661398168853,-0.00969592514022593,0.011339235569598613,0.4014827424711989
2018-07-06,0.02861923116336365,-0.009487257053206117,0.010618527262325532,0.4014827424711989
2018-07-09,0.02883191535427933,-0.00965375349286636,0.011374624420431911,0.4014827424711989
2018-07-10,0.02883892457732388,-0.009591100951300835,0.011941186872544625,0.4014827424711989
2018-07-11,0.02865993378800872,-0.009430095452523761,0.011656432657288211,0.4014827424711989
2018-07-12,0.02856695121722164,-0.009190666337937557,0.01206602348790038,0.4014827424711989
2018-07-13,0.02843744810569557,-0.009143291546704737,0.01170186212706653,0.4014827424711989
2018-07-16,0.028782836373393884,-0.00918304955922513,0.011016693306625757,0.4014827424711989
2018-07-17,0.028854854539497668,-0.009122223362767608,0.011144285922035155,0.4014827424711989
2018-07-18,0.02906465400700966,-0.009518359981799214,0.011378479937994344,0.4014827424711989
2018-07-19,0.028721599231911032,-0.009230705858430152,0.011216963713145029,0.4014827424711989
2018-07-20,0.029498148583199428,-0.0101676316691999,0.010955421039858606,0.4014827424711989
2018-07-23,0.030309399117828723,-0.010902162374958693,0.011225395251417407,0.4014827424711989
2018-07-24,0.030102307010160298,-0.010459072607734328,0.011090263043783046,0.4014827424711989
2018-07-25,0.02975196912923932,-0.010183515103306359,0.01194145355312745,0.4014827424711989
2018-07-26,0.0301342678224587,-0.010798658559646495,0.013021863141113716,0.4014827424711989
2018-07-27,0.03004613822244504,-0.010520425662892314,0.012125207067241342,0.4014827424711989
2018-07-30,0.030365920123129633,-0.010663558500495635,0.01150422132289065,0.4014827424711989
2018-07-31,0.03001698577682564,-0.010213200044599295,0.011814442583361659,0.4014827424711989
2018-08-01,0.030580414646378364,-0.010805459449924594,0.011566147436580769,0.4014827424711989
2018-08-02,0.03045179383319224,-0.010805156590288518,0.011409405513705909,0.4014827424711989
2018-08-03,0.0302027544120818,-0.01051969675492253,0.010854348873861584,0.4014827424711989
2018-08-06,0.03015135939733248,-0.01019172684434633,0.010061438168830428,0.4014827424711989
2018-08-07,0.03056786562098075,-0.010456879075334836,0.010197629340679106,0.4014827424711989
2018-08-08,0.03043439760068226,-0.010415667796783379,0.01053327671580254,0.4014827424711989
2018-08-09,0.030052595014702456,-0.010045723233665475,0.010218888037921942,0.4014827424711989
2018-08-10,0.029621593378952604,-0.009571658754399453,0.008976577435693092,0.4014827424711989
2018-08-13,0.029856599823815146,-0.009745885537159604,0.00842319075180175,0.4014827424711989
2018-08-14,0.029906441789422783,-0.009541109559493364,0.008637332693343484,0.4014827424711989
2018-08-15,0.029628949817222895,-0.009268664174220734,0.008133077799698539,0.4014827424711989
2018-08-16,0.029530336875338035,-0.009187347953364663,0.008943758640440624,0.4014827424711989
2018-08-17,0.029594003121143134,-0.009369535040683358,0.008736422929474609,0.4014827424711989
2018-08-20,0.029164344903833118,-0.008870973505060123,0.008113655335409933,0.4014827424711989
2018-08-21,0.029298929568566442,-0.00893923083030088,0.008626650800441461,0.4014827424711989
2018-08-22,0.0292190149204082,-0.00877272668207275,0.007673687028527212,0.4014827424711989
2018-08-23,0.02892336698209268,-0.008635392783640283,0.008933686983360315,0.4014827424711989
2018-08-24,0.02879906780161859,-0.00837557823460536,0.009244487784461188,0.4014827424711989
2018-08-27,0.029081722837803557,-0.008500240892277938,0.00943976555415859,0.4014827424711989
2018-08-28,0.029463826231302247,-0.008822241359180909,0.009482091094337149,0.4014827424711989
2018-08-29,0.02935560603303246,-0.008705673317221958,0.010068249889962133,0.4014827424711989
2018-08-30,0.029165977615903536,-0.008538880306963325,0.009391094494478308,0.4014827424711989
2018-08-31,0.02949969322574762,-0.008914183903943319,0.008374110181525365,0.4014827424711989
2018-09-03,0.02949969322574762,-0.008914183903943319,0.008374110181525365,0.4014827424711989
2018-09-04,0.029992130487709746,-0.00912205835424393,0.00824405683250882,0.4014827424711989
2018-09-05,0.030166461454394253,-0.009204834240843538,0.007584136358263052,0.4014827424711989
2018-09-06,0.02991406491987169,-0.009028354167603572,0.007742946468432129,0.4014827424711989
2018-09-07,0.03022747357272521,-0.009380248884221022,0.009554293197669463,0.4014827424711989
2018-09-10,0.029971346856577794,-0.009079310822934526,0.010245789528949684,0.4014827424711989
2018-09-11,0.030357571444803007,-0.009376446425350522,0.010780522135704,0.4014827424711989
2018-09-12,0.030143979662030546,-0.009103828445391392,0.010820177232889031,0.4014827424711989
2018-09-13,0.03007954689959971,-0.009091043081173988,0.011218875368402628,0.4014827424711989
2018-09-14,0.030299885347168033,-0.009274443230375498,0.01160352120127171,0.4014827424711989
2018-09-17,0.03030985723440261,-0.009200784275554688,0.011405420758783532,0.4014827424711989
2018-09-18,0.03112859439824403,-0.009887915891372789,0.011088961303823957,0.4014827424711989
2018-09-19,0.03140813255358283,-0.010323341768637456,0.011473077472507956,0.4014827424711989
2018-09-20,0.03120730041546385,-0.010065384111337141,0.011649153179206267,0.4014827424711989
2018-09-21,0.03113774357677611,-0.009857674591498262,0.011423892160173884,0.4014827424711989
2018-09-24,0.03127131775782017,-0.009752251106555407,0.01108653674753456,0.4014827424711989
2018-09-25,0.03153715025608311,-0.00992647380194729,0.010948651730438396,0.4014827424711989
2018-09-26,0.03109864017378255,-0.009541751252711011,0.010979863813144246,0.4014827424711989
2018-09-27,0.031010412369239262,-0.009565217132146232,0.011370222980872407,0.4014827424711989
2018-09-28,0.03111522729401189,-0.009529005524674884,0.010400556259195538,0.4014827424711989
2018-10-01,0.03176308682641957,-0.00989585907084107,0.009488658537293799,0.4014827424711989
2018-10-02,0.03127692554938242,-0.009287626830386496,0.009492206663917637,0.4014827424711989
2018-10-03,0.032384442722986205,-0.010481890004985818,0.010018241554294791,0.4014827424711989
2018-10-04,0.03292076525081895,-0.011016053233370474,0.010119879863508891,0.4014827424711989
2018-10-05,0.03350107804629252,-0.011645156708041754,0.010003137941409364,0.4014827424711989
2018-10-08,0.03350107804629252,-0.011645156708041754,0.010003137941409364,0.4014827424711989
2018-10-09,0.03313907062505437,-0.010952223287255931,0.009577092033788521,0.4014827424711989
2018-10-10,0.03349904880209775,-0.01116912880643399,0.008634807849070612,0.4014827424711989
2018-10-11,0.03258360795897005,-0.010371190314241876,0.00894152538138104,0.4014827424711989
2018-10-12,0.03263443442001516,-0.010388630680987755,0.008749408609783467,0.4014827424711989
2018-10-15,0.03293136818765742,-0.010373258056416812,0.007897079469128283,0.4014827424711989
2018-10-16,0.03268450961201868,-0.010160547194149988,0.00866543128435154,0.4014827424711989
2018-10-17,0.03301912450955621,-0.010434022745717465,0.008720804459678337,0.4014827424711989
2018-10-18,0.03308698612010639,-0.010434526686740608,0.007878005152922054,0.4014827424711989
2018-10-19,0.03321102965588571,-0.010616931047574892,0.008946947220909544,0.4014827424711989
2018-10-22,0.03321795118680922,-0.010504993906598835,0.008693203032681104,0.4014827424711989
2018-10-23,0.03324270288641709,-0.010399474313109001,0.007097941097048307,0.4014827424711989
2018-10-24,0.032935456449579695,-0.010005353328860402,0.005107743547998912,0.4014827424711989
2018-10-25,0.03310458510748315,-0.010283040610685855,0.0063351319513661256,0.4014827424711989
2018-10-26,0.032917174105172066,-0.010125809336767959,0.004420802941290745,0.4014827424711989
2018-10-29,0.032982219668217294,-0.010041975095959579,0.004130743945429555,0.4014827424711989
2018-10-30,0.03325714182218919,-0.01025455799291017,0.004667790554705545,0.4014827424711989
2018-10-31,0.03351544893348171,-0.010510139641263011,0.0055036783991831454,0.4014827424711989
2018-11-01,0.03352603868559869,-0.010554657528326716,0.004825096314328328,0.4014827424711989
2018-11-02,0.03419262999872403,-0.01131660778365198,0.00643836508579323,0.4014827424711989
2018-11-05,0.033808678143645174,-0.010756321600716691,0.006698904443205367,0.4014827424711989
2018-11-06,0.03380845213040883,-0.010686118695602731,0.007283566433520936,0.4014827424711989
2018-11-07,0.033667006500781756,-0.010506079289969147,0.008129145124725512,0.4014827424711989
2018-11-08,0.033593523783968106,-0.010608886507668398,0.0093527253904255,0.4014827424711989
2018-11-09,0.03332930902674443,-0.010240552588247662,0.008173595587497178,0.4014827424711989
2018-11-12,0.03332930902674443,-0.010240552588247662,0.008173595587497178,0.4014827424711989
2018-11-13,0.0331502333349798,-0.009735365905093194,0.00585954823067605,0.4014827424711989
2018-11-14,0.03313560291118344,-0.009685131655614356,0.004686547749764621,0.4014827424711989
2018-11-15,0.03322242968855753,-0.009950055193694036,0.004508782794006546,0.4014827424711989
2018-11-16,0.03306443192346868,-0.009776788219264324,0.003183022546553824,0.4014827424711989
2018-11-19,0.03313040355843642,-0.009609336591320902,0.0016782083970172568,0.4014827424711989
2018-11-20,0.03302064584199276,-0.009501426921259448,0.0020842559467005094,0.4014827424711989
2018-11-21,0.03298925115227913,-0.00931788886915732,0.0022024193386305365,0.4014827424711989
2018-11-22,0.03298925115227913,-0.00931788886915732,0.0022024193386305365,0.4014827424711989
2018-11-23,0.03295492958065703,-0.009254354441357904,0.0019221372421857064,0.4014827424711989
2018-11-26,0.032916360701556596,-0.00918965302291514,0.0028648119583107533,0.4014827424711989
2018-11-27,0.03303404338836013,-0.00904708849177222,0.001842869955904059,0.4014827424711989
2018-11-28,0.03334768271029387,-0.009351634656090969,0.0006542028532598157,0.4014827424711989
2018-11-29,0.033139764271995394,-0.00921305079004806,0.0005639172699730536,0.4014827424711989
2018-11-30,0.032812370018441527,-0.00886100039576735,0.0008019247322914864,0.4014827424711989
2018-12-03,0.03224328647632957,-0.00814159052518891,0.0016400297478738292,0.4014827424711989
2018-12-04,0.031145200951844813,-0.006572639113281597,0.001218578963876965,0.4014827424711989
2018-12-05,0.031145200951844813,-0.006572639113281597,0.001218578963876965,0.4014827424711989
2018-12-06,0.030976219334996415,-0.006457128493147565,4.358196499991396e-05,0.4014827424711989
2018-12-07,0.031119710639912403,-0.006766140501642881,-0.0012001852056560377,0.4014827424711989
2018-12-10,0.030956503679381225,-0.006581308945429399,-0.0007314537108885429,0.4014827424711989
2018-12-11,0.030770685479333704,-0.006622349394822658,0.0017785463486951066,0.4014827424711989
2018-12-12,0.031093573059304738,-0.006814104721398847,0.0013022253760643792,0.4014827424711989
2018-12-13,0.031434498146861646,-0.006886371141438441,-0.0005029114393539566,0.4014827424711989
2018-12-14,0.03131401342790623,-0.006770138122897429,-0.0011525353125736906,0.4014827424711989
2018-12-17,0.03109954532613837,-0.006632550769264284,-0.0019646352974499112,0.4014827424711989
2018-12-18,0.03077778405005512,-0.006386911997806147,-0.002659005153995463,0.4014827424711989
2018-12-19,0.0300017251502981,-0.005544640125369423,-0.0025739386612033833,0.4014827424711989
2018-12-20,0.03019705312430215,-0.0054985905782980946,-0.002263692729783978,0.4014827424711989
2018-12-21,0.030458298165470552,-0.00582892495895284,-0.0033786604716868987,0.4014827424711989
2018-12-24,0.030388872914979225,-0.005462236848642253,-0.005995364704743163,0.4014827424711989
2018-12-25,0.030388872914979225,-0.005462236848642253,-0.005995364704743163,0.4014827424711989
2018-12-26,0.03088589720648448,-0.006134537329067523,-0.004210740178762128,0.4014827424711989
2018-12-27,0.0309833039026719,-0.006282479697735724,-0.006428605522449539,0.4014827424711989
2018-12-28,0.03085951127358841,-0.006269127159137975,-0.007586509179885372,0.4014827424711989
2018-12-31,0.030889805977079774,-0.005506734456410006,-0.010329315377991434,0.4014827424711989
2019-01-01,0.030889805977079774,-0.005506734456410006,-0.010329315377991434,0.4014827424711989
2019-01-02,0.03016596227352248,-0.005219457496374353,-0.008529879145150856,0.4014827424711989
2019-01-03,0.029993812677718182,-0.005001230863226664,-0.012761235997093674,0.4014827424711989
2019-01-04,0.030281213625021702,-0.005383424390552062,-0.008726025664182464,0.4014827424711989
2019-01-07,0.03040575431301442,-0.005325519827013101,-0.007975786140174586,0.4014827424711989
2019-01-08,0.030282050310439342,-0.005320867599885683,-0.005828551457008927,0.4014827424711989
2019-01-09,0.030740771117167238,-0.005845929173704156,-0.00698417643315778,0.4014827424711989
2019-01-10,0.03108598280087296,-0.00615308414958388,-0.00791687058160557,0.4014827424711989
2019-01-11,0.030927339922601632,-0.0059950873833166975,-0.008641389556981181,0.4014827424711989
2019-01-14,0.031193740528155146,-0.0061102133762351764,-0.00952726385302155,0.4014827424711989
2019-01-15,0.03139097444475651,-0.006341632671126177,-0.009716259013920947,0.4014827424711989
2019-01-16,0.03121195462450261,-0.006356818494259798,-0.008535303588719673,0.4014827424711989
2019-01-17,0.03116451840383172,-0.006419227153744846,-0.007276231565734449,0.4014827424711989
2019-01-18,0.031132774777116415,-0.006507852392870594,-0.005258857927277606,0.4014827424711989
2019-01-21,0.031132774777116415,-0.006507852392870594,-0.005258857927277606,0.4014827424711989
2019-01-22,0.030889944758567812,-0.006149838247256337,-0.006695600833086991,0.4014827424711989
2019-01-23,0.030996682286778085,-0.006403272143106398,-0.006103232474555761,0.4014827424711989
2019-01-24,0.030653846474519787,-0.00612286514496848,-0.0065693659983019174,0.4014827424711989
2019-01-25,0.030765463900915904,-0.006275829921600473,-0.005197023647649559,0.4014827424711989
2019-01-28,0.030834593052050704,-0.0060973428939672105,-0.006047974848396167,0.4014827424711989
2019-01-29,0.030754608493637314,-0.005937047812726262,-0.007307307486146504,0.4014827424711989
2019-01-30,0.031189465335165256,-0.006265981081667069,-0.009961303219621184,0.4014827424711989
2019-01-31,0.030598203074320096,-0.005666736409644126,-0.01126211190120048,0.4014827424711989
2019-02-01,0.03081281302099784,-0.006119565825989,-0.008572873040823544,0.4014827424711989
2019-02-04,0.031212704857645254,-0.006388912726644326,-0.00875965218876744,0.4014827424711989
2019-02-05,0.03086148969091654,-0.006076896924148922,-0.008571727699830136,0.4014827424711989
2019-02-06,0.0308392430194996,-0.0059944980503762214,-0.008933298634879495,0.4014827424711989
2019-02-07,0.030664590418999542,-0.005645917720883924,-0.010529453554970994,0.4014827424711989
2019-02-08,0.030433443879803762,-0.0053820883087085086,-0.010955511863960338,0.4014827424711989
2019-02-11,0.03066946619801844,-0.0054912851365623554,-0.010532068580248213,0.4014827424711989
2019-02-12,0.030828474773391575,-0.0058612412244560645,-0.009753077001054187,0.4014827424711989
2019-02-13,0.030926270358295888,-0.0059806198396607675,-0.008683560489416644,0.4014827424711989
2019-02-14,0.030692625875708535,-0.005587114947152923,-0.010185475645176287,0.4014827424711989
2019-02-15,0.030414429590976323,-0.005421122469497359,-0.008908137277337537,0.4014827424711989
2019-02-18,0.030414429590976323,-0.005421122469497359,-0.008908137277337537,0.4014827424711989
2019-02-19,0.03051554370675005,-0.005324023002656702,-0.010223914922020606,0.4014827424711989
2019-02-20,0.030539342488638103,-0.005483888710793567,-0.009993712916877543,0.4014827424711989
2019-02-21,0.031084899929117386,-0.0059848762579277626,-0.009949767287713365,0.4014827424711989
2019-02-22,0.03088304366858779,-0.005672029348620142,-0.011153273425842507,0.4014827424711989
2019-02-25,0.03093401511495111,-0.005667966176827702,-0.010653985923192015,0.4014827424711989
2019-02-26,0.030752906942605376,-0.00554318368769193,-0.011350424963018255,0.4014827424711989
2019-02-27,0.03146106942753837,-0.006304284608968841,-0.011245690873698313,0.4014827424711989
2019-02-28,0.031713272066338484,-0.006649409773036803,-0.010563830296191953,0.4014827424711989
2019-03-01,0.031979057963628106,-0.006949284746212141,-0.009678694992562843,0.4014827424711989
2019-03-04,0.03154754621413135,-0.006311967775022968,-0.010155718016671329,0.4014827424711989
2019-03-05,0.031461361249459446,-0.006301212024370419,-0.009837970775029913,0.4014827424711989
2019-03-06,0.03129186962549822,-0.006052289739057208,-0.010857344111853367,0.4014827424711989
2019-03-07,0.0310969002802118,-0.0057979990842828046,-0.012451606236121529,0.4014827424711989
2019-03-08,0.030783452197309505,-0.005405363386877436,-0.012652124292923226,0.4014827424711989
2019-03-11,0.031064374712773835,-0.005692822045895468,-0.012445692054040884,0.4014827424711989
2019-03-12,0.0307685976592352,-0.005384072017191809,-0.013016664337687962,0.4014827424711989
2019-03-13,0.030858621830016177,-0.005534534544430996,-0.012888206308347507,0.4014827424711989
2019-03-14,0.03127522916405042,-0.005814179277853897,-0.013577662209161848,0.4014827424711989
2019-03-15,0.03104829020814436,-0.005585827851933997,-0.014292078417280403,0.4014827424711989
2019-03-18,0.030880402542355266,-0.005505072718823249,-0.013172607065334897,0.4014827424711989
2019-03-19,0.031003770369809364,-0.005601687070133204,-0.013316096254924602,0.4014827424711989
2019-03-20,0.030782504158579006,-0.005305651916851941,-0.01571172684593352,0.4014827424711989
2019-03-21,0.030657099107543884,-0.004886325577849878,-0.015984681269261527,0.4014827424711989
2019-03-22,0.029984821229766485,-0.004299851022212342,-0.018121135925412573,0.4014827424711989
2019-03-25,0.03011681153375014,-0.004487607892209106,-0.01953928505992105,0.4014827424711989
2019-03-26,0.030026720712447934,-0.004320467154619081,-0.020160223424376508,0.4014827424711989
2019-03-27,0.029645490830235943,-0.004211973671514832,-0.019545246276433285,0.4014827424711989
2019-03-28,0.029324763174721904,-0.004082811026799511,-0.01810715024139232,0.4014827424711989
2019-03-29,0.02917539341000646,-0.004144227844404614,-0.016402935722278328,0.4014827424711989
2019-04-01,0.029889603236014726,-0.004881684667710532,-0.014939544930037236,0.4014827424711989
2019-04-02,0.02992895138723076,-0.0048873108467944685,-0.015976115884871793,0.4014827424711989
2019-04-03,0.03043469413038678,-0.005419615805595985,-0.015642424703675235,0.4014827424711989
2019-04-04,0.03030901155948073,-0.0052233254652597014,-0.01565601459689049,0.4014827424711989
2019-04-05,0.030029515890951253,-0.004938464400057647,-0.015043180765699514,0.4014827424711989
2019-04-08,0.03024934451931385,-0.005131012198308494,-0.014952390824098901,0.4014827424711989
2019-04-09,0.030140727517524824,-0.0051340310671185475,-0.014999704748228574,0.4014827424711989
2019-04-10,0.030048284600777755,-0.005032572186127808,-0.016041182457065595,0.4014827424711989
2019-04-11,0.03034957513669251,-0.005247471539307342,-0.015600137667184221,0.4014827424711989
2019-04-12,0.030512031133008235,-0.005547241654004257,-0.013493988607786962,0.4014827424711989
2019-04-15,0.03039754936221327,-0.005457711853829681,-0.013489294668024347,0.4014827424711989
2019-04-16,0.030786505363031277,-0.005829432754998072,-0.013102693751291326,0.4014827424711989
2019-04-17,0.03084628451326987,-0.005841095830117573,-0.013695637973134072,0.4014827424711989
2019-04-18,0.03052916235260936,-0.0055254370228596875,-0.013779348092933703,0.4014827424711989
2019-04-19,0.03052916235260936,-0.0055254370228596875,-0.013779348092933703,0.4014827424711989
2019-04-22,0.030977736628540444,-0.0058836824880754875,-0.014342201042019078,0.4014827424711989
2019-04-23,0.030972108973534605,-0.005891131290843048,-0.015266310717227472,0.4014827424711989
2019-04-24,0.030616233300022288,-0.00553635472481445,-0.016231563759616936,0.4014827424711989
2019-04-25,0.030580108704086135,-0.005526359553721572,-0.015775105780939817,0.4014827424711989
2019-04-26,0.030519816578946535,-0.005477878829709133,-0.01699557937492194,0.4014827424711989
2019-04-29,0.030993646797231496,-0.005759515415892978,-0.01736678291014825,0.4014827424711989
2019-04-30,0.030745492326808937,-0.005637318374351533,-0.017870232382580568,0.4014827424711989
2019-05-01,0.030397506882942665,-0.005469335829670994,-0.015852722976126922,0.4014827424711989
2019-05-02,0.03058570338886871,-0.005418734799203342,-0.015405712868697392,0.4014827424711989
2019-05-03,0.03042501996716623,-0.005456237387515824,-0.015188266815095962,0.4014827424711989
2019-05-06,0.03032115468893831,-0.005243770535227567,-0.016260964344389076,0.4014827424711989
2019-05-07,0.029821899969333494,-0.004683480322205263,-0.017000665941911935,0.4014827424711989
2019-05-08,0.03010307469662572,-0.005127702372643702,-0.016269189858827523,0.4014827424711989
2019-05-09,0.030030107492688408,-0.004918360579592719,-0.01773541944174305,0.4014827424711989
2019-05-10,0.030203040430220294,-0.005197161237897511,-0.017400862061548332,0.4014827424711989
2019-05-13,0.0298589394831516,-0.004933692913572095,-0.019549938494756596,0.4014827424711989
2019-05-14,0.030097194666627507,-0.00517147362441161,-0.019308684001639532,0.4014827424711989
2019-05-15,0.029797358312665813,-0.004805101423642873,-0.020594896703110693,0.4014827424711989
2019-05-16,0.029856536440547546,-0.004945964809174681,-0.019330460946422347,0.4014827424711989
2019-05-17,0.029578765906690726,-0.004767089468168919,-0.018808849576768406,0.4014827424711989
2019-05-20,0.029655814630784857,-0.004907061756105403,-0.0179277896452816,0.4014827424711989
2019-05-21,0.02961932296925262,-0.004967516316065767,-0.016522593522344718,0.4014827424711989
2019-05-22,0.02940342401494782,-0.004734509759719318,-0.01742817622496087,0.4014827424711989
2019-05-23,0.028954509971930262,-0.004204286500893056,-0.020007495511893618,0.4014827424711989
2019-05-24,0.028838176004330994,-0.00424109764842273,-0.018748192370621107,0.4014827424711989
2019-05-27,0.028838176004330994,-0.00424109764842273,-0.018748192370621107,0.4014827424711989
2019-05-28,0.02838063493057595,-0.003740057639387029,-0.019812479656546426,0.4014827424711989
2019-05-29,0.028313951403495158,-0.003686740701369753,-0.02019169408725365,0.4014827424711989
2019-05-30,0.027999478829021554,-0.003175773131457277,-0.02111117256296842,0.4014827424711989
2019-05-31,0.02760330340665828,-0.0030422038290360345,-0.023548665517656935,0.4014827424711989
2019-06-03,0.027629911984216552,-0.0031085684474299984,-0.02741731991432217,0.4014827424711989
2019-06-04,0.028226495953005217,-0.00392166937899302,-0.026194651685625403,0.4014827424711989
2019-06-05,0.028721472066893863,-0.004685725454114218,-0.027802829047492948,0.4014827424711989
2019-06-06,0.028433330404835602,-0.004595002089430715,-0.026103711260727937,0.4014827424711989
2019-06-07,0.027836028715303107,-0.0044917846993662944,-0.025374471590466588,0.4014827424711989
2019-06-10,0.02827680279783408,-0.004743384766525086,-0.024337425007399806,0.4014827424711989
2019-06-11,0.028119714431564184,-0.004741190632688939,-0.0233465860964725,0.4014827424711989
2019-06-12,0.02816807303806549,-0.005189313524632382,-0.02398850280524151,0.4014827424711989
2019-06-13,0.028258414634895805,-0.005242086971328427,-0.025882914150322102,0.4014827424711989
2019-06-14,0.02798081130020386,-0.004998680081404961,-0.025087597688604576,0.4014827424711989
2019-06-17,0.027780950470668548,-0.004642023525297674,-0.024648198214044133,0.4014827424711989
2019-06-18,0.027307841616817874,-0.004308251121829568,-0.02391037438985785,0.4014827424711989
2019-06-19,0.027606452389846277,-0.005150394754526624,-0.02631563457892378,0.4014827424711989
2019-06-20,0.027595822777178588,-0.00538431372270828,-0.026831250823782134,0.4014827424711989
2019-06-21,0.028063563160366647,-0.0060027615713030245,-0.025324648154992142,0.4014827424711989
2019-06-24,0.02776818084100333,-0.005604550315256319,-0.026689953467551063,0.4014827424711989
2019-06-25,0.02754811775991171,-0.00540218757516896,-0.026812302895280804,0.4014827424711989
2019-06-26,0.02774548759394063,-0.005534449053723854,-0.024987059385458463,0.4014827424711989
2019-06-27,0.02743372763114476,-0.004935665311234119,-0.0263816236330713,0.4014827424711989
2019-06-28,0.027366281700610458,-0.005056507526686696,-0.02600744594299069,0.4014827424711989
2019-07-01,0.027667573717273762,-0.005081040619858056,-0.02598740911218049,0.4014827424711989
2019-07-02,0.027251172076347835,-0.004535032599104479,-0.026849176464355293,0.4014827424711989
2019-07-03,0.026797546092310182,-0.003925925841637616,-0.026661747277264832,0.4014827424711989
2019-07-04,0.026797546092310182,-0.003925925841637616,-0.026661747277264832,0.4014827424711989
2019-07-05,0.0272877950169958,-0.004226090948573584,-0.02417514408067346,0.4014827424711989
2019-07-08,0.0270018825191565,-0.004002334735540812,-0.022936265843866436,0.4014827424711989
2019-07-09,0.026989734146320568,-0.00403500570662812,-0.021770618866399326,0.4014827424711989
2019-07-10,0.02775305651488502,-0.005343649361100147,-0.024581260296548307,0.4014827424711989
2019-07-11,0.028401238172562897,-0.00613026441097912,-0.023593672205204207,0.4014827424711989
2019-07-12,0.028399843025251226,-0.006270857646365582,-0.023932159277036888,0.4014827424711989
2019-07-15,0.028085774324578695,-0.005867736096322157,-0.0241641707455199,0.4014827424711989
2019-07-16,0.028155708078474458,-0.0060193219023243535,-0.022546073986971494,0.4014827424711989
2019-07-17,0.027467261849963846,-0.005529826482232476,-0.022785260083369546,0.4014827424711989
2019-07-18,0.027578016765364994,-0.006069206600038511,-0.024096134519699185,0.4014827424711989
2019-07-19,0.027534285460943834,-0.005913233509383076,-0.02326520377962447,0.4014827424711989
2019-07-22,0.027715168652881806,-0.005755296673437391,-0.024117732517211176,0.4014827424711989
2019-07-23,0.027876246507262593,-0.006038438033208009,-0.023205916607064253,0.4014827424711989
2019-07-24,0.027513617540417656,-0.0056216301960173,-0.022864562062736727,0.4014827424711989
2019-07-25,0.027695621221806178,-0.005614487661284601,-0.022562022983230876,0.4014827424711989
2019-07-26,0.02759514473221192,-0.005498805506946829,-0.022292440842691368,0.4014827424711989
2019-07-29,0.027590738967474538,-0.005518452166487846,-0.022855273634251987,0.4014827424711989
2019-07-30,0.027336221617977746,-0.005714508830308005,-0.021432395602615846,0.4014827424711989
2019-07-31,0.026400512788735925,-0.004908310019061786,-0.019011202281565075,0.4014827424711989
2019-08-01,0.026216518343561653,-0.0043954673923474255,-0.02530776313423847,0.4014827424711989
2019-08-02,0.02558488531247428,-0.003903273775589456,-0.024532092721359946,0.4014827424711989
2019-08-05,0.0249734061047478,-0.003449877864362837,-0.02740586253114226,0.4014827424711989
2019-08-06,0.024355431441527454,-0.0028551186594022795,-0.02640145775260957,0.4014827424711989
2019-08-07,0.0240707656350239,-0.00298969831687285,-0.025877700135290702,0.4014827424711989
2019-08-08,0.02425768525049301,-0.002835899416198844,-0.02604269267772774,0.4014827424711989
2019-08-09,0.024187554718490406,-0.0031190726426146963,-0.024288017216582695,0.4014827424711989
2019-08-12,0.023057602781944707,-0.0017966813815193054,-0.025273487446660338,0.4014827424711989
2019-08-13,0.022637550113868185,-0.0014729984219456595,-0.021325596033518156,0.4014827424711989
2019-08-14,0.021424731475158654,-0.000831570840274241,-0.020618133738372194,0.4014827424711989
2019-08-15,0.021438721209908793,-0.0007199865788466899,-0.02435341927163239,0.4014827424711989
2019-08-16,0.021738149890949698,-0.0013234285522982399,-0.024070500380210684,0.4014827424711989
2019-08-19,0.022401481520449018,-0.001569744851287717,-0.024224242277495624,0.4014827424711989
2019-08-20,0.02207903555936585,-0.0012571792496096617,-0.02530312490993077,0.4014827424711989
2019-08-21,0.022138364483155436,-0.001291440832740829,-0.023414729957557126,0.4014827424711989
2019-08-22,0.022531824989516558,-0.0012770999622393232,-0.023860478109395747,0.4014827424711989
2019-08-23,0.02185387419713234,-0.0008349148658876211,-0.02580584163590615,0.4014827424711989
2019-08-26,0.02199065355069411,-0.0007056319795186883,-0.025423480520000256,0.4014827424711989
2019-08-27,0.021121141774687324,0.00017458040607673357,-0.024849891949980395,0.4014827424711989
2019-08-28,0.02097931302189198,0.00019548513662548048,-0.025269533855999112,0.4014827424711989
2019-08-29,0.021230705866673746,1.4992539936318876e-05,-0.024862762677651806,0.4014827424711989
2019-08-30,0.02127661531698545,2.4106983746770977e-06,-0.025478522933153946,0.4014827424711989
2019-09-02,0.02127661531698545,2.4106983746770977e-06,-0.025478522933153946,0.4014827424711989
2019-09-03,0.02128136958726102,-0.0001919187744511613,-0.02643795591643847,0.4014827424711989
2019-09-04,0.021598769215291053,-0.0005887553796453046,-0.0278306794713036,0.4014827424711989
2019-09-05,0.022192323057400615,-0.0013012132350969166,-0.024743565959628976,0.4014827424711989
2019-09-06,0.02178226701439112,-0.0009381911756728423,-0.024318914472289756,0.4014827424711989
2019-09-09,0.022617683327923035,-0.0019334368681987995,-0.023318373714551827,0.4014827424711989
2019-09-10,0.02322982072125552,-0.0025756303439843694,-0.021015761660049526,0.4014827424711989
2019-09-11,0.023509786817609343,-0.0030308164661590527,-0.02067705747349704,0.4014827424711989
2019-09-12,0.023464809663628124,-0.003114842202070086,-0.018595641883928614,0.4014827424711989
2019-09-13,0.02476284780254623,-0.004372068408807989,-0.017637356750468118,0.4014827424711989
2019-09-16,0.024397986207396635,-0.003454935571262715,-0.020109909304872088,0.4014827424711989
2019-09-17,0.024076634516381597,-0.0030012385003510157,-0.020631875653523646,0.4014827424711989
2019-09-18,0.023306447485893757,-0.0031091046051363617,-0.016462297290124526,0.4014827424711989
2019-09-19,0.023234026844264736,-0.002747434282523542,-0.017842790446101434,0.4014827424711989
2019-09-20,0.02274540433577793,-0.0025672231086247025,-0.01813419937645802,0.4014827424711989
2019-09-23,0.02272803706845747,-0.002419894837698314,-0.019125426099063994,0.4014827424711989
2019-09-24,0.022116217126861647,-0.002003930310190827,-0.020287803416205476,0.4014827424711989
2019-09-25,0.022659546606937083,-0.0031410660700866254,-0.017110757053064196,0.4014827424711989
2019-09-26,0.022416032326900707,-0.0027835883736419507,-0.017558653759380566,0.4014827424711989
2019-09-27,0.022380843229344874,-0.002999900427413771,-0.01814970853101175,0.4014827424711989
2019-09-30,0.022373365758434422,-0.0027025963382889522,-0.018994204432986717,0.4014827424711989
2019-10-01,0.02230107007641896,-0.0033013743920994043,-0.019060620353151453,0.4014827424711989
2019-10-02,0.022338636510165086,-0.0036888804653935816,-0.021206504890616474,0.4014827424711989
2019-10-03,0.022168609857084198,-0.003928475195981803,-0.023475959773863103,0.4014827424711989
2019-10-04,0.021594016670082743,-0.0035548821117730584,-0.022043863388541307,0.4014827424711989
2019-10-07,0.021881546576713172,-0.0033423720313258166,-0.02159061745345889,0.4014827424711989
2019-10-08,0.021784761974451856,-0.0037169384963124767,-0.02144393442272045,0.4014827424711989
2019-10-09,0.02209139626872037,-0.004268948651208604,-0.020011868543641047,0.4014827424711989
2019-10-10,0.022873080193186193,-0.0049768518962831215,-0.019162266060585433,0.4014827424711989
2019-10-11,0.023252351082225828,-0.005453832128576705,-0.015906593484429857,0.4014827424711989
2019-10-14,0.023252351082225828,-0.005453832128576705,-0.015906593484429857,0.4014827424711989
2019-10-15,0.023470219348016293,-0.005839934669668938,-0.016136823283780837,0.4014827424711989
2019-10-16,0.02353854985143866,-0.006173797959529244,-0.016900246586538846,0.4014827424711989
2019-10-17,0.023626201510748086,-0.00617519001874357,-0.017039826284113983,0.4014827424711989
2019-10-18,0.023854341924252783,-0.00635683752598038,-0.017909296325691503,0.4014827424711989
2019-10-21,0.024144710790182707,-0.006587707086214253,-0.017130574277826115,0.4014827424711989
2019-10-22,0.023826404451217576,-0.0063950558508774884,-0.016739388743802694,0.4014827424711989
2019-10-23,0.023773176109347822,-0.0063712896546992345,-0.017100166869927325,0.4014827424711989
2019-10-24,0.023979309421786835,-0.006408024937104137,-0.017778121229554144,0.4014827424711989
2019-10-25,0.024047711347924997,-0.00662411189801577,-0.01615259733743996,0.4014827424711989
2019-10-28,0.024668595284302878,-0.007331099516483799,-0.016033004808446626,0.4014827424711989
2019-10-29,0.024398160283015478,-0.007482032251818673,-0.014775295786103732,0.4014827424711989
2019-10-30,0.023585516819975855,-0.006878689141255327,-0.014432429315851576,0.4014827424711989
2019-10-31,0.022825064654059035,-0.006539091404006039,-0.015537637211369849,0.4014827424711989
2019-11-01,0.023090868281685804,-0.007027963575216491,-0.014400030287258126,0.4014827424711989
2019-11-04,0.02373489247065326,-0.007617754777973608,-0.013884766193218264,0.4014827424711989
2019-11-05,0.024429879225665623,-0.008277065355278028,-0.013114468923484812,0.4014827424711989
2019-11-06,0.02401794749630796,-0.007933273241861265,-0.013487677459086004,0.4014827424711989
2019-11-07,0.02500192064694983,-0.009022587015011931,-0.011698335530585326,0.4014827424711989
2019-11-08,0.025387662160378615,-0.00947633118598705,-0.012054456034168515,0.4014827424711989
2019-11-11,0.025387662160378615,-0.00947633118598705,-0.012054456034168515,0.4014827424711989
2019-11-12,0.025026401290635505,-0.008952833898866298,-0.012188897765001856,0.4014827424711989
2019-11-13,0.024734147409354482,-0.008652417255424968,-0.013080686454042294,0.4014827424711989
2019-11-14,0.024398458214949854,-0.008138137927216633,-0.014921386037508623,0.4014827424711989
2019-11-15,0.024360887614467315,-0.00814488777914354,-0.014017744506332603,0.4014827424711989
2019-11-18,0.024222725217251072,-0.007980929999240736,-0.014503056581715572,0.4014827424711989
2019-11-19,0.023728981429592337,-0.007540097705951017,-0.013673245503913528,0.4014827424711989
2019-11-20,0.023110275564368166,-0.006880101241165351,-0.014194155324111675,0.4014827424711989
2019-11-21,0.023444376102335934,-0.007217603759385452,-0.013319947812849637,0.4014827424711989
2019-11-22,0.023211613695199144,-0.0069534176889849714,-0.012754563824946516,0.4014827424711989
2019-11-25,0.02311045575839082,-0.006588706051720969,-0.013044326220029476,0.4014827424711989
2019-11-26,0.02289864653793062,-0.006196130144756064,-0.013964384618687525,0.4014827424711989
2019-11-27,0.022922994935326044,-0.006122026595299387,-0.012830541878603535,0.4014827424711989
2019-11-28,0.022922994935326044,-0.006122026595299387,-0.012830541878603535,0.4014827424711989
2019-11-29,0.023118642787846665,-0.0065369444092890795,-0.012775901448737569,0.4014827424711989
2019-12-02,0.024022736259331944,-0.007535730017483734,-0.013377365458605999,0.4014827424711989
2019-12-03,0.022875288922071114,-0.006636135483127354,-0.014366603660214005,0.4014827424711989
2019-12-04,0.023331516515649346,-0.007194490633874527,-0.013320338202768733,0.4014827424711989
2019-12-05,0.023499878063902954,-0.007740977894198062,-0.012223000406777505,0.4014827424711989
2019-12-06,0.02383546393786601,-0.008157657393609692,-0.011200979202587296,0.4014827424711989
2019-12-09,0.023656809400247874,-0.007822531032417583,-0.011253503040895339,0.4014827424711989
2019-12-10,0.02342032607219502,-0.007648579031326437,-0.009980425187579196,0.4014827424711989
2019-12-11,0.023177261597881346,-0.007222794609387585,-0.011479573711903081,0.4014827424711989
2019-12-12,0.02418016223916776,-0.008350455487216368,-0.010330409548952887,0.4014827424711989
2019-12-13,0.023594829943631095,-0.007697255081920734,-0.011793465086330201,0.4014827424711989
2019-12-16,0.024071716624292038,-0.0081718072625287,-0.01077053204891643,0.4014827424711989
2019-12-17,0.02426148025582334,-0.008427304172943467,-0.011325246322051083,0.4014827424711989
2019-12-18,0.024734287229709304,-0.008931156079929422,-0.011380755054455294,0.4014827424711989
2019-12-19,0.024759557643107,-0.009025693608734441,-0.011815685896217879,0.4014827424711989
2019-12-20,0.024677965532731237,-0.008782304195633013,-0.011760855148064693,0.4014827424711989
2019-12-23,0.024771948915543684,-0.00880365853072512,-0.011598379036408212,0.4014827424711989
2019-12-24,0.02458984767513261,-0.008636626494095207,-0.012157729353403363,0.4014827424711989
2019-12-25,0.02458984767513261,-0.008636626494095207,-0.012157729353403363,0.4014827424711989
2019-12-26,0.024526019700323098,-0.008442394255534013,-0.011989881106548984,0.4014827424711989
2019-12-27,0.024610990271939505,-0.008656609032175126,-0.013473580267621807,0.4014827424711989
2019-12-30,0.02487055221118391,-0.008971381991861703,-0.013538558840920561,0.4014827424711989
2019-12-31,0.025309898447064716,-0.009562970469710799,-0.013426017772700572,0.4014827424711989
2020-01-01,0.025309898447064716,-0.009562970469710799,-0.013426017772700572,0.4014827424711989
2020-01-02,0.024676016713382803,-0.008874131080404147,-0.01340657606835483,0.4014827424711989
2020-01-03,0.023919896349703883,-0.008154348848100587,-0.01428581270326507,0.4014827424711989
2020-01-06,0.024166606081732926,-0.008197163102437533,-0.014695616348117096,0.4014827424711989
2020-01-07,0.024545638115567606,-0.008740062602854261,-0.014875789156842574,0.4014827424711989
2020-01-08,0.024825662936847705,-0.00915386969315981,-0.013420456104282578,0.4014827424711989
2020-01-09,0.02490674626784973,-0.009069459959723254,-0.014518680942985942,0.4014827424711989
2020-01-10,0.024075138729607867,-0.008359991252720548,-0.013271613809509503,0.4014827424711989
2020-01-13,0.024325444008039564,-0.008404607790425178,-0.013533139146045675,0.4014827424711989
2020-01-14,0.023880823656971688,-0.007974329569702962,-0.013181382969026493,0.4014827424711989
2020-01-15,0.02353345218116875,-0.007534418655767032,-0.013609961193850776,0.4014827424711989
2020-01-16,0.023747203219581646,-0.00787145857128149,-0.013051931355016406,0.4014827424711989
2020-01-17,0.024326623998378247,-0.008325988390689654,-0.014241164569776907,0.4014827424711989
2020-01-20,0.024326623998378247,-0.008325988390689654,-0.014241164569776907,0.4014827424711989
2020-01-21,0.023723908781740702,-0.007751955398576232,-0.014787810966253472,0.4014827424711989
2020-01-22,0.023474014074341767,-0.0075461279782549125,-0.014414960171260063,0.4014827424711989
2020-01-23,0.02306081459662693,-0.006994559886839903,-0.01465934890735382,0.4014827424711989
2020-01-24,0.022692768848419954,-0.006651724992178294,-0.01507452756822215,0.4014827424711989
2020-01-27,0.021800000542141193,-0.00560366984640019,-0.016235593746155963,0.4014827424711989
2020-01-28,0.022300105202086147,-0.006067333843209595,-0.01615320394287648,0.4014827424711989
2020-01-29,0.02181744805379053,-0.005612302585259769,-0.017021297766980817,0.4014827424711989
2020-01-30,0.02187519429037318,-0.005356057450730907,-0.018611133157118702,0.4014827424711989
2020-01-31,0.0215400555366513,-0.0051978047442495425,-0.020187593672655026,0.4014827424711989
2020-02-03,0.0215996316018454,-0.005193116664983425,-0.01925062455513344,0.4014827424711989
2020-02-04,0.022216689551624463,-0.005912809696606829,-0.01791861688711999,0.4014827424711989
2020-02-05,0.02285206793371216,-0.006591014899820936,-0.017655123593683122,0.4014827424711989
2020-02-06,0.022517384285201454,-0.006049420345490756,-0.017573137941253147,0.4014827424711989
2020-02-07,0.021910690111048417,-0.005540758811857258,-0.017767089752500444,0.4014827424711989
2020-02-10,0.02187841399063442,-0.00536660307952351,-0.019304948003580805,0.4014827424711989
2020-02-11,0.021941431598926486,-0.0055881616813810014,-0.01801095470918882,0.4014827424711989
2020-02-12,0.02228557697669435,-0.0059375422520888885,-0.01726640196495414,0.4014827424711989
2020-02-13,0.02209733589198182,-0.005630421460713238,-0.017549524252974104,0.4014827424711989
2020-02-14,0.021842368585892225,-0.005337521567494931,-0.017711711731478712,0.4014827424711989
2020-02-17,0.021842368585892225,-0.005337521567494931,-0.017711711731478712,0.4014827424711989
2020-02-18,0.02144023438582497,-0.00487800390911843,-0.01809562783969879,0.4014827424711989
2020-02-19,0.021483969725546,-0.004966844854947234,-0.017513852229876163,0.4014827424711989
2020-02-20,0.02108300848908383,-0.004529979950989754,-0.018265584458157586,0.4014827424711989
2020-02-21,0.0204750219825033,-0.004028622719567599,-0.019027920676644123,0.4014827424711989
2020-02-24,0.020079584729380727,-0.0037903611262437333,-0.021330035778340903,0.4014827424711989
2020-02-25,0.019779665122949302,-0.0035740112215955702,-0.02260329952913316,0.4014827424711989
2020-02-26,0.020090090725680666,-0.004055126873713512,-0.023671043107620256,0.4014827424711989
2020-02-27,0.01995836993508897,-0.004625840443306283,-0.023857022196114196,0.4014827424711989
2020-02-28,0.019065176371193503,-0.0053156363282346325,-0.02747852858073752,0.4014827424711989
2020-03-02,0.01899337304416502,-0.006404044553807024,-0.02606708593475172,0.4014827424711989
2020-03-03,0.018861617184269357,-0.008372764671833595,-0.026034844906425055,0.4014827424711989
2020-03-04,0.01905938459642359,-0.010365849254670587,-0.024350667725345207,0.4014827424711989
2020-03-05,0.01782078720037758,-0.010262084956739751,-0.023156779447856653,0.4014827424711989
2020-03-06,0.014200175022950928,-0.008233288158055031,-0.01717864472647116,0.4014827424711989
2020-03-09,0.011140771410526782,-0.006846305601189404,-0.01290723989797526,0.4014827424711989
2020-03-10,0.014253165651895468,-0.009134515521851792,-0.01392370668448716,0.4014827424711989
2020-03-11,0.014069200190710897,-0.009857600496969479,-0.010935934797236892,0.4014827424711989
2020-03-12,0.016180051689488804,-0.01227080986628953,-0.013925996663977409,0.4014827424711989
2020-03-13,0.016799418446001954,-0.013443205874513527,-0.012943908649885654,0.4014827424711989
2020-03-16,0.014587388523400469,-0.01171632544613051,-0.014467361430069044,0.4014827424711989
2020-03-17,0.018058193331355037,-0.016243158380916525,-0.012793100152149024,0.4014827424711989
2020-03-18,0.019297715021573424,-0.01926044123399944,-0.007701082984282452,0.4014827424711989
2020-03-19,0.019772209101074446,-0.01943446475932552,-0.012915550769791829,0.4014827424711989
2020-03-20,0.017346749827705565,-0.016857242495163554,-0.013555884106863406,0.4014827424711989
2020-03-23,0.014814840060248238,-0.01422823069557623,-0.013403101821009969,0.4014827424711989
2020-03-24,0.014954585454363515,-0.014534947128780215,-0.008952904091457187,0.4014827424711989
2020-03-25,0.015783256262197065,-0.015609792143018907,-0.010156417557221662,0.4014827424711989
2020-03-26,0.015658884372938314,-0.015513417515054851,-0.011808137717095542,0.4014827424711989
2020-03-27,0.01439112137178131,-0.014065134164240507,-0.01282552535449569,0.4014827424711989
2020-03-30,0.01476529501309414,-0.013597527855223265,-0.01566084629567173,0.4014827424711989
2020-03-31,0.015337836729865762,-0.013931720518321856,-0.017376785866802077,0.4014827424711989
2020-04-01,0.014011251311463009,-0.01281455816291073,-0.015235791411118277,0.4014827424711989
2020-04-02,0.014011879015842745,-0.012651228556417253,-0.015242101795914169,0.4014827424711989
2020-04-03,0.01388769642025192,-0.012477627675333714,-0.015079274340214912,0.4014827424711989
2020-04-06,0.014078023130748886,-0.012485115481284823,-0.01384926113922649,0.4014827424711989
2020-04-07,0.014750589071217237,-0.013166051629706636,-0.013799973707144949,0.4014827424711989
2020-04-08,0.015605491950971393,-0.013368015221367952,-0.01672782866472405,0.4014827424711989
2020-04-09,0.015618556527570262,-0.01287855387690346,-0.019433310595869654,0.4014827424711989
2020-04-10,0.015618556527570262,-0.01287855387690346,-0.019433310595869654,0.4014827424711989
2020-04-13,0.015990306259527118,-0.013253874432069455,-0.019095086053584266,0.4014827424711989
2020-04-14,0.01620758773856967,-0.013727137398893679,-0.019738921309370164,0.4014827424711989
2020-04-15,0.014532115986346463,-0.012474586459471412,-0.018687364235263557,0.4014827424711989
2020-04-16,0.013776860876689234,-0.011868988495129316,-0.016894747367547355,0.4014827424711989
2020-04-17,0.014571914849805252,-0.012874460110003136,-0.017474062296666946,0.4014827424711989
2020-04-20,0.014030398543213711,-0.012462736679251643,-0.016532552646665238,0.4014827424711989
2020-04-21,0.013194648874509553,-0.011725296058528133,-0.015354560465569031,0.4014827424711989
2020-04-22,0.013807023424620557,-0.012329687445080437,-0.015528468184280799,0.4014827424711989
2020-04-23,0.013253086079339524,-0.01182158220000994,-0.014508443648666842,0.4014827424711989
2020-04-24,0.013139385779645484,-0.011613107302183451,-0.014580328629855897,0.4014827424711989
2020-04-27,0.01407267958224832,-0.012635019905596505,-0.014733437081081614,0.4014827424711989
2020-04-28,0.013498605367804688,-0.01215114332406668,-0.014876257582760389,0.4014827424711989
2020-04-29,0.013968059398193589,-0.012511382973438661,-0.016158515026285517,0.4014827424711989
2020-04-30,0.014436934586529927,-0.013045524528010013,-0.016907776842659258,0.4014827424711989
2020-05-01,0.01430901368316086,-0.012788677705095095,-0.016783682384458636,0.4014827424711989
2020-05-04,0.014570692559898494,-0.012942618754453388,-0.017729246452842806,0.4014827424711989
2020-05-05,0.014913415972986531,-0.013285186364012123,-0.018200400407618736,0.4014827424711989
2020-05-06,0.016148745066452093,-0.014545647402982077,-0.019967192298758717,0.4014827424711989
2020-05-07,0.01503147513612121,-0.0133434379214298,-0.020406727862755963,0.4014827424711989
2020-05-08,0.015924574449784557,-0.014203152714689308,-0.020917815452756727,0.4014827424711989
2020-05-11,0.01633765543861641,-0.014662902910056754,-0.020598873648514125,0.4014827424711989
2020-05-12,0.01574269819770376,-0.01396936651238843,-0.020392161723380868,0.4014827424711989
2020-05-13,0.015342892165127001,-0.013552383684296194,-0.020647190767664334,0.4014827424711989
2020-05-14,0.014733601296930326,-0.013049509590572186,-0.01944091884361327,0.4014827424711989
2020-05-15,0.015023997793794312,-0.013325306313995908,-0.019985856217331566,0.4014827424711989
2020-05-18,0.016423253426550655,-0.014703252029270638,-0.02054065543591726,0.4014827424711989
2020-05-19,0.01629786691453192,-0.014558747605353854,-0.021201189632088425,0.4014827424711989
2020-05-20,0.016307907429059167,-0.014641491977612137,-0.021420427385672926,0.4014827424711989
2020-05-21,0.016120679494785663,-0.014436633457934181,-0.020983890508534324,0.4014827424711989
2020-05-22,0.015665791608068393,-0.013907593216199849,-0.020519942673100398,0.4014827424711989
2020-05-25,0.015665791608068393,-0.013907593216199849,-0.020519942673100398,0.4014827424711989
2020-05-26,0.016500104640658524,-0.014578862617191289,-0.021911570401336095,0.4014827424711989
2020-05-27,0.01656175687774208,-0.014511078330523796,-0.02240037270744078,0.4014827424711989
2020-05-28,0.017122654587364988,-0.014939864693020905,-0.02367402681781474,0.4014827424711989
2020-05-29,0.016467375314777648,-0.014299067425959593,-0.023528505699337898,0.4014827424711989
2020-06-01,0.01704382791098802,-0.014882143101174892,-0.02454116899329653,0.4014827424711989
2020-06-02,0.017260494991002996,-0.015075819716361523,-0.02448220402169543,0.4014827424711989
2020-06-03,0.018158391221391595,-0.01603341921550341,-0.024038027588043444,0.4014827424711989
2020-06-04,0.018899614125403048,-0.016824463450750355,-0.02468659304050439,0.4014827424711989
2020-06-05,0.01974023226163177,-0.017780914144201958,-0.024011431112032935,0.4014827424711989
2020-06-08,0.019382858007413458,-0.017208936640152897,-0.024168238838626066,0.4014827424711989
2020-06-09,0.01877698544705668,-0.016511405804009227,-0.02451005956949915,0.4014827424711989
2020-06-10,0.018085211890846584,-0.015783546781237247,-0.025366085719174827,0.4014827424711989
2020-06-11,0.016402382988617705,-0.01410212529300471,-0.02287129874528068,0.4014827424711989
2020-06-12,0.017031381188043832,-0.01480057204353093,-0.023429817319330963,0.4014827424711989
2020-06-15,0.017075180683825446,-0.014726225385872465,-0.023778816597613703,0.4014827424711989
2020-06-16,0.018048795442683608,-0.015705890190025062,-0.024971322947370672,0.4014827424711989
2020-06-17,0.01785253778934118,-0.015569276916246554,-0.024688174073334176,0.4014827424711989
2020-06-18,0.01712991064913284,-0.014942588466443602,-0.023435426437928862,0.4014827424711989
2020-06-19,0.017072346605056597,-0.014912560824725907,-0.02351815536475406,0.4014827424711989
2020-06-22,0.017039511402417044,-0.014832438066754432,-0.02337161798587311,0.4014827424711989
2020-06-23,0.01737322336145789,-0.015218042559505863,-0.023971728141751605,0.4014827424711989
2020-06-24,0.016738386040828286,-0.01468588872598411,-0.022874174529583496,0.4014827424711989
2020-06-25,0.016688208985686837,-0.014534525562374095,-0.023190404716944397,0.4014827424711989
2020-06-26,0.01596835198223036,-0.01389495535324771,-0.022434425433701586,0.4014827424711989
2020-06-29,0.016235965673624887,-0.014123028082896175,-0.023494279678618408,0.4014827424711989
2020-06-30,0.016552794970578304,-0.014312293520353538,-0.024051787924301085,0.4014827424711989
2020-07-01,0.016745710710189828,-0.01469017415938539,-0.02339524501269307,0.4014827424711989
2020-07-02,0.016793375998269914,-0.014679544786857634,-0.024044909897164242,0.4014827424711989
2020-07-03,0.016793375998269914,-0.014679544786857634,-0.024044909897164242,0.4014827424711989
2020-07-06,0.0169694372275256,-0.014877862496407726,-0.024054088448553262,0.4014827424711989
2020-07-07,0.01612074980282179,-0.014025771834365479,-0.02301966177776809,0.4014827424711989
2020-07-08,0.016251780164748746,-0.014217160353679124,-0.022890837677780773,0.4014827424711989
2020-07-09,0.015321216722769572,-0.01338246967343868,-0.021633795760008293,0.4014827424711989
2020-07-10,0.015538696300679587,-0.013723466186594493,-0.021194087505772632,0.4014827424711989
2020-07-13,0.015480801977285722,-0.01356277783938617,-0.021386069294175632,0.4014827424711989
2020-07-14,0.01521356912852316,-0.013272636115592425,-0.021301493004755895,0.4014827424711989
2020-07-15,0.01557743331448081,-0.013530723979962786,-0.02218339816177635,0.4014827424711989
2020-07-16,0.015274403000218567,-0.013468469072754192,-0.02144597949747286,0.4014827424711989
2020-07-17,0.015548470378145276,-0.013800563265853005,-0.021649123530709108,0.4014827424711989
2020-07-20,0.015365298333334707,-0.013516393623364414,-0.021448743508055233,0.4014827424711989
2020-07-21,0.01527879024812448,-0.013481575306277856,-0.0217013470899245,0.4014827424711989
2020-07-22,0.015076547901584582,-0.0132839134321707,-0.02136887804258803,0.4014827424711989
2020-07-23,0.014405231675456003,-0.012711858237080455,-0.0199677987273898,0.4014827424711989
2020-07-24,0.014343050667159778,-0.012602414549342415,-0.019907295986837034,0.4014827424711989
2020-07-27,0.01457496732192238,-0.01291883866377021,-0.019582238410588575,0.4014827424711989
2020-07-28,0.014200526504091033,-0.012588959567261204,-0.019642448054607957,0.4014827424711989
2020-07-29,0.014521792434863416,-0.01287297339431736,-0.020782071364406202,0.4014827424711989
2020-07-30,0.014001252405853317,-0.012423989097885564,-0.02041936412523709,0.4014827424711989
2020-07-31,0.014085758355809766,-0.012525929734464175,-0.021021423190766733,0.4014827424711989
2020-08-03,0.01441856719762741,-0.012779913377708695,-0.021402925652715392,0.4014827424711989
2020-08-04,0.013881957450471879,-0.012182296416638375,-0.021388331283981942,0.4014827424711989
2020-08-05,0.01426361738876819,-0.012632369445176737,-0.021186191170877014,0.4014827424711989
2020-08-06,0.013994155981818435,-0.012410366617729318,-0.020586316626785957,0.4014827424711989
2020-08-07,0.014325573745556989,-0.012692524757101566,-0.020701004346487854,0.4014827424711989
2020-08-10,0.014642554356782885,-0.012932677173778873,-0.021088495196726363,0.4014827424711989
2020-08-11,0.015359035683783816,-0.013713954259639241,-0.021129782704845737,0.4014827424711989
2020-08-12,0.016021032159960355,-0.014457792420915924,-0.02146101169604351,0.4014827424711989
2020-08-13,0.01663210530523965,-0.015077225371506287,-0.02217726032701281,0.4014827424711989
2020-08-14,0.0170311005343499,-0.015379594839804753,-0.023722133985929622,0.4014827424711989
2020-08-17,0.01674661644770715,-0.015087377708812175,-0.023431688900629258,0.4014827424711989
2020-08-18,0.016368750556849165,-0.014732413272638762,-0.02311872531832141,0.4014827424711989
2020-08-19,0.01671812076926513,-0.015084776503395656,-0.023487687595029703,0.4014827424711989
2020-08-20,0.016247603979563263,-0.014538716258507205,-0.023533103414108743,0.4014827424711989
2020-08-21,0.015774643888306763,-0.014186939831334188,-0.022037535896542473,0.4014827424711989
2020-08-24,0.015865467276813535,-0.014154135585731684,-0.02220181604031559,0.4014827424711989
2020-08-25,0.01637147904552697,-0.014764639130023127,-0.022426188205568087,0.4014827424711989
2020-08-26,0.01663886664706945,-0.015008786114073826,-0.023048439776669524,0.4014827424711989
2020-08-27,0.017732456944137887,-0.016063874686321897,-0.02443523634639928,0.4014827424711989
2020-08-28,0.018085712845240895,-0.01638090578295424,-0.025983759285250308,0.4014827424711989
2020-08-31,0.01769638806476966,-0.0159510798750192,-0.025525774732272227,0.4014827424711989
2020-09-01,0.01697519311502931,-0.015141849714682295,-0.02511320646190561,0.4014827424711989
2020-09-02,0.016306544714541852,-0.014490718606190355,-0.023720726306407612,0.4014827424711989
2020-09-03,0.015882814124014252,-0.014100533149739594,-0.023468996849758724,0.4014827424711989
2020-09-04,0.017336079498040474,-0.015631637700804914,-0.02432523850656342,0.4014827424711989
2020-09-07,0.017336079498040474,-0.015631637700804914,-0.02432523850656342,0.4014827424711989
2020-09-08,0.016981452006444808,-0.015040669359121354,-0.024616942073086522,0.4014827424711989
2020-09-09,0.01732254418164602,-0.015425992228739815,-0.025043900016947153,0.4014827424711989
2020-09-10,0.016981531533374433,-0.015091330361548388,-0.0248295046424683,0.4014827424711989
2020-09-11,0.01689197082543267,-0.015063190399653526,-0.02487751713252278,0.4014827424711989
2020-09-14,0.016866380936412823,-0.015018253075443262,-0.02454710038427712,0.4014827424711989
2020-09-15,0.016928467891579906,-0.01515541348370459,-0.024568546809826522,0.4014827424711989
2020-09-16,0.017184066269370652,-0.0154348849113813,-0.024837507611727056,0.4014827424711989
2020-09-17,0.016995414465796808,-0.015361786973488119,-0.024332094048719638,0.4014827424711989
2020-09-18,0.01722893530036283,-0.015515848335317706,-0.024616646692260952,0.4014827424711989
2020-09-21,0.016981828526973067,-0.015283479473159028,-0.02456812341716038,0.4014827424711989
2020-09-22,0.01688594332696178,-0.015236585228724682,-0.02442271054525092,0.4014827424711989
2020-09-23,0.01685029567498485,-0.015158295755289083,-0.02425312139860455,0.4014827424711989
2020-09-24,0.016573630085382884,-0.014946794110042131,-0.02368391468569789,0.4014827424711989
2020-09-25,0.01663587390126376,-0.01498066514775604,-0.024271675941459563,0.4014827424711989
2020-09-28,0.01680714044610202,-0.015074305571949276,-0.024439836073038578,0.4014827424711989
2020-09-29,0.016780262934123873,-0.01514834649219185,-0.02495801531879232,0.4014827424711989
2020-09-30,0.017254141965136388,-0.015594983073708487,-0.024884501865332913,0.4014827424711989
2020-10-01,0.017165419211553488,-0.015507379405669763,-0.02486424558040736,0.4014827424711989
2020-10-02,0.017541542292173553,-0.01582949906748083,-0.025440886388846343,0.4014827424711989
2020-10-05,0.018634514438615184,-0.017004482459065894,-0.02576596095219324,0.4014827424711989
2020-10-06,0.01850380429532948,-0.01683588108624966,-0.025983990232475513,0.4014827424711989
2020-10-07,0.018924374818306586,-0.01730746294610108,-0.02556107995856025,0.4014827424711989
2020-10-08,0.018663380421182554,-0.01700936748805242,-0.026032160069207756,0.4014827424711989
2020-10-09,0.01863271438115521,-0.016894092168327476,-0.02552526077404421,0.4014827424711989
2020-10-12,0.01863271438115521,-0.016894092168327476,-0.02552526077404421,0.4014827424711989
2020-10-13,0.01795348434310236,-0.016219540118913307,-0.025130822234469767,0.4014827424711989
2020-10-14,0.017821691376180865,-0.016013309273931447,-0.02535952743430337,0.4014827424711989
2020-10-15,0.01800318807169856,-0.016263500878255413,-0.025336329442079558,0.4014827424711989
2020-10-16,0.018079734057051895,-0.016397951167060144,-0.02518069453776604,0.4014827424711989
2020-10-19,0.018329592061810798,-0.016669793549176505,-0.02505854732708991,0.4014827424711989
2020-10-20,0.019025692351759237,-0.017402180705715944,-0.026069954586754727,0.4014827424711989
2020-10-21,0.019313437040529156,-0.01771072356484403,-0.026161326033596922,0.4014827424711989
2020-10-22,0.019805627444960214,-0.018259592342029753,-0.026182058561686945,0.4014827424711989
2020-10-23,0.019427643952410062,-0.017898607826577196,-0.025560964964779942,0.4014827424711989
2020-10-26,0.018939698197222327,-0.017318678844607204,-0.025724666091644584,0.4014827424711989
2020-10-27,0.018580790867517512,-0.017012621942474854,-0.025197483340774013,0.4014827424711989
2020-10-28,0.018496531756284355,-0.016976057620884458,-0.024923386347471224,0.4014827424711989
2020-10-29,0.019215810413438988,-0.017785347884011333,-0.025105812120967755,0.4014827424711989
2020-10-30,0.019755160712778767,-0.018286866684367596,-0.026005730932804172,0.4014827424711989
2020-11-02,0.019438207544914654,-0.01794040460674259,-0.02537481078071872,0.4014827424711989
2020-11-03,0.019809379612307377,-0.018247843261746603,-0.025643379681380044,0.4014827424711989
2020-11-04,0.018446482747920243,-0.016899313184927288,-0.0253173905432222,0.4014827424711989
2020-11-05,0.018353357230652546,-0.016796946865107926,-0.025047237275001452,0.4014827424711989
2020-11-06,0.018978757329814463,-0.01738383405164956,-0.02530357522347919,0.4014827424711989
2020-11-09,0.020660692208500957,-0.019165262659259042,-0.02587345804849696,0.4014827424711989
2020-11-10,0.020826806747044544,-0.019435027932040324,-0.025364470752218524,0.4014827424711989
2020-11-11,0.020826806747044544,-0.019435027932040324,-0.025364470752218524,0.4014827424711989
2020-11-12,0.019481927930160504,-0.01797878892712202,-0.024907818674492026,0.4014827424711989
2020-11-13,0.019608940249104593,-0.018172042300937104,-0.02485780987794204,0.4014827424711989
2020-11-16,0.01969461927985548,-0.018251883505838885,-0.024612819478318542,0.4014827424711989
2020-11-17,0.019203029284863133,-0.017819010569080487,-0.024369892770211028,0.4014827424711989
2020-11-18,0.019351457424097246,-0.018048002091444852,-0.02443769753306432,0.4014827424711989
2020-11-19,0.018786015914804662,-0.01752437489045911,-0.023400706882782597,0.4014827424711989
2020-11-20,0.018200764294217783,-0.016923806430939506,-0.022830806237398603,0.4014827424711989
2020-11-23,0.01859016219795773,-0.017408272293666302,-0.022996482799741903,0.4014827424711989
2020-11-24,0.01912990937946456,-0.017812678181003575,-0.024061159720755423,0.4014827424711989
2020-11-25,0.01931053470786005,-0.01803033956411398,-0.02436042443878711,0.4014827424711989
2020-11-26,0.01931053470786005,-0.01803033956411398,-0.02436042443878711,0.4014827424711989
2020-11-27,0.01872179027629765,-0.017308081465017458,-0.02428750621009553,0.4014827424711989
2020-11-30,0.018858095229361098,-0.017526205368032868,-0.02448281521047102,0.4014827424711989
2020-12-01,0.019860527285702673,-0.018575250580384405,-0.024632443162179656,0.4014827424711989
2020-12-02,0.02044451328521695,-0.019156510940876916,-0.025641848333690428,0.4014827424711989
2020-12-03,0.020027145709969135,-0.01875443898659061,-0.025413658945635836,0.4014827424711989
2020-12-04,0.020878473425128864,-0.019569264549906193,-0.02642529425294666,0.4014827424711989
2020-12-07,0.02045055171974308,-0.019093213765695744,-0.026491413463763235,0.4014827424711989
2020-12-08,0.020118383722861878,-0.018778961393938972,-0.026152377144013576,0.4014827424711989
2020-12-09,0.02030173971494402,-0.01908278439150981,-0.025523343391186455,0.4014827424711989
2020-12-10,0.019844639380299428,-0.018604335911801287,-0.025422245564699797,0.4014827424711989
2020-12-11,0.019711238453045014,-0.018426265597701715,-0.026038169534066603,0.4014827424711989
2020-12-14,0.019743053049397996,-0.018447994288366014,-0.026047073799327213,0.4014827424711989
2020-12-15,0.020046806553289855,-0.018810858675848717,-0.026434396683789666,0.4014827424711989
2020-12-16,0.020156285869531523,-0.018801332596042705,-0.02674176454634925,0.4014827424711989
2020-12-17,0.020337990335185078,-0.019045902794990396,-0.02657487421151846,0.4014827424711989
2020-12-18,0.020590091852606338,-0.01930006290620978,-0.026853241751917726,0.4014827424711989
2020-12-21,0.020429050778073502,-0.019110457181966828,-0.02674120117508911,0.4014827424711989
2020-12-22,0.02005836857779699,-0.01875619832135763,-0.0264690187378319,0.4014827424711989
2020-12-23,0.020641425810357796,-0.01934587577184147,-0.02706232033743828,0.4014827424711989
2020-12-24,0.020219535324019135,-0.018836671051011545,-0.026729955597009095,0.4014827424711989
2020-12-25,0.020219535324019135,-0.018836671051011545,-0.026729955597009095,0.4014827424711989
2020-12-28,0.02028839115991139,-0.018756593361078024,-0.027084891632039924,0.4014827424711989
2020-12-29,0.02035636360882433,-0.018867671354654097,-0.027174692974394392,0.4014827424711989
2020-12-30,0.0201505151441407,-0.018881051472484818,-0.026384722466369654,0.4014827424711989
2020-12-31,0.020077800777404113,-0.018718934984401046,-0.026601694868281896,0.4014827424711989
2021-01-01,0.020077800777404113,-0.018718934984401046,-0.026601694868281896,0.4014827424711989
2021-01-04,0.02028310073962657,-0.01886139040883472,-0.027411002855658517,0.4014827424711989
2021-01-05,0.020671513957494867,-0.019303947097340488,-0.027383890304083235,0.4014827424711989
2021-01-06,0.022024302442382706,-0.020662499329870278,-0.028270785788965642,0.4014827424711989
2021-01-07,0.022501539541099833,-0.021199661072463162,-0.028186412291478512,0.4014827424711989
2021-01-08,0.02278931298309828,-0.02165510612106941,-0.02756609101296619,0.4014827424711989
2021-01-11,0.022995200964483598,-0.02182551765586371,-0.02779356119433405,0.4014827424711989
2021-01-12,0.022971531455705987,-0.02177339312638772,-0.02777185845476434,0.4014827424711989
2021-01-13,0.02223439356062799,-0.02097400236151652,-0.027121258957430523,0.4014827424711989
2021-01-14,0.02301119991399089,-0.021799103014324486,-0.027923781742269657,0.4014827424711989
2021-01-15,0.022731194938243608,-0.02145963228807205,-0.028638075580477658,0.4014827424711989
2021-01-18,0.022731194938243608,-0.02145963228807205,-0.028638075580477658,0.4014827424711989
2021-01-19,0.022546315636592637,-0.021284455938044216,-0.02822516078238508,0.4014827424711989
2021-01-20,0.02261681673061817,-0.02136941501004444,-0.028581705474869486,0.4014827424711989
2021-01-21,0.023020173078375197,-0.02178961008131941,-0.02915632451978031,0.4014827424711989
2021-01-22,0.022743646416833914,-0.021500686669746267,-0.028957222290879107,0.4014827424711989
2021-01-25,0.02211488824996739,-0.02082327432212839,-0.028711744386429087,0.4014827424711989
2021-01-26,0.022093137685790003,-0.02098607434157791,-0.0283072944113728,0.4014827424711989
2021-01-27,0.02195587275690998,-0.02078656432065134,-0.028371340783502445,0.4014827424711989
2021-01-28,0.022295817816801497,-0.02123690587090427,-0.02840919201813818,0.4014827424711989
2021-01-29,0.023011619976148662,-0.021937922314716255,-0.029043635262490215,0.4014827424711989
2021-02-01,0.022765006720678355,-0.02164843235118096,-0.02940837260786822,0.4014827424711989
2021-02-02,0.023093888401880716,-0.022105869253302546,-0.029082898024546555,0.4014827424711989
2021-02-03,0.023632453276253344,-0.022837694355794375,-0.029313728762668904,0.4014827424711989
2021-02-04,0.023845003762648066,-0.023044536936864767,-0.02984110184279875,0.4014827424711989
2021-02-05,0.02440286236481098,-0.023736649255305692,-0.030321219378134104,0.4014827424711989
2021-02-08,0.024236841896276468,-0.023431676145615137,-0.029966098685915488,0.4014827424711989
2021-02-09,0.024164623523933122,-0.023362764316880245,-0.029927589020619066,0.4014827424711989
2021-02-10,0.02379192278833167,-0.02288296101108286,-0.029955762976484127,0.4014827424711989
2021-02-11,0.02405916542143588,-0.02314112041728591,-0.030366254518333177,0.4014827424711989
2021-02-12,0.02483276023996578,-0.024102658471066414,-0.030636593694296606,0.4014827424711989
2021-02-15,0.02483276023996578,-0.024102658471066414,-0.030636593694296606,0.4014827424711989
2021-02-16,0.025759494990360565,-0.025115576600804712,-0.030070618178346102,0.4014827424711989
2021-02-17,0.02569819990540445,-0.025076403397590062,-0.03027086970572634,0.4014827424711989
2021-02-18,0.0257932765925024,-0.025253925673522686,-0.030464121290877572,0.4014827424711989
2021-02-19,0.026621547200908192,-0.02600608452968467,-0.03127471319784705,0.4014827424711989
2021-02-22,0.02720999846570053,-0.026703009567692906,-0.031813214796333,0.4014827424711989
2021-02-23,0.027427900305913057,-0.026781002741690464,-0.032587100134657605,0.4014827424711989
2021-02-24,0.027752761263022854,-0.027166162384536917,-0.032425641321816565,0.4014827424711989
2021-02-25,0.02903985022738296,-0.028755905753125546,-0.029247139748837088,0.4014827424711989
2021-02-26,0.027061750624481767,-0.026805538041589326,-0.02752031272026051,0.4014827424711989
2021-03-01,0.027817105553965285,-0.027361662418812875,-0.03013499737708096,0.4014827424711989
2021-03-02,0.027604018161519712,-0.02708640874270457,-0.030707907134684388,0.4014827424711989
2021-03-03,0.027963663058184568,-0.0275119737311309,-0.029800558306900222,0.4014827424711989
2021-03-04,0.028610962062386912,-0.028342312391084826,-0.02926148521815373,0.4014827424711989
2021-03-05,0.028490545372561578,-0.028256180995809392,-0.02855443687813162,0.4014827424711989
2021-03-08,0.02864333498853676,-0.028503653279725413,-0.027221178273567598,0.4014827424711989
2021-03-09,0.02802123732412318,-0.02779164070122058,-0.02685889166525853,0.4014827424711989
2021-03-10,0.02792130287226591,-0.027756808103385197,-0.027467753041195902,0.4014827424711989
2021-03-11,0.02856145283003283,-0.028313105145912093,-0.02922601993653451,0.4014827424711989
2021-03-12,0.030022445946158344,-0.02988008478049814,-0.029735141248497715,0.4014827424711989
2021-03-15,0.029590268467998487,-0.029496754417619904,-0.029245824672006666,0.4014827424711989
2021-03-16,0.029796733451837275,-0.0297925054111673,-0.029492612657887666,0.4014827424711989
2021-03-17,0.030383173507533622,-0.03030888438364461,-0.0314991958664459,0.4014827424711989
2021-03-18,0.030684252232391376,-0.03085530778438267,-0.029615664674353948,0.4014827424711989
2021-03-19,0.03068443306560112,-0.030967524886745562,-0.02874835335454759,0.4014827424711989
2021-03-22,0.029856797774719317,-0.02997465810646619,-0.028422456485798137,0.4014827424711989
2021-03-23,0.029242181511464564,-0.02933771360256124,-0.02828981972325772,0.4014827424711989
2021-03-24,0.0288899855126385,-0.028982435863465453,-0.027913673117072615,0.4014827424711989
2021-03-25,0.029319202115241704,-0.029383434402470265,-0.028762717488551838,0.4014827424711989
2021-03-26,0.029704935022988193,-0.02984307204961515,-0.02866213088226169,0.4014827424711989
2021-03-29,0.030429725002645413,-0.030600720954959096,-0.028941907503348522,0.4014827424711989
2021-03-30,0.029809600616914452,-0.03014254417840756,-0.0269743505082954,0.4014827424711989
2021-03-31,0.03007189324552289,-0.030341415211454267,-0.027117394775371374,0.4014827424711989
2021-04-01,0.02913034489311823,-0.02944250604749654,-0.025846252179337583,0.4014827424711989
2021-04-02,0.029166362348993884,-0.029606382460785702,-0.02409235783080234,0.4014827424711989
2021-04-05,0.029478254654362653,-0.029795165564954186,-0.025604764652652504,0.4014827424711989
2021-04-06,0.029008809977608806,-0.029274508532158468,-0.026226581969617302,0.4014827424711989
2021-04-07,0.029370661063162266,-0.02963046360006983,-0.02704070196592233,0.4014827424711989
2021-04-08,0.028980489777517902,-0.029205665820464514,-0.027270640251536745,0.4014827424711989
2021-04-09,0.029107222726566406,-0.029365926453960113,-0.026619877143745297,0.4014827424711989
2021-04-12,0.029058072471986586,-0.029352143955887124,-0.025661038208008174,0.4014827424711989
2021-04-13,0.02886469588735184,-0.028937405167103095,-0.02709390659837423,0.4014827424711989
2021-04-14,0.02886147653762357,-0.02907410802234508,-0.026506176953867353,0.4014827424711989
2021-04-15,0.027757526286920152,-0.02787924805912264,-0.02618192311488572,0.4014827424711989
2021-04-16,0.028038467844516204,-0.028210036241114317,-0.025939278884213282,0.4014827424711989
2021-04-19,0.028400135915630547,-0.028582595905874565,-0.026205058668458243,0.4014827424711989
2021-04-20,0.028267162053794773,-0.028349314369393794,-0.027172821473088526,0.4014827424711989
2021-04-21,0.028142507625263293,-0.028261055005793158,-0.026884325104465163,0.4014827424711989
2021-04-22,0.027854824376462042,-0.027939988634140392,-0.02639852886039002,0.4014827424711989
2021-04-23,0.027893574453430235,-0.028076116322029963,-0.025737189242010107,0.4014827424711989
2021-04-26,0.027698206286559664,-0.027877148436815637,-0.024958931930764965,0.4014827424711989
2021-04-27,0.028328581730329285,-0.02867578133192447,-0.02497077431643898,0.4014827424711989
2021-04-28,0.028447735458033616,-0.028769419982364666,-0.025590412403157296,0.4014827424711989
2021-04-29,0.028698761191865017,-0.029024518193401926,-0.02596838178086952,0.4014827424711989
2021-04-30,0.02857183474864344,-0.028938275923633003,-0.025659462533332036,0.4014827424711989
2021-05-03,0.028594755471802208,-0.028701636834467976,-0.026810429482926633,0.4014827424711989
2021-05-04,0.028236753817525197,-0.028440211642490262,-0.026247986617556823,0.4014827424711989
2021-05-05,0.028007027425734653,-0.028164478738794914,-0.026449521369913045,0.4014827424711989
2021-05-06,0.027912718699855902,-0.028100676981348688,-0.026206547071987024,0.4014827424711989
2021-05-07,0.028567010011705522,-0.028653628720764122,-0.028334032438226363,0.4014827424711989
2021-05-10,0.028921920024597928,-0.02901731675193126,-0.028042942593628682,0.4014827424711989
2021-05-11,0.029313573948247948,-0.029454640515337534,-0.028653555385629796,0.4014827424711989
2021-05-12,0.02988934394185506,-0.030121801008782076,-0.02801449634517958,0.4014827424711989
2021-05-13,0.02978779059360963,-0.030005031287938952,-0.02861581794784917,0.4014827424711989
2021-05-14,0.029316902742658777,-0.02949760701935821,-0.028201584252633173,0.4014827424711989
2021-05-17,0.029457485566863142,-0.029642654630471464,-0.028067366608138473,0.4014827424711989
2021-05-18,0.029541647921090458,-0.02972424834199474,-0.028408061169913408,0.4014827424711989
2021-05-19,0.029761235985167552,-0.030101417998325976,-0.027586477551456743,0.4014827424711989
2021-05-20,0.029238598351273706,-0.0294642200647397,-0.027897976152123964,0.4014827424711989
2021-05-21,0.02904972781874175,-0.02937810066151897,-0.027161949805354774,0.4014827424711989
2021-05-24,0.02890737139767013,-0.029109315814911253,-0.027755747178953336,0.4014827424711989
2021-05-25,0.028234443011544118,-0.02834912362067009,-0.02763221418870601,0.4014827424711989
2021-05-26,0.028362914654699627,-0.028546020897912576,-0.027469516739796408,0.4014827424711989
2021-05-27,0.028703552576997707,-0.02892856145381601,-0.027520839557633445,0.4014827424711989
2021-05-28,0.02838153652560383,-0.028558330554319077,-0.027649242450922443,0.4014827424711989
2021-05-31,0.02838153652560383,-0.028558330554319077,-0.027649242450922443,0.4014827424711989
2021-06-01,0.028875934646571795,-0.02904596630043446,-0.027779699518227133,0.4014827424711989
2021-06-02,0.02871932208327212,-0.028844990169481485,-0.028169312306531642,0.4014827424711989
2021-06-03,0.02876233594307903,-0.029048639072403938,-0.026651495371306767,0.4014827424711989
2021-06-04,0.028075599624856864,-0.028193078197448034,-0.027256825342173475,0.4014827424711989
2021-06-07,0.028138356398758807,-0.028271258000440863,-0.026934333085610655,0.4014827424711989
2021-06-08,0.027664014610575674,-0.027758751795942796,-0.026953281715672683,0.4014827424711989
2021-06-09,0.027189018337524157,-0.02721372933547659,-0.026640659544210278,0.4014827424711989
2021-06-10,0.026889417978388744,-0.0268584571321697,-0.027017286430020312,0.4014827424711989
2021-06-11,0.026869508482206803,-0.026901758544492275,-0.02615156490823326,0.4014827424711989
2021-06-14,0.027333530318679734,-0.02740911242116368,-0.025978717657634987,0.4014827424711989
2021-06-15,0.027381392276131927,-0.027363067076621388,-0.026093234650714024,0.4014827424711989
2021-06-16,0.027161411602758874,-0.02725798758010954,-0.02288590086353328,0.4014827424711989
2021-06-17,0.02591360381116464,-0.02604787046106118,-0.02043818989469105,0.4014827424711989
2021-06-18,0.02451184356853906,-0.024622355668026556,-0.018007652042495666,0.4014827424711989
2021-06-21,0.025666425995053012,-0.025772213225380158,-0.019551708866877862,0.4014827424711989
2021-06-22,0.02562168694871126,-0.025694875919386535,-0.020471067491684564,0.4014827424711989
2021-06-23,0.025661894988161987,-0.025813732981402833,-0.019658066795571427,0.4014827424711989
2021-06-24,0.025508489500604303,-0.025643917254565145,-0.019306988602803297,0.4014827424711989
2021-06-25,0.026277885447237654,-0.026336964148465244,-0.020126306938324103,0.4014827424711989
2021-06-28,0.025596227441067414,-0.02572522691522319,-0.019670115174741973,0.4014827424711989
2021-06-29,0.025507015224953723,-0.02564777206017641,-0.019503614626373456,0.4014827424711989
2021-06-30,0.02511949103289295,-0.025172095759436245,-0.019756529083525494,0.4014827424711989
2021-07-01,0.025222812164075313,-0.025334410222403948,-0.01917666651869318,0.4014827424711989
2021-07-02,0.024971138827438337,-0.02501027234919798,-0.01990042636262872,0.4014827424711989
2021-07-05,0.024971138827438337,-0.02501027234919798,-0.01990042636262872,0.4014827424711989
2021-07-06,0.024366053254936886,-0.02428908555068428,-0.020544863138892613,0.4014827424711989
2021-07-07,0.02364494830597305,-0.023557066292696847,-0.019873488694108387,0.4014827424711989
2021-07-08,0.023483018596189204,-0.02322948090317276,-0.021202509734618204,0.4014827424711989
2021-07-09,0.024288011589250123,-0.02412066412585848,-0.02080562077134193,0.4014827424711989
2021-07-12,0.024387221461654267,-0.024298280410498262,-0.02036809450819952,0.4014827424711989
2021-07-13,0.024687170784404126,-0.02466646500311253,-0.019567939706148074,0.4014827424711989
2021-07-14,0.024135104989757836,-0.023993663673829508,-0.02020451047139618,0.4014827424711989
2021-07-15,0.023317723397831173,-0.023236468855025748,-0.019367027519211166,0.4014827424711989
2021-07-16,0.023376050046901947,-0.023281338822411672,-0.01918441749253969,0.4014827424711989
2021-07-19,0.022013190655982257,-0.021754184794892297,-0.01967707038600942,0.4014827424711989
2021-07-20,0.022900244391848595,-0.02256383148832221,-0.02146677543665144,0.4014827424711989
2021-07-21,0.0237109461673675,-0.023551426859627987,-0.02116258760574167,0.4014827424711989
2021-07-22,0.02323676571463936,-0.023043501676909585,-0.02122172541915118,0.4014827424711989
2021-07-23,0.023530336301630636,-0.023319436201609575,-0.021239191632527323,0.4014827424711989
2021-07-26,0.023559162543052053,-0.023299618708353047,-0.021315089083214212,0.4014827424711989
2021-07-27,0.023075960618052883,-0.022872487066514482,-0.021103263330161926,0.4014827424711989
2021-07-28,0.023236604379184345,-0.023038920655129896,-0.021181536235803697,0.4014827424711989
2021-07-29,0.023417501252065508,-0.02316635934033895,-0.02129401767471408,0.4014827424711989
2021-07-30,0.023179647431384922,-0.022855372442007343,-0.022056615517211678,0.4014827424711989
2021-08-02,0.022806042424319602,-0.02242473479964195,-0.022460287641318126,0.4014827424711989
2021-08-03,0.022678941496681152,-0.022282625529129275,-0.022447189100117722,0.4014827424711989
2021-08-04,0.022372256768824535,-0.022067848191356394,-0.021381021015724776,0.4014827424711989
2021-08-05,0.02255710605730632,-0.022314403569259737,-0.02002498911042485,0.4014827424711989
2021-08-06,0.023514819559594394,-0.023347652090247424,-0.020122883272899513,0.4014827424711989
2021-08-09,0.023713698196460634,-0.023593982271681708,-0.019834813613175937,0.4014827424711989
2021-08-10,0.023985388600866096,-0.023953153101596656,-0.019222833972152128,0.4014827424711989
2021-08-11,0.024052116988957144,-0.02395570681044383,-0.019888118825174675,0.4014827424711989
2021-08-12,0.024403941520416625,-0.024268112937032325,-0.020187607478669517,0.4014827424711989
2021-08-13,0.0233656866863626,-0.023269275984499353,-0.0193265073521018,0.4014827424711989
2021-08-16,0.02315797012860961,-0.022980300098287356,-0.020141593168246576,0.4014827424711989
2021-08-17,0.023067444857588906,-0.022917026466210466,-0.01948271187453594,0.4014827424711989
2021-08-18,0.023093602929118804,-0.023010183276906418,-0.01910850074781883,0.4014827424711989
2021-08-19,0.02263730750909558,-0.022566174897406838,-0.018623518425861553,0.4014827424711989
2021-08-20,0.02248680290601541,-0.02251619783653598,-0.017668904634329533,0.4014827424711989
2021-08-23,0.022515902465715408,-0.022455926340067774,-0.018209971118346827,0.4014827424711989
2021-08-24,0.02300462246152398,-0.023058649822593483,-0.018247392593892933,0.4014827424711989
2021-08-25,0.02364161290348291,-0.023667009760384296,-0.018337403608638857,0.4014827424711989
2021-08-26,0.02340127779794128,-0.023465563511581366,-0.017788829729910985,0.4014827424711989
2021-08-27,0.02322720774644362,-0.02322151599260992,-0.019037364471945654,0.4014827424711989
2021-08-30,0.023097954601833948,-0.023036123336668185,-0.019484368937445196,0.4014827424711989
2021-08-31,0.023407775958232204,-0.023395104794352143,-0.019866575395778557,0.4014827424711989
2021-09-01,0.023333258233765346,-0.023280147395335977,-0.01953205866442252,0.4014827424711989
2021-09-02,0.023117461263898898,-0.02302382205554617,-0.019369823957184076,0.4014827424711989
2021-09-03,0.023642897083907977,-0.023590947549511528,-0.019856577159109098,0.4014827424711989
2021-09-06,0.023642897083907977,-0.023590947549511528,-0.019856577159109098,0.4014827424711989
2021-09-07,0.024150036857427885,-0.02415251328409477,-0.0194875999429219,0.4014827424711989
2021-09-08,0.02372976769738628,-0.02366815078763621,-0.019409175361910426,0.4014827424711989
2021-09-09,0.023052854143523874,-0.022968970101189826,-0.018783732951801184,0.4014827424711989
2021-09-10,0.02348066004113635,-0.023427345103129247,-0.018557860205792476,0.4014827424711989
2021-09-13,0.02316746951374971,-0.023101095686379258,-0.01848233036664655,0.4014827424711989
2021-09-14,0.022403969739829607,-0.022444790686071192,-0.01757501545685679,0.4014827424711989
2021-09-15,0.02266077942966845,-0.02278744015578821,-0.017366003895182107,0.4014827424711989
2021-09-16,0.022821446584767747,-0.022943942406575556,-0.016713271820783235,0.4014827424711989
2021-09-17,0.023107757690987513,-0.02330667197058572,-0.016286377414754746,0.4014827424711989
2021-09-20,0.02237499713726697,-0.02249444336685828,-0.01625126782695332,0.4014827424711989
2021-09-21,0.022547808480489796,-0.022793365525626438,-0.01606682292973874,0.4014827424711989
2021-09-22,0.022063765055418568,-0.022353056559278144,-0.014529018081273017,0.4014827424711989
2021-09-23,0.023008937184353106,-0.023442058394016214,-0.01381823196169838,0.4014827424711989
2021-09-24,0.023872349741660998,-0.024277862503278583,-0.014340526021569749,0.4014827424711989
2021-09-27,0.023862926432547643,-0.024262264037257925,-0.013735634291205834,0.4014827424711989
2021-09-28,0.024892796847411764,-0.025245058799099638,-0.01498250761979284,0.4014827424711989
2021-09-29,0.025165904249521892,-0.025595766874287294,-0.015445007025534179,0.4014827424711989
2021-09-30,0.02509467120436886,-0.025384399485775526,-0.01643699020870615,0.4014827424711989
2021-10-01,0.024787271125481496,-0.024922093794271447,-0.017563144242503513,0.4014827424711989
2021-10-04,0.02479095372104671,-0.024905996728084214,-0.01709325952908893,0.4014827424711989
2021-10-05,0.025404471337073447,-0.02554174775712165,-0.017168698278831836,0.4014827424711989
2021-10-06,0.024988866423591063,-0.025296262975985757,-0.01571523312913596,0.4014827424711989
2021-10-07,0.02558906065999614,-0.026023219385432148,-0.015513502235524543,0.4014827424711989
2021-10-08,0.02592036888517989,-0.026438878303421825,-0.01523371831183791,0.4014827424711989
2021-10-11,0.02592036888517989,-0.026438878303421825,-0.01523371831183791,0.4014827424711989
2021-10-12,0.02492305751337213,-0.02549742973661395,-0.01245992588836859,0.4014827424711989
2021-10-13,0.024122917391863955,-0.02476680152621375,-0.010599232176134466,0.4014827424711989
2021-10-14,0.02389101304439954,-0.024381405329026655,-0.011702111251648162,0.4014827424711989
2021-10-15,0.024054122533732018,-0.024750807949655024,-0.008983744057270333,0.4014827424711989
2021-10-18,0.02348742126118962,-0.024222723745744995,-0.00718965277063609,0.4014827424711989
2021-10-19,0.024668840158134926,-0.02538897949951198,-0.00911286810410842,0.4014827424711989
2021-10-20,0.025057699489440626,-0.02573569082180995,-0.01028409328307475,0.4014827424711989
2021-10-21,0.024827332869227347,-0.025615360686927543,-0.007447851106238478,0.4014827424711989
2021-10-22,0.02413301682658334,-0.024918399946488017,-0.006164343945564732,0.4014827424711989
2021-10-25,0.02437733504179417,-0.02500141230458293,-0.007735337911841185,0.4014827424711989
2021-10-26,0.02380716263070499,-0.024521887808664246,-0.0064125763507485506,0.4014827424711989
2021-10-27,0.022415444003980697,-0.02310429919745938,-0.004780237372721522,0.4014827424711989
2021-10-28,0.02275439845370206,-0.023462663130575767,-0.004738833357811141,0.4014827424711989
2021-10-29,0.022588710197316963,-0.023310899673476774,-0.004744805332386843,0.4014827424711989
2021-11-01,0.022975361462723727,-0.023787290506750856,-0.00442963984264119,0.4014827424711989
2021-11-02,0.0228817055748471,-0.023567139493451163,-0.006026333554861529,0.4014827424711989
2021-11-03,0.023258856814721666,-0.023989799015611896,-0.0053977237979614635,0.4014827424711989
2021-11-04,0.023048457465859526,-0.023652969866938024,-0.008104869148570629,0.4014827424711989
2021-11-05,0.0220501821466793,-0.02253041237385528,-0.00817252586229506,0.4014827424711989
2021-11-08,0.021964572315026718,-0.022641859110936382,-0.004826605006079635,0.4014827424711989
2021-11-09,0.02143365674846959,-0.022152453900013476,-0.005465671832614904,0.4014827424711989
2021-11-10,0.0220848121694367,-0.02289917778835544,-0.0021726034608948756,0.4014827424711989
2021-11-11,0.0220848121694367,-0.02289917778835544,-0.0021726034608948756,0.4014827424711989
2021-11-12,0.022377024093706493,-0.023242252884232793,-0.0020109947267850847,0.4014827424711989
2021-11-15,0.023141653371149304,-0.024007815907228502,-0.0026127106590339037,0.4014827424711989
2021-11-16,0.023240542889298887,-0.02410210559468372,-0.002616971474925729,0.4014827424711989
2021-11-17,0.023060791924898082,-0.023869162871602068,-0.0032480071761783872,0.4014827424711989
2021-11-18,0.022811108110722775,-0.02336919762857654,-0.00375519959794787,0.4014827424711989
2021-11-19,0.02190999115865725,-0.022543157569521317,-0.0020999060255695017,0.4014827424711989
2021-11-22,0.02231808773244214,-0.02325656507504124,0.0013399013266753561,0.4014827424711989
2021-11-23,0.022990993027663303,-0.02392562829839831,0.00030972836069945425,0.4014827424711989
2021-11-24,0.022192629709692747,-0.022747325536835172,0.001529756320149408,0.4014827424711989
2021-11-25,0.022192629709692747,-0.022747325536835172,0.001529756320149408,0.4014827424711989
2021-11-26,0.02116254370448605,-0.02153183781677106,-0.0026999175646336246,0.4014827424711989
2021-11-29,0.021569414562118677,-0.022103001127096435,-0.0023516947856787743,0.4014827424711989
2021-11-30,0.02044928564174444,-0.020744204987721185,-0.001880228462978831,0.4014827424711989
2021-12-01,0.020106290871753876,-0.020453471907160996,-0.0004688311686498175,0.4014827424711989
2021-12-02,0.019778995154329525,-0.020420352695892374,0.002478078570968289,0.4014827424711989
2021-12-03,0.01886171932726118,-0.019373430512854527,0.0016864599872733624,0.4014827424711989
2021-12-06,0.01945709378748296,-0.020013772891596338,0.003155219611738166,0.4014827424711989
2021-12-07,0.019736840991487762,-0.020235724983458627,0.004623080197359325,0.4014827424711989
2021-12-08,0.020608740801360492,-0.02117189251904069,0.0031855556224374337,0.4014827424711989
2021-12-09,0.020402247390562303,-0.021035677416961295,0.003422311380584888,0.4014827424711989
2021-12-10,0.020564337032726133,-0.02116301627219899,0.0026033545350105554,0.4014827424711989
2021-12-13,0.019803705488489608,-0.02050321410063342,0.0029902266869187566,0.4014827424711989
2021-12-14,0.01987035627889588,-0.020549374536291305,0.003509421842428648,0.4014827424711989
2021-12-15,0.020276732447096785,-0.020903689876106996,0.003623703828650759,0.4014827424711989
2021-12-16,0.020734489247672103,-0.02117357328584168,0.00014234021028475263,0.4014827424711989
2021-12-17,0.020038957843586037,-0.020509812826481445,0.0014354506855769793,0.4014827424711989
2021-12-20,0.02055712635601226,-0.020830565739413144,-0.00010823708462739945,0.4014827424711989
2021-12-21,0.020688489463884276,-0.021071988533055915,0.0018794812865613958,0.4014827424711989
2021-12-22,0.020352145072737853,-0.020728101799085224,0.002089456957576559,0.4014827424711989
2021-12-23,0.020914526881298325,-0.0211913504150592,0.0017963639446006664,0.4014827424711989
2021-12-24,0.020914526881298325,-0.0211913504150592,0.0017963639446006664,0.4014827424711989
2021-12-27,0.020396451143932282,-0.020605575517215216,0.0031045908462697565,0.4014827424711989
2021-12-28,0.020597225602926598,-0.020773173908889636,0.0029529949386565123,0.4014827424711989
2021-12-29,0.021368518786414343,-0.021744379718795108,0.002783562129744577,0.4014827424711989
2021-12-30,0.021109587136435508,-0.021256116060282514,0.002043580019398335,0.4014827424711989
2021-12-31,0.02077296895522411,-0.020890456047064205,0.0025097098459255073,0.4014827424711989
2022-01-03,0.021906368482040906,-0.022085166818823387,0.003646281841912055,0.4014827424711989
2022-01-04,0.022753621245690026,-0.022885509763873907,0.0019005809614100486,0.4014827424711989
2022-01-05,0.0226575943379085,-0.022897076195412636,0.004536723768144374,0.4014827424711989
2022-01-06,0.022370442576239016,-0.022632878068862952,0.006739353035251839,0.4014827424711989
2022-01-07,0.022691008627433583,-0.022988040236634116,0.006825850851075035,0.4014827424711989
2022-01-10,0.022492446247319043,-0.02260121156297318,0.008139038504127956,0.4014827424711989
2022-01-11,0.022135239565720412,-0.022334383479284365,0.008514735778924382,0.4014827424711989
2022-01-12,0.022105566221304208,-0.02221514189621593,0.008237845418289931,0.4014827424711989
2022-01-13,0.02182133752913268,-0.02181582539967957,0.007566334118171216,0.4014827424711989
2022-01-14,0.02239540489759283,-0.022384610330361817,0.009414191445362685,0.4014827424711989
2022-01-17,0.02239540489759283,-0.022384610330361817,0.009414191445362685,0.4014827424711989
2022-01-18,0.02277296103167519,-0.022573578508542243,0.011821963914879123,0.4014827424711989
2022-01-19,0.0223531188488421,-0.022109455599741486,0.011474340250808596,0.4014827424711989
2022-01-20,0.022166468101351637,-0.02186084566303128,0.012088096371917411,0.4014827424711989
2022-01-21,0.021627919982516803,-0.021242024550908185,0.010404887277003224,0.4014827424711989
2022-01-24,0.022100583752799975,-0.021467675200369712,0.008542058226857285,0.4014827424711989
2022-01-25,0.022216545870206817,-0.021537579233693645,0.009609306745840408,0.4014827424711989
2022-01-26,0.02217472134710861,-0.021564340769545148,0.013336091267578586,0.4014827424711989
2022-01-27,0.021085104009573735,-0.0203848648111016,0.015755614308872526,0.4014827424711989
2022-01-28,0.020973475759751163,-0.020201049242058483,0.014388925906112467,0.4014827424711989
2022-01-31,0.021332451388225964,-0.020257211645175743,0.013786456525692398,0.4014827424711989
2022-02-01,0.021518869600132967,-0.020552084628957943,0.013875566485709577,0.4014827424711989
2022-02-02,0.02140747976360245,-0.02050133425970089,0.013336656143198646,0.4014827424711989
2022-02-03,0.021588411377711468,-0.020679496696603523,0.014595707917212802,0.4014827424711989
2022-02-04,0.022144688126961146,-0.020899735201428134,0.017563981646504585,0.4014827424711989
2022-02-07,0.022097842503811364,-0.02071601533074158,0.01690062611773179,0.4014827424711989
2022-02-08,0.022202681824852882,-0.020919911091164367,0.01870318723590411,0.4014827424711989
2022-02-09,0.022104724785977692,-0.020800668259501307,0.018945675389590962,0.4014827424711989
2022-02-10,0.021691972562810247,-0.0193183266635541,0.024418594241073645,0.4014827424711989
2022-02-11,0.02135153399501842,-0.01912575404490462,0.021175074231432847,0.4014827424711989
2022-02-14,0.021635263500701482,-0.01906144390121387,0.02269501767224362,0.4014827424711989
2022-02-15,0.02261103823878853,-0.020365839535096388,0.02236185831771132,0.4014827424711989
2022-02-16,0.022507606947944406,-0.020402437957833527,0.021249430066162672,0.4014827424711989
2022-02-17,0.022284955495332274,-0.020121315010863686,0.01962210640077389,0.4014827424711989
2022-02-18,0.021531125528732528,-0.019521918304916945,0.0202802359391747,0.4014827424711989
2022-02-21,0.021531125528732528,-0.019521918304916945,0.0202802359391747,0.4014827424711989
2022-02-22,0.021157291920095137,-0.018702912215727015,0.022395952009280903,0.4014827424711989
2022-02-23,0.021643116466681787,-0.019400531171106017,0.02324074565891712,0.4014827424711989
2022-02-24,0.021877460261250578,-0.0198467285338855,0.021256752007911165,0.4014827424711989
2022-02-25,0.02184433448728208,-0.01965651860965341,0.02196358521942987,0.4014827424711989
2022-02-28,0.02104860554483086,-0.018628252221284787,0.01771954031456618,0.4014827424711989
2022-03-01,0.02107378852801101,-0.018625436509034688,0.01226189042215728,0.4014827424711989
2022-03-02,0.021738187356622907,-0.019016662278110587,0.017230113355544297,0.4014827424711989
2022-03-03,0.021739539666592266,-0.018578255746626932,0.016677735629457232,0.4014827424711989
2022-03-04,0.020769485084761133,-0.01772696423001995,0.015768112209660776,0.4014827424711989
2022-03-07,0.02110208622407966,-0.017778500556855988,0.016728324553938002,0.4014827424711989
2022-03-08,0.021248716018688576,-0.018235480498268966,0.020222101403164865,0.4014827424711989
2022-03-09,0.021659065324922434,-0.018521518043126014,0.021502970094393295,0.4014827424711989
2022-03-10,0.02245344699714282,-0.019227875245387153,0.0216158170604419,0.4014827424711989
2022-03-11,0.022114102891409797,-0.018913014342657436,0.023579530941791854,0.4014827424711989
2022-03-14,0.023063681190050946,-0.019434035846584923,0.0259055222301516,0.4014827424711989
2022-03-15,0.02331253654037576,-0.0196774926165107,0.0253376647070813,0.4014827424711989
2022-03-16,0.022503890170467805,-0.018977444527628343,0.030082543110759682,0.4014827424711989
2022-03-17,0.022998694600983843,-0.019934852496923585,0.029725536370391457,0.4014827424711989
2022-03-18,0.0219262368188808,-0.01876787793912684,0.030991827558948228,0.4014827424711989
2022-03-21,0.022915017411190387,-0.01912275340554595,0.03481777598857685,0.4014827424711989
2022-03-22,0.02309618346695313,-0.01925257707556045,0.036895986557281844,0.4014827424711989
2022-03-23,0.022394854456761915,-0.01891143554867787,0.03685024470099063,0.4014827424711989
2022-03-24,0.02214564419955746,-0.018521348774473798,0.0379106467542622,0.4014827424711989
2022-03-25,0.022569036180084788,-0.01884741015535208,0.04317934437935265,0.4014827424711989
2022-03-28,0.022094299454614504,-0.017939226227389523,0.0437995784383756,0.4014827424711989
2022-03-29,0.021570067638681696,-0.017586852575883605,0.04396289645979281,0.4014827424711989
2022-03-30,0.02111073690657672,-0.017192354578808067,0.04299419032003855,0.4014827424711989
2022-03-31,0.020743870937319105,-0.016815323874182997,0.0426208856082953,0.4014827424711989
2022-04-01,0.019923584215037808,-0.016139618918143087,0.04931949841268136,0.4014827424711989
2022-04-04,0.02065404076020303,-0.016171489149361125,0.046895481382813374,0.4014827424711989
2022-04-05,0.02143703036055924,-0.01719135246121954,0.04976803013537174,0.4014827424711989
2022-04-06,0.022466755508752958,-0.017953116308949205,0.047834207253939,0.4014827424711989
2022-04-07,0.02340735769294013,-0.018874571952471202,0.04620762080886321,0.4014827424711989
2022-04-08,0.023993542009146267,-0.019369750350428892,0.047243986857538875,0.4014827424711989
2022-04-11,0.025197895908094344,-0.02011183203943984,0.04495959370994423,0.4014827424711989
2022-04-12,0.02557223258153897,-0.020518200435731992,0.03987121455267,0.4014827424711989
2022-04-13,0.02549497484446657,-0.020177840174938552,0.03902821575904676,0.4014827424711989
2022-04-14,0.02666808237430747,-0.020790631675021123,0.0399375051323668,0.4014827424711989
2022-04-15,0.02666808237430747,-0.020790631675021123,0.0399375051323668,0.4014827424711989
2022-04-18,0.02711303434558267,-0.021065060388233497,0.03895105292291952,0.4014827424711989
2022-04-19,0.027159163499967106,-0.021192929668546464,0.043526671963947335,0.4014827424711989
2022-04-20,0.025763160214392365,-0.01979535414129378,0.044760503830835484,0.4014827424711989
2022-04-21,0.026021366837283667,-0.01940258474377612,0.045876558150828126,0.4014827424711989
2022-04-22,0.026028024466313898,-0.01937004432604375,0.046164125247700374,0.4014827424711989
2022-04-25,0.02551649026553978,-0.018443017420761956,0.04311958130026694,0.4014827424711989
2022-04-26,0.025496697147959574,-0.018779544161278534,0.04158386828243802,0.4014827424711989
2022-04-27,0.026019477415910534,-0.01947480745271287,0.042034940714571534,0.4014827424711989
2022-04-28,0.025890732841233638,-0.019368903841560085,0.04414539311362417,0.4014827424711989
2022-04-29,0.026038948640153242,-0.019353180600326064,0.045932646569860694,0.4014827424711989
2022-05-02,0.02742425512552328,-0.02033669826760491,0.045174318700079194,0.4014827424711989
2022-05-03,0.026733505560746957,-0.01937868502317608,0.046378654679671984,0.4014827424711989
2022-05-04,0.027203418359884386,-0.01987440747626403,0.042326880680439966,0.4014827424711989
2022-05-05,0.028740999340317777,-0.021834990815041054,0.042898230949579265,0.4014827424711989
2022-05-06,0.029690323313172798,-0.02278573435275212,0.04262820932891733,0.4014827424711989
2022-05-09,0.02990370576734129,-0.02249150668689832,0.03724554186112287,0.4014827424711989
2022-05-10,0.02900825770023297,-0.021355986213802046,0.03760882751420436,0.4014827424711989
2022-05-11,0.02805823623641042,-0.020272089563037693,0.03841871957556455,0.4014827424711989
2022-05-12,0.02804072981040137,-0.019849113253821098,0.034700397732707625,0.4014827424711989
2022-05-13,0.029168059556823084,-0.02041487777778131,0.034252304088415106,0.4014827424711989
2022-05-16,0.029127001272894384,-0.01995018089211595,0.032064325627958655,0.4014827424711989
2022-05-17,0.029270201991833274,-0.020280704585214058,0.03684677224461881,0.4014827424711989
2022-05-18,0.027935392800267748,-0.019160053477619433,0.03760565326231982,0.4014827424711989
2022-05-19,0.02821354035595446,-0.019082467234095984,0.034309077421457376,0.4014827424711989
2022-05-20,0.027528182177140165,-0.018566401598485993,0.03423513144729816,0.4014827424711989
2022-05-23,0.02831781989101919,-0.019463775015239552,0.035673375904219165,0.4014827424711989
2022-05-24,0.02775650770296869,-0.01895541950303979,0.03225904842022128,0.4014827424711989
2022-05-25,0.027800208759788343,-0.01882867322669665,0.03064248430899978,0.4014827424711989
2022-05-26,0.02843600160116027,-0.018906268873686377,0.027848535011009416,0.4014827424711989
2022-05-27,0.028072877786464695,-0.018541574194608373,0.028913981471164807,0.4014827424711989
2022-05-30,0.028072877786464695,-0.018541574194608373,0.028913981471164807,0.4014827424711989
2022-05-31,0.029273753610366136,-0.019097923340033185,0.02881159585849487,0.4014827424711989
2022-06-01,0.028941419748088493,-0.018860876171220266,0.034052589229577435,0.4014827424711989
2022-06-02,0.029073149411943413,-0.018536318623900157,0.032171143598329004,0.4014827424711989
2022-06-03,0.029335203577924712,-0.018511555293866333,0.03237050627242791,0.4014827424711989
2022-06-06,0.030072399720876133,-0.01892800056533458,0.03321824578022777,0.4014827424711989
2022-06-07,0.02926669105374033,-0.01800355914272304,0.0335876626096084,0.4014827424711989
2022-06-08,0.029811686607991168,-0.0183579100690549,0.033579299352124704,0.4014827424711989
2022-06-09,0.029754231748796434,-0.01748154714744349,0.03343810494471263,0.4014827424711989
2022-06-10,0.02907820477852089,-0.0159015299634591,0.0404374184173202,0.4014827424711989
2022-06-13,0.030511011604616528,-0.01542155173039424,0.04643700069018412,0.4014827424711989
2022-06-14,0.0307512370320874,-0.014277147216629366,0.046283123908266784,0.4014827424711989
2022-06-15,0.03118775645087862,-0.015057481345061694,0.03732650474045717,0.4014827424711989
2022-06-16,0.03062261792243658,-0.0153542938186992,0.038550933072344896,0.4014827424711989
2022-06-17,0.029904863488169772,-0.014674772350029204,0.039979200436221635,0.4014827424711989
2022-06-20,0.029904863488169772,-0.014674772350029204,0.039979200436221635,0.4014827424711989
2022-06-21,0.030883967762525593,-0.015015394611922018,0.03868229698853102,0.4014827424711989
2022-06-22,0.0296512256372926,-0.014574601401561759,0.036852300566142984,0.4014827424711989
2022-06-23,0.02969922345443544,-0.013648835546752322,0.03219842303499718,0.4014827424711989
2022-06-24,0.03044807313573981,-0.013601907635650876,0.030436785035418558,0.4014827424711989
2022-06-27,0.03080024653799808,-0.013789251121539458,0.03206324312797829,0.4014827424711989
2022-06-28,0.030567475148536378,-0.013776251330025215,0.03314475603732788,0.4014827424711989
2022-06-29,0.029749593900202844,-0.012786932824835357,0.031458112451004376,0.4014827424711989
2022-06-30,0.029612419789595137,-0.01217184920175929,0.025574430443549526,0.4014827424711989
2022-07-01,0.029758819154544498,-0.01196040069455501,0.02054452383145136,0.4014827424711989
2022-07-04,0.029758819154544498,-0.01196040069455501,0.02054452383145136,0.4014827424711989
2022-07-05,0.02949048087222202,-0.010616759558287526,0.0174247435707681,0.4014827424711989
2022-07-06,0.030004626026831484,-0.011127463893722416,0.021512536592932598,0.4014827424711989
2022-07-07,0.030610005318527252,-0.010867768249033637,0.021208603983904357,0.4014827424711989
2022-07-08,0.031145235434754556,-0.011124146387165225,0.02300489824848472,0.4014827424711989
2022-07-11,0.030341302414882813,-0.0091235410797956,0.01980348655213354,0.4014827424711989
2022-07-12,0.029818567041751138,-0.008078672632516484,0.018833131058339725,0.4014827424711989
2022-07-13,0.02916776490725988,-0.005557676435448423,0.01804242066520674,0.4014827424711989
2022-07-14,0.02972590392786209,-0.005535017961551331,0.016579540108000414,0.4014827424711989
2022-07-15,0.029591168757094926,-0.005542436441676948,0.016321639199582183,0.4014827424711989
2022-07-18,0.03021564963116901,-0.005556743644208322,0.014693635505258448,0.4014827424711989
2022-07-19,0.03016448690503128,-0.005521186086120586,0.017502682552193533,0.4014827424711989
2022-07-20,0.030071453549584536,-0.005669516314849866,0.019269646276198586,0.4014827424711989
2022-07-21,0.030033823589912457,-0.0046766374538839426,0.011245991745601619,0.4014827424711989
2022-07-22,0.029543360000395497,-0.00409059592514729,0.0069267170692145896,0.4014827424711989
2022-07-25,0.030047458953345606,-0.0038931766540086445,0.006129761005582861,0.4014827424711989
2022-07-26,0.02979265379895365,-0.003930455349976839,0.0073486868405942055,0.4014827424711989
2022-07-27,0.029997600073346804,-0.004778803330052606,0.005799929638549134,0.4014827424711989
2022-07-28,0.030422900228683474,-0.004869267595189077,-0.0002734288489774238,0.4014827424711989
2022-07-29,0.029930788746186432,-0.004266782480517593,0.0011503515372374535,0.4014827424711989
2022-08-01,0.02901816786242756,-0.0026460239979396714,0.00047837284062222777,0.4014827424711989
2022-08-02,0.029211772111826753,-0.0029942216430735966,0.007092503327834356,0.4014827424711989
2022-08-03,0.028365950634546316,-0.0023230358149757225,0.009591082431624065,0.4014827424711989
2022-08-04,0.028736903800906224,-0.002649074037600895,0.005836819143403221,0.4014827424711989
2022-08-05,0.02896256806037145,-0.0023454682274811458,0.012144085231831171,0.4014827424711989
2022-08-08,0.028503380860033838,-0.0013043620759131984,0.010258570194460203,0.4014827424711989
2022-08-09,0.02835330555215885,-0.0011328710013491941,0.012495277886714723,0.4014827424711989
2022-08-10,0.029074546766049675,-0.0019324914253868283,0.009428995684309866,0.4014827424711989
2022-08-11,0.030432943801611705,-0.0036199030385347802,0.009012347668251385,0.4014827424711989
2022-08-12,0.029872248329492927,-0.002906234462876163,0.009819351728778517,0.4014827424711989
2022-08-15,0.029936007436579204,-0.0024165581267574796,0.006644812426530462,0.4014827424711989
2022-08-16,0.029714884816819092,-0.002391170806524501,0.009034537962728984,0.4014827424711989
2022-08-17,0.029980401021173508,-0.002996009800634836,0.011873975745055705,0.4014827424711989
2022-08-18,0.030093821533086085,-0.003062927396357847,0.010325302460587434,0.4014827424711989
2022-08-19,0.03102610286424053,-0.003917629053096086,0.01098181039516339,0.4014827424711989
2022-08-22,0.03114226247791473,-0.0034610574123269833,0.012190733038074142,0.4014827424711989
2022-08-23,0.031460795280109324,-0.003940810728298209,0.01177961179594871,0.4014827424711989
2022-08-24,0.03201623804408745,-0.004147768580371367,0.0120871287040796,0.4014827424711989
2022-08-25,0.03137216972533435,-0.002788778709433881,0.009916764086367949,0.4014827424711989
2022-08-26,0.03069585499269564,-0.0022689338911214066,0.012724603908584486,0.4014827424711989
2022-08-29,0.031230214560765947,-0.00216655960853527,0.012938847385839973,0.4014827424711989
2022-08-30,0.03081071775024074,-0.0017943073813865209,0.014481353237154522,0.4014827424711989
2022-08-31,0.0313102067667892,-0.00241870729118499,0.014397446572107873,0.4014827424711989
2022-09-01,0.03255434929218042,-0.0032293824467298504,0.014179534702139653,0.4014827424711989
2022-09-02,0.03268949594709758,-0.003510417879561439,0.011035267463681303,0.4014827424711989
2022-09-05,0.03268949594709758,-0.003510417879561439,0.011035267463681303,0.4014827424711989
2022-09-06,0.03385722637196779,-0.004309753559111326,0.012821876643758931,0.4014827424711989
2022-09-07,0.03302369586868679,-0.003789303891742426,0.01324099720897057,0.4014827424711989
2022-09-08,0.03358297220144116,-0.003309881812068431,0.010783117930599901,0.4014827424711989
2022-09-09,0.03345341206338095,-0.0029077781671363067,0.012995700072628376,0.4014827424711989
2022-09-12,0.03430580385969191,-0.0030902451069731917,0.010781944926514166,0.4014827424711989
2022-09-13,0.03316534284200825,-0.001244177379674154,0.016783187218007367,0.4014827424711989
2022-09-14,0.03249795735542459,-0.0007370101288597872,0.01908850683028755,0.4014827424711989
2022-09-15,0.03259067543584942,-5.789869741917777e-05,0.019636133261666508,0.4014827424711989
2022-09-16,0.03318788264991954,-0.0009866502443079228,0.018076289269813837,0.4014827424711989
2022-09-19,0.0326282616870049,0.00015220117722413579,0.02110737426997844,0.4014827424711989
2022-09-20,0.03330781548615784,-0.0009766231940538375,0.02240068679910708,0.4014827424711989
2022-09-21,0.031768022335858466,0.0005529570672270813,0.025583850952209816,0.4014827424711989
2022-09-22,0.03350303706181426,-0.0010370763778254806,0.027219474182209245,0.4014827424711989
2022-09-23,0.032368730801950595,-0.00037826854560946664,0.032366225353659815,0.4014827424711989
2022-09-26,0.03365815950476751,-0.0010764095842887862,0.03461091678237884,0.4014827424711989
2022-09-27,0.03537096018651172,-0.0031531518740779874,0.03381002810147346,0.4014827424711989
2022-09-28,0.03443490968622361,-0.0020818850037940917,0.025295155627279044,0.4014827424711989
2022-09-29,0.03443541498681629,-0.0018046667827528251,0.026818296149949843,0.4014827424711989
2022-09-30,0.03510495300899858,-0.0024115397197617986,0.02816600639600275,0.4014827424711989
2022-10-03,0.03500139478034579,-0.0010523126897330234,0.020673015721997683,0.4014827424711989
2022-10-04,0.03458046727785501,-0.00011255652025383804,0.019334969692626387,0.4014827424711989
2022-10-05,0.03543226360200515,-0.0012636076313360016,0.02201643105217509,0.4014827424711989
2022-10-06,0.035660262339776296,-0.0008792813444498939,0.023178476237426464,0.4014827424711989
2022-10-07,0.03582339778915673,-0.0011200342294613507,0.026065242671943843,0.4014827424711989
2022-10-10,0.03582339778915673,-0.0011200342294613507,0.026065242671943843,0.4014827424711989
2022-10-11,0.036928263999811695,-0.000994301414364452,0.02200959166749499,0.4014827424711989
2022-10-12,0.0368436596379058,-0.0007841108782200732,0.021156487992123645,0.4014827424711989
2022-10-13,0.0373008958756454,0.0006876489727896343,0.021111442143383202,0.4014827424711989
2022-10-14,0.03730619662486722,0.0005537039329665356,0.02262166382036837,0.4014827424711989
2022-10-17,0.0381400434418213,0.0005194600377327278,0.019202320971914228,0.4014827424711989
2022-10-18,0.03814014092392574,0.0006601466020830938,0.01818310319802473,0.4014827424711989
2022-10-19,0.039014323232807006,0.0001755241220373644,0.020730507535846862,0.4014827424711989
2022-10-20,0.04014960601566168,0.00014683281236320313,0.019632008561178044,0.4014827424711989
2022-10-21,0.04189582537515291,-0.001613771542426676,0.01238078398988413,0.4014827424711989
2022-10-24,0.042762793267172555,-0.0018569675134495565,0.01033806549458196,0.4014827424711989
2022-10-25,0.04121854860757715,-0.00029140106261784336,0.009495357350759107,0.4014827424711989
2022-10-26,0.040460632808183426,0.0001704377676148938,0.009711751791584134,0.4014827424711989
2022-10-27,0.04050725677713857,0.0011444687795883202,0.0035934281966914844,0.4014827424711989
2022-10-28,0.04056081563414462,0.0012885178640584956,0.006610378940923877,0.4014827424711989
2022-10-31,0.040948714641916815,0.001162699014452425,0.008689301379989203,0.4014827424711989
2022-11-01,0.03973236219569046,0.002465969070467729,0.011508889810171683,0.4014827424711989
2022-11-02,0.03969869792313032,0.002313784237775447,0.013478256046076425,0.4014827424711989
2022-11-03,0.03960654405060004,0.0025887736850168487,0.015783899585763466,0.4014827424711989
2022-11-04,0.04088914146391794,0.0011390520205538674,0.012730667096381855,0.4014827424711989
2022-11-07,0.04158823255955005,0.0010940940445555523,0.01217724104331993,0.4014827424711989
2022-11-08,0.040838702485063064,0.001414094016187503,0.01178215066226613,0.4014827424711989
2022-11-09,0.041512871804811585,0.0008081984141663982,0.0088393777880742,0.4014827424711989
2022-11-10,0.039598737897349336,0.003080781632141368,0.00047169509004835907,0.4014827424711989
2022-11-11,0.039598737897349336,0.003080781632141368,0.00047169509004835907,0.4014827424711989
2022-11-14,0.039879820185159356,0.003067147387610016,0.0016686684902377533,0.4014827424711989
2022-11-15,0.03907176345303044,0.004009532384968962,0.0005721246819845985,0.4014827424711989
2022-11-16,0.037333292351414464,0.006112937295317652,0.000509326175816406,0.4014827424711989
2022-11-17,0.037774532824015966,0.0060808649521838145,0.0022805918676315627,0.4014827424711989
2022-11-18,0.03781300771433436,0.00619909900260958,0.00427349656996849,0.4014827424711989
2022-11-21,0.037935113147184854,0.006561315436578574,0.00330630207594691,0.4014827424711989
2022-11-22,0.0369178779578643,0.007785548538831727,0.0033386562870686186,0.4014827424711989
2022-11-23,0.036204618830608014,0.00903511465085492,0.0019514561989003865,0.4014827424711989
2022-11-24,0.036204618830608014,0.00903511465085492,0.0019514561989003865,0.4014827424711989
2022-11-25,0.03640878307287465,0.009128430606923392,-0.00013443869034828436,0.4014827424711989
2022-11-28,0.03618705244447564,0.009232254857412022,0.0015040070649048082,0.4014827424711989
2022-11-29,0.036818742858990616,0.008356148516751916,0.0021267466832202864,0.4014827424711989
2022-11-30,0.03714086417586444,0.008105298142354998,-0.002132818465265727,0.4014827424711989
2022-12-01,0.03574550607726959,0.009216360294055221,-0.004145254360775848,0.4014827424711989
2022-12-02,0.03454245855556098,0.009938955075086742,-0.000601889173604128,0.4014827424711989
2022-12-05,0.034591617068658514,0.010106502545478818,0.0035093203792362446,0.4014827424711989
2022-12-06,0.03369963621399612,0.010875705267045697,0.0028979205637906856,0.4014827424711989
2022-12-07,0.032663584407641326,0.011353790790445921,0.0024369432493329384,0.4014827424711989
2022-12-08,0.03267221837476202,0.010975493075920788,0.005894665283880055,0.4014827424711989
2022-12-09,0.034212807155701554,0.009791530989516503,0.00378471655646396,0.4014827424711989
2022-12-12,0.03431483783522003,0.01023448254845454,0.004195931576101545,0.4014827424711989
2022-12-13,0.03430077801766893,0.010165892112597563,-0.0010045747250118763,0.4014827424711989
2022-12-14,0.034258539275541074,0.010212589533700809,-0.001399175104734474,0.4014827424711989
2022-12-15,0.03366076064706214,0.011091421581169079,-0.0012518381151799393,0.4014827424711989
2022-12-16,0.03454674859985797,0.009977827057874544,-0.003215562513993679,0.4014827424711989
2022-12-19,0.03538867051605538,0.009355650974966427,-0.00214203199222906,0.4014827424711989
2022-12-20,0.03676006448411418,0.0074957890075391005,-0.0013476030061160098,0.4014827424711989
2022-12-21,0.0368811519318884,0.007224041568925172,-0.002199711576375105,0.4014827424711989
2022-12-22,0.03639285221667904,0.007405653737121551,-4.0430164001494396e-05,0.4014827424711989
2022-12-23,0.037165600822709026,0.006560417650339109,0.001105708153435918,0.4014827424711989
2022-12-26,0.037165600822709026,0.006560417650339109,0.001105708153435918,0.4014827424711989
2022-12-27,0.03851539793600514,0.006146921653950631,-0.0004256633440829962,0.4014827424711989
2022-12-28,0.0390701587070888,0.005404806102154033,-0.0005553925604551626,0.4014827424711989
2022-12-29,0.03862640922576233,0.006538488058850583,-0.0021346989424018145,0.4014827424711989
2022-12-30,0.03905630067589394,0.006344972709425877,-0.0014458152303444259,0.4014827424711989
2023-01-02,0.03905630067589394,0.006344972709425877,-0.0014458152303444259,0.4014827424711989
2023-01-03,0.0382020902303868,0.007874607736576084,-0.0029270809207061557,0.4014827424711989
2023-01-04,0.03749578991918337,0.008947012818376293,-0.005126194277873578,0.4014827424711989
2023-01-05,0.03703265876307186,0.01026083097979167,-0.003808483380713408,0.4014827424711989
2023-01-06,0.0366878968196866,0.010998752933233493,-0.011205949644238197,0.4014827424711989
2023-01-09,0.03687383759717341,0.011255757764574716,-0.013622985698150358,0.4014827424711989
2023-01-10,0.03784072939888703,0.010608028866614543,-0.014142622935694706,0.4014827424711989
2023-01-11,0.037122175381844494,0.011381928335476958,-0.014774001003657045,0.4014827424711989
2023-01-12,0.0363890310102036,0.012402479753592772,-0.018385131928594867,0.4014827424711989
2023-01-13,0.036649818355104585,0.012149213971584093,-0.016042912711728884,0.4014827424711989
2023-01-16,0.036649818355104585,0.012149213971584093,-0.016042912711728884,0.4014827424711989
2023-01-17,0.037263118899886566,0.011844507318392126,-0.01793890259259119,0.4014827424711989
2023-01-18,0.03623246903308776,0.012976938196483968,-0.021667776717145662,0.4014827424711989
2023-01-19,0.03661241414604878,0.013018409444555786,-0.022014254759382044,0.4014827424711989
2023-01-20,0.0374363299328991,0.01216391819645362,-0.020871343678091948,0.4014827424711989
2023-01-23,0.037538254384789145,0.012081391035459882,-0.019185906078170886,0.4014827424711989
2023-01-24,0.03684362149692237,0.012847090064028784,-0.019551177122720857,0.4014827424711989
2023-01-25,0.03700131821126893,0.012450424748997817,-0.020148991834159104,0.4014827424711989
2023-01-26,0.03672573468850424,0.012377260048271839,-0.017428743852789044,0.4014827424711989
2023-01-27,0.03690014694364889,0.01224122060989695,-0.016763487126677072,0.4014827424711989
2023-01-30,0.03679833002198158,0.012228945893795817,-0.014417830355451002,0.4014827424711989
2023-01-31,0.03689433918561637,0.011996072365817049,-0.015959770164557692,0.4014827424711989
2023-02-01,0.03618466198505006,0.012881667900787616,-0.02002305969500039,0.4014827424711989
2023-02-02,0.03624292749017093,0.012795221154017128,-0.020028073165844183,0.4014827424711989
2023-02-03,0.03627931128242623,0.012867176027739556,-0.013280133003839375,0.4014827424711989
2023-02-06,0.03614846323911748,0.012997946004487044,-0.008182552992997801,0.4014827424711989
2023-02-07,0.03668317745400169,0.01249787847219684,-0.008021956894010572,0.4014827424711989
2023-02-08,0.03661981105024691,0.012708743795062823,-0.009277936953936791,0.4014827424711989
2023-02-09,0.037028482385696636,0.012528187562973695,-0.008832761434177137,0.4014827424711989
2023-02-10,0.037821046943838935,0.011686879111043219,-0.008474136025812899,0.4014827424711989
2023-02-13,0.037195345548150675,0.012662775941393626,-0.007611387639500158,0.4014827424711989
2023-02-14,0.036900841051401775,0.01273306847984282,-0.0037303405104308993,0.4014827424711989
2023-02-15,0.037273878810668376,0.01221028712877194,-0.0031229707330233682,0.4014827424711989
2023-02-16,0.03831118267824331,0.011499872853917445,-0.004947153061505016,0.4014827424711989
2023-02-17,0.03783745194993606,0.011984694037382773,-0.004931387339644514,0.4014827424711989
2023-02-20,0.03783745194993606,0.011984694037382773,-0.004931387339644514,0.4014827424711989
2023-02-21,0.03872712457043031,0.01119293485294804,-0.0024829182363741487,0.4014827424711989
2023-02-22,0.03830493830424027,0.011547436769216445,-0.0020659989364100713,0.4014827424711989
2023-02-23,0.037742969306281446,0.012185910661673845,-0.002527779146436781,0.4014827424711989
2023-02-24,0.03795306207226504,0.011982110917920515,0.0006080891628511644,0.4014827424711989
2023-02-27,0.03805360705956877,0.012322778288384257,-0.0010309327863964849,0.4014827424711989
2023-02-28,0.03784503758351521,0.012366056356318312,2.1930479310453173e-05,0.4014827424711989
2023-03-01,0.038149627023701047,0.012126919816188412,0.0027088685250959985,0.4014827424711989
2023-03-02,0.03909405118836698,0.011336757761424187,0.001819680695103992,0.4014827424711989
2023-03-03,0.037563234086007216,0.01292624993335986,0.0025087814662201756,0.4014827424711989
2023-03-06,0.037738276935847345,0.012964687855165986,0.0023657615376758206,0.4014827424711989
2023-03-07,0.03691016035780141,0.01483510637325836,0.004115501565395801,0.4014827424711989
2023-03-08,0.03661301895283454,0.01511463866008302,0.006053593049303936,0.4014827424711989
2023-03-09,0.037397263418655555,0.01465124953932687,-0.0004863872223518336,0.4014827424711989
2023-03-10,0.03644500879828847,0.015007022507361892,-0.007647379753889398,0.4014827424711989
2023-03-13,0.038577284769985336,0.010332546012203217,-0.021027309318962583,0.4014827424711989
2023-03-14,0.038334344047986725,0.010385918946521838,-0.014941829370587956,0.4014827424711989
2023-03-15,0.03820926866473238,0.008558370932728009,-0.018809567169405763,0.4014827424711989
2023-03-16,0.03738164624433143,0.010119812324504405,-0.01253008313950201,0.4014827424711989
2023-03-17,0.037635983331236904,0.009029104042803328,-0.021970995290954833,0.4014827424711989
2023-03-20,0.03814364297901159,0.009778904751590786,-0.02147752395979774,0.4014827424711989
2023-03-21,0.037337005221722265,0.010097739831985756,-0.01098642854922472,0.4014827424711989
2023-03-22,0.0378935842184652,0.010127547160920613,-0.020054386170985053,0.4014827424711989
2023-03-23,0.0386144406162172,0.009261398360490483,-0.027700347446910994,0.4014827424711989
2023-03-24,0.03844985581949911,0.009265239425840937,-0.027052262913200988,0.4014827424711989
2023-03-27,0.03911627955694276,0.009171788047024499,-0.022277297849088995,0.4014827424711989
2023-03-28,0.03870902784903818,0.009363885458950066,-0.019329497722953795,0.4014827424711989
2023-03-29,0.038729018577296825,0.009791018363770628,-0.018973031559356462,0.4014827424711989
2023-03-30,0.038926660900698115,0.011795208545540501,-0.02405260066788327,0.4014827424711989
2023-03-31,0.038127311697640706,0.012362835155620562,-0.023997265518513854,0.4014827424711989
2023-04-03,0.038172003865355214,0.012275178391406662,-0.026810876771873833,0.4014827424711989
2023-04-04,0.03818958346172181,0.01191962015401293,-0.030691453190649472,0.4014827424711989
2023-04-05,0.03780109021864608,0.012085789509327236,-0.031209510207980667,0.4014827424711989
2023-04-06,0.037358318661357116,0.012898636765945359,-0.02996958794116443,0.4014827424711989
2023-04-07,0.037529678791056266,0.012801992787782624,-0.025814233071259483,0.4014827424711989
2023-04-10,0.03755670894896888,0.013190984032237722,-0.025535758282503165,0.4014827424711989
2023-04-11,0.03709963873652298,0.012519756583816485,-0.02146393396991371,0.4014827424711989
2023-04-12,0.037686410473085644,0.011981052637780138,-0.025090352165153814,0.4014827424711989
2023-04-13,0.03800746734614345,0.011066222631598607,-0.023126911905942314,0.4014827424711989
2023-04-14,0.03832734757373181,0.011906614373322938,-0.02224663296679772,0.4014827424711989
2023-04-17,0.03854141210203919,0.01114560144850373,-0.01813669580908579,0.4014827424711989
2023-04-18,0.037983435216207485,0.01096579083592853,-0.01543702772848663,0.4014827424711989
2023-04-19,0.037738420736165054,0.011301311710134081,-0.013890900675123913,0.4014827424711989
2023-04-20,0.03696444127973298,0.009745611267437056,-0.010459920282277853,0.4014827424711989
2023-04-21,0.037190240430410644,0.009428559169794373,-0.009659147022670641,0.4014827424711989
2023-04-24,0.03712412197428144,0.010451785801098741,-0.01357266149384432,0.4014827424711989
2023-04-25,0.03811228881923905,0.011282704001614192,-0.02677721631243079,0.4014827424711989
2023-04-26,0.03824790927508421,0.010597613553179293,-0.024471574410753903,0.4014827424711989
2023-04-27,0.03869571602278976,0.01168588208303009,-0.02317185465642763,0.4014827424711989
2023-04-28,0.037857800235565064,0.012783753531569221,-0.02455670273824628,0.4014827424711989
2023-05-01,0.03982001460756314,0.012079069107468279,-0.02644054929418535,0.4014827424711989
2023-05-02,0.03921735362069107,0.012806512704004583,-0.03219905899058785,0.4014827424711989
2023-05-03,0.039582291398879275,0.013254211173762898,-0.03753319003578059,0.4014827424711989
2023-05-04,0.042141431861548506,0.014734772967694213,-0.05482058553456297,0.4014827424711989
2023-05-05,0.041485226191897276,0.014945866457821236,-0.04749236844813314,0.4014827424711989
2023-05-08,0.041994777719298694,0.014272168314946139,-0.04506840127600247,0.4014827424711989
2023-05-09,0.04225558962501725,0.014280155676062892,-0.04589737605476914,0.4014827424711989
2023-05-10,0.042076738809898366,0.014031758117345772,-0.04923101402709833,0.4014827424711989
2023-05-11,0.04161853462760766,0.015563537763844082,-0.05124156819007628,0.4014827424711989
2023-05-12,0.04180792254408154,0.015417363243661174,-0.048502533951323604,0.4014827424711989
2023-05-15,0.042268300648374155,0.014419888611560214,-0.04742601749317935,0.4014827424711989
2023-05-16,0.042168187025512616,0.014542920239812119,-0.04456214396641632,0.4014827424711989
2023-05-17,0.04181543228504478,0.01471792437466283,-0.04139281494992704,0.4014827424711989
2023-05-18,0.0418577690356862,0.01532723947517537,-0.03850606950004226,0.4014827424711989
2023-05-19,0.04223755677782213,0.01480175592685503,-0.03711105741145296,0.4014827424711989
2023-05-22,0.04265996441774715,0.015312598438410879,-0.03928919011827749,0.4014827424711989
2023-05-23,0.0424703250275453,0.01509917307386816,-0.03857993397460503,0.4014827424711989
2023-05-24,0.04256560344169359,0.015488973980366227,-0.038495703941460756,0.4014827424711989
2023-05-25,0.04256723170867372,0.016374607044681213,-0.03492737926476592,0.4014827424711989
2023-05-26,0.04189144377072982,0.017087834689363653,-0.033318339604988687,0.4014827424711989
2023-05-29,0.04189144377072982,0.017087834689363653,-0.033318339604988687,0.4014827424711989
2023-05-30,0.04072350591745331,0.016652452721126847,-0.030956360232628165,0.4014827424711989
2023-05-31,0.04033539829452288,0.016712007354222572,-0.03188312541108635,0.4014827424711989
2023-06-01,0.040461919799597,0.016509249910100665,-0.033927935253401015,0.4014827424711989
2023-06-02,0.04012359903899182,0.01680745508484329,-0.027982686574195444,0.4014827424711989
2023-06-05,0.04033373276343721,0.01619520298041764,-0.028553589961856755,0.4014827424711989
2023-06-06,0.03969670995348552,0.01628261662077137,-0.024966118796262378,0.4014827424711989
2023-06-07,0.04049715836396863,0.014846696076015898,-0.0227121913345484,0.4014827424711989
2023-06-08,0.040112164228103514,0.015736541777884402,-0.025299800190089948,0.4014827424711989
2023-06-09,0.03973099493918617,0.016043068417083393,-0.02251078122054035,0.4014827424711989
2023-06-12,0.03979351514770984,0.016107297145977473,-0.0241396107765483,0.4014827424711989
2023-06-13,0.03997361408177285,0.01539514189647763,-0.01884300202753041,0.4014827424711989
2023-06-14,0.039103498973222066,0.016115134434635053,-0.015379500220802811,0.4014827424711989
2023-06-15,0.03900016502710395,0.016276907486917618,-0.020162240737703178,0.4014827424711989
2023-06-16,0.03881242506561727,0.01641393198903146,-0.01698283519926925,0.4014827424711989
2023-06-19,0.03881242506561727,0.01641393198903146,-0.01698283519926925,0.4014827424711989
2023-06-20,0.0385288682881887,0.017048162212415372,-0.01801058411319803,0.4014827424711989
2023-06-21,0.038243658707220136,0.01735399926793385,-0.017706922176683303,0.4014827424711989
2023-06-22,0.03875806182022115,0.01683149999817038,-0.015710750658109084,0.4014827424711989
2023-06-23,0.03828780577617384,0.01729223985897345,-0.016617903081100345,0.4014827424711989
2023-06-26,0.0386112193448636,0.017503663950632586,-0.019270750791211162,0.4014827424711989
2023-06-27,0.0383095113681567,0.017575057401046083,-0.015677776245084134,0.4014827424711989
2023-06-28,0.03811974346200654,0.017929216811112373,-0.017529520740950193,0.4014827424711989
2023-06-29,0.03881282731160101,0.017496692972506694,-0.013468604972364668,0.4014827424711989
2023-06-30,0.03795338660422176,0.018089601460653276,-0.011772045129615855,0.4014827424711989
2023-07-03,0.03792868641202392,0.018326736348388363,-0.009799039909054959,0.4014827424711989
2023-07-04,0.03792868641202392,0.018326736348388363,-0.009799039909054959,0.4014827424711989
2023-07-05,0.0390200231955247,0.017079197495046886,-0.009979796591816616,0.4014827424711989
2023-07-06,0.03949258731242641,0.01668310167350457,-0.007610812910687291,0.4014827424711989
2023-07-07,0.04026084148898183,0.01590263045656605,-0.009877058114623416,0.4014827424711989
2023-07-10,0.0406585764123488,0.01588482259303302,-0.014609092085449603,0.4014827424711989
2023-07-11,0.04034397753869738,0.016429583757944857,-0.01443995870903041,0.4014827424711989
2023-07-12,0.0402245585644413,0.016702916227316934,-0.02037451993153823,0.4014827424711989
2023-07-13,0.04015552674092058,0.016876576386143538,-0.025348627730113954,0.4014827424711989
2023-07-14,0.03986516714421318,0.01718062838771611,-0.02053022395551783,0.4014827424711989
2023-07-17,0.03990871326204446,0.01719639429179086,-0.021336221374263758,0.4014827424711989
2023-07-18,0.03958606858617691,0.01747328027187321,-0.02087427100496926,0.4014827424711989
2023-07-19,0.0386756500856769,0.018383985513798756,-0.019829742122313903,0.4014827424711989
2023-07-20,0.03942642892456791,0.017759823648396195,-0.018256668930283944,0.4014827424711989
2023-07-21,0.039326103980092314,0.017888348498098495,-0.017921920041820697,0.4014827424711989
2023-07-24,0.0393522131683399,0.017941647566527472,-0.017111025185382038,0.4014827424711989
2023-07-25,0.03961810902009359,0.017724339446808464,-0.016285457677932408,0.4014827424711989
2023-07-26,0.039649572204888045,0.01779002775808877,-0.01844253277865856,0.4014827424711989
2023-07-27,0.04084260400508022,0.01643209653638151,-0.0158599420606658,0.4014827424711989
2023-07-28,0.04067049097024274,0.016662609553551068,-0.017620845147720398,0.4014827424711989
2023-07-31,0.04066202364762118,0.016778023411158877,-0.017793829356561593,0.4014827424711989
2023-08-01,0.04155718562263487,0.015830892902806086,-0.01725917856156207,0.4014827424711989
2023-08-02,0.04244714919615794,0.014818007870032582,-0.019038986457654172,0.4014827424711989
2023-08-03,0.04434088307045676,0.013145341432642312,-0.020973395943134958,0.4014827424711989
2023-08-04,0.043405316922848845,0.014277335838569783,-0.02467127277350851,0.4014827424711989
2023-08-07,0.044325870367814324,0.013467529782300093,-0.026443239440419045,0.4014827424711989
2023-08-08,0.043611448826108255,0.014434211817825213,-0.02747394838660941,0.4014827424711989
2023-08-09,0.04301377857364783,0.014813372429448215,-0.02499360661464477,0.4014827424711989
2023-08-10,0.04375502022650786,0.013903115797910077,-0.02365824140307178,0.4014827424711989
2023-08-11,0.04375778569815928,0.013673643978021033,-0.02011909115608169,0.4014827424711989
2023-08-14,0.043630568822849075,0.013925454562513258,-0.018180263460599762,0.4014827424711989
2023-08-15,0.04410026192316199,0.01332800620354475,-0.018885616909133478,0.4014827424711989
2023-08-16,0.04466025895453563,0.012612583513289349,-0.017716665468958774,0.4014827424711989
2023-08-17,0.04520700046822948,0.012151661611651255,-0.019124989206936595,0.4014827424711989
2023-08-18,0.0449261213923881,0.012365507351768681,-0.019739710373562175,0.4014827424711989
2023-08-21,0.04570462522347944,0.011783535034274572,-0.01896635539357881,0.4014827424711989
2023-08-22,0.04502821052082132,0.01231919948443308,-0.016211052264633048,0.4014827424711989
2023-08-23,0.04352118332585431,0.01393787086313413,-0.017837947397908435,0.4014827424711989
2023-08-24,0.043737535643992596,0.013891985053101002,-0.01707214830848898,0.4014827424711989
2023-08-25,0.04357863843551905,0.014233748282287658,-0.015627420254512685,0.4014827424711989
2023-08-28,0.043538381591581604,0.014170211124034592,-0.017083447841814918,0.4014827424711989
2023-08-29,0.0433716082432326,0.01422607507814145,-0.020747124886074147,0.4014827424711989
2023-08-30,0.04326487212398441,0.01435864508472563,-0.020114415428936914,0.4014827424711989
2023-08-31,0.043039511226378835,0.01440970373349252,-0.0206796545208095,0.4014827424711989
2023-09-01,0.044084645471493954,0.013075546326889976,-0.020291934376954226,0.4014827424711989
2023-09-04,0.044084645471493954,0.013075546326889976,-0.020291934376954226,0.4014827424711989
2023-09-05,0.044832041402966705,0.012465636578281123,-0.018964842469389575,0.4014827424711989
2023-09-06,0.044375951538585576,0.012848629368909757,-0.015764204569936217,0.4014827424711989
2023-09-07,0.0446116508896337,0.012556537983044245,-0.018219366094783074,0.4014827424711989
2023-09-08,0.044072508007814204,0.013125934415753548,-0.016729578381033408,0.4014827424711989
2023-09-11,0.044745519389161444,0.012494548435418078,-0.018159981427999697,0.4014827424711989
2023-09-12,0.04437258909484728,0.012968836244201365,-0.01740374597046508,0.4014827424711989
2023-09-13,0.044277183117402114,0.013058203541646489,-0.01794995062093308,0.4014827424711989
2023-09-14,0.04473417302601378,0.012486668118546505,-0.017300852091253007,0.4014827424711989
2023-09-15,0.04492838715593111,0.01220435132496819,-0.016372419676284347,0.4014827424711989
2023-09-18,0.044551577110417406,0.012663372868389358,-0.015377778440221153,0.4014827424711989
2023-09-19,0.04474007373620734,0.012326339441456132,-0.013739745087722398,0.4014827424711989
2023-09-20,0.044162461390528214,0.01297323948711348,-0.012279208246990747,0.4014827424711989
2023-09-21,0.04626288215468152,0.010769362474205242,-0.013670844045761318,0.4014827424711989
2023-09-22,0.04595339094787463,0.011142186343885944,-0.01459308787224758,0.4014827424711989
2023-09-25,0.047828955229551676,0.009348968283032178,-0.016723327045220705,0.4014827424711989
2023-09-26,0.048247571069533195,0.0089575868637473,-0.017704820224050025,0.4014827424711989
2023-09-27,0.048465757593726705,0.008681839671103623,-0.01590491103314108,0.4014827424711989
2023-09-28,0.048618245590310236,0.008615270470575946,-0.01829010780415257,0.4014827424711989
2023-09-29,0.048967485773965785,0.008275939332889237,-0.01957578220886404,0.4014827424711989
2023-10-02,0.049645948113326344,0.007825317103466635,-0.017605151628346485,0.4014827424711989
2023-10-03,0.051189175289225196,0.006108698233163031,-0.01745031947696057,0.4014827424711989
2023-10-04,0.05067792432412416,0.0066380640355417,-0.01992534923367822,0.4014827424711989
2023-10-05,0.051067617467854765,0.006313525101304919,-0.02183134807149506,0.4014827424711989
2023-10-06,0.051668892116794485,0.005898214962929904,-0.02115389962088201,0.4014827424711989
2023-10-09,0.051668892116794485,0.005898214962929904,-0.02115389962088201,0.4014827424711989
2023-10-10,0.051004975284859554,0.0066438423106182165,-0.024694273976780586,0.4014827424711989
2023-10-11,0.04938502462662959,0.008173634994992851,-0.02223169553188985,0.4014827424711989
2023-10-12,0.050733834765901493,0.006974180983173428,-0.021499404728782933,0.4014827424711989
2023-10-13,0.049753575207313196,0.007884060831607972,-0.021015514848487352,0.4014827424711989
2023-10-16,0.05058536607978914,0.0068239551998955025,-0.01966612117764974,0.4014827424711989
2023-10-17,0.050951387644642236,0.006353203253558398,-0.015423456128929014,0.4014827424711989
2023-10-18,0.051684916055208495,0.0053497240461552464,-0.014820778780228824,0.4014827424711989
2023-10-19,0.05326047609898525,0.003678700017478139,-0.017361434926429085,0.4014827424711989
2023-10-20,0.05331292749290331,0.003574699414956246,-0.020057541580165466,0.4014827424711989
2023-10-23,0.052409886714103064,0.00466555209385284,-0.020263115708712646,0.4014827424711989
2023-10-24,0.05179717468317357,0.005228165963744936,-0.019182348357641828,0.4014827424711989
2023-10-25,0.05315850302364942,0.003757070395953581,-0.018541151038889668,0.4014827424711989
2023-10-26,0.05253752247671958,0.00451843805897705,-0.021027120475308067,0.4014827424711989
2023-10-27,0.05286659025469495,0.004304207440958755,-0.02304868761538168,0.4014827424711989
2023-10-30,0.052874785869981594,0.0041583490036371205,-0.02135201614363364,0.4014827424711989
2023-10-31,0.052657093371097384,0.004381521065324528,-0.020084101398483503,0.4014827424711989
2023-11-01,0.05230895992975595,0.004785433576634513,-0.02448274475654892,0.4014827424711989
2023-11-02,0.05020795151038088,0.006591412559936425,-0.02060430698065602,0.4014827424711989
2023-11-03,0.050357853799338784,0.00651329282621969,-0.026430050995892154,0.4014827424711989
2023-11-06,0.050795005101118576,0.006062124741720455,-0.023444934712089343,0.4014827424711989
2023-11-07,0.049836804577314923,0.007127461402972634,-0.024161794062957095,0.4014827424711989
2023-11-08,0.04834201533014464,0.008525242359238409,-0.02173458087335753,0.4014827424711989
2023-11-09,0.04957434599643379,0.007168130128928399,-0.019281587388902757,0.4014827424711989
2023-11-10,0.04896563523907531,0.007666153460163396,-0.017680254529463143,0.4014827424711989
2023-11-13,0.04930858182998216,0.007416577178440178,-0.018410493921189992,0.4014827424711989
2023-11-14,0.04861622048739332,0.008081888498147602,-0.025551181669577074,0.4014827424711989
2023-11-15,0.04899059226447929,0.007559037557453244,-0.02222121894932963,0.4014827424711989
2023-11-16,0.048744520828809625,0.007836730271934501,-0.0249523123674005,0.4014827424711989
2023-11-17,0.04805684009147526,0.008421902080641244,-0.02251405824591473,0.4014827424711989
2023-11-20,0.047640141986701634,0.009147353515401203,-0.022611598265075836,0.4014827424711989
2023-11-21,0.04781646565883965,0.008921412981883906,-0.023676326261248073,0.4014827424711989
2023-11-22,0.047449202734874234,0.009344947622493598,-0.022237582343650263,0.4014827424711989
2023-11-23,0.047449202734874234,0.009344947622493598,-0.022237582343650263,0.4014827424711989
2023-11-24,0.04797391796079568,0.008868752790912716,-0.021660251511791805,0.4014827424711989
2023-11-27,0.04742125414964501,0.00934493690305834,-0.023489457884840963,0.4014827424711989
2023-11-28,0.047763256070116514,0.008981953840533713,-0.027327972904360027,0.4014827424711989
2023-11-29,0.04719887758146166,0.009343060477529898,-0.029027917673608784,0.4014827424711989
2023-11-30,0.048122257874181895,0.008444665734952901,-0.027570498425610834,0.4014827424711989
2023-12-01,0.04717282984357249,0.009282015135009963,-0.03172442306049576,0.4014827424711989
2023-12-04,0.0471368519427492,0.009515094108673898,-0.02890554683826012,0.4014827424711989
2023-12-05,0.04578658000712195,0.010733979969570281,-0.029202860279208133,0.4014827424711989
2023-12-06,0.04464188508268865,0.011929718998528096,-0.027599271765892205,0.4014827424711989
2023-12-07,0.04509172399499769,0.011356126065091251,-0.0285931383275107,0.4014827424711989
2023-12-08,0.045207829129210446,0.011208673175825632,-0.024099034942629882,0.4014827424711989
2023-12-11,0.045478714060992666,0.011157279912006669,-0.025225920192691677,0.4014827424711989
2023-12-12,0.04507425443613962,0.01152492081109472,-0.024741184887418496,0.4014827424711989
2023-12-13,0.04496546247090963,0.011448030342592685,-0.03278504220867605,0.4014827424711989
2023-12-14,0.04341015105364296,0.013050089853941493,-0.03357463744599981,0.4014827424711989
2023-12-15,0.04278657371745699,0.013794380192662142,-0.03150983599491592,0.4014827424711989
2023-12-18,0.04335008246354909,0.01326117182507432,-0.03184774494578031,0.4014827424711989
2023-12-19,0.043190371028384744,0.01321814551863023,-0.03150836870557642,0.4014827424711989
2023-12-20,0.042900033015916474,0.013543223159845373,-0.033968901581317504,0.4014827424711989
2023-12-21,0.043488636484464695,0.01290649419869025,-0.034874334798101154,0.4014827424711989
2023-12-22,0.043879638093757306,0.012564891782636423,-0.03596637386763884,0.4014827424711989
2023-12-25,0.043879638093757306,0.012564891782636423,-0.03596637386763884,0.4014827424711989
2023-12-26,0.04376661310965358,0.01257025106615961,-0.03574231431016243,0.4014827424711989
2023-12-27,0.04294156194957595,0.013514293800986989,-0.037725277965562576,0.4014827424711989
2023-12-28,0.04316090919932615,0.013425692080245237,-0.036615558913540694,0.4014827424711989
2023-12-29,0.044001615478891386,0.012412881583829732,-0.037772092821897044,0.4014827424711989
2024-01-01,0.044001615478891386,0.012412881583829732,-0.037772092821897044,0.4014827424711989
2024-01-02,0.044188472728502154,0.012025952169667113,-0.0348098579949641,0.4014827424711989
2024-01-03,0.04377602990949179,0.012570707172588411,-0.03503590708729093,0.4014827424711989
2024-01-04,0.044592805868924563,0.011779974513992139,-0.03417348452933311,0.4014827424711989
2024-01-05,0.04542456665086174,0.010732987929540664,-0.03396012516320357,0.4014827424711989
2024-01-08,0.04519019037692172,0.011106292967465676,-0.03555361682379909,0.4014827424711989
2024-01-09,0.04529051234321939,0.01090144388809281,-0.03557737186245963,0.4014827424711989
2024-01-10,0.045491251392015715,0.010616248853017013,-0.03533375499120406,0.4014827424711989
2024-01-11,0.04570632825260792,0.01048038805658141,-0.039008921847754494,0.4014827424711989
2024-01-12,0.04646744490863513,0.00955081767466712,-0.04307959836142843,0.4014827424711989
2024-01-15,0.04646744490863513,0.00955081767466712,-0.04307959836142843,0.4014827424711989
2024-01-16,0.047345064833894945,0.008576696155432008,-0.040874513360432574,0.4014827424711989
2024-01-17,0.046754268044481996,0.00928159908191066,-0.03685384319733895,0.4014827424711989
2024-01-18,0.047488270194917054,0.008433271530941285,-0.037375838560151094,0.4014827424711989
2024-01-19,0.047080355683585706,0.008876373315308677,-0.03526716573494555,0.4014827424711989
2024-01-22,0.04678301824479179,0.009282505302350823,-0.03631968757111524,0.4014827424711989
2024-01-23,0.04751152061787977,0.00840650432060527,-0.03709794550607269,0.4014827424711989
2024-01-24,0.04784107869218112,0.00804292402863374,-0.03670954048548146,0.4014827424711989
2024-01-25,0.0478490656274393,0.008049461282713326,-0.03912759507026802,0.4014827424711989
2024-01-26,0.047607166202614744,0.008252968701510233,-0.03737518409902715,0.4014827424711989
2024-01-29,0.04692271551624759,0.008926306902631298,-0.03831049502456568,0.4014827424711989
2024-01-30,0.046246352579858804,0.00960074063103998,-0.0358577981898155,0.4014827424711989
2024-01-31,0.04596821227984041,0.009909460916073705,-0.03860969438087817,0.4014827424711989
2024-02-01,0.04470582836413313,0.011044002323324188,-0.03964309434212388,0.4014827424711989
2024-02-02,0.04534907919235398,0.010435106510605446,-0.034198950699178735,0.4014827424711989
2024-02-05,0.04643908231508952,0.009226942804512181,-0.03128211565080907,0.4014827424711989
2024-02-06,0.04613850948972508,0.009644684147747202,-0.03448388870766575,0.4014827424711989
2024-02-07,0.046220182006969875,0.009472408684896662,-0.03374052842975122,0.4014827424711989
2024-02-08,0.046711565808455625,0.009001902840501024,-0.032709053482008775,0.4014827424711989
2024-02-09,0.04670690409359357,0.009058679707805654,-0.03188882743346972,0.4014827424711989
2024-02-12,0.04674835247307244,0.009044286625906593,-0.03225327720301176,0.4014827424711989
2024-02-13,0.047043310935358684,0.008720433868661993,-0.026165913830923728,0.4014827424711989
2024-02-14,0.047216103405061736,0.008516923907771118,-0.028759174576839363,0.4014827424711989
2024-02-15,0.04690151545080313,0.008871348930012528,-0.02898832060891596,0.4014827424711989
2024-02-16,0.04695381212475641,0.008773105532620796,-0.02640591353984114,0.4014827424711989
2024-02-19,0.04695381212475641,0.008773105532620796,-0.02640591353984114,0.4014827424711989
2024-02-20,0.04702660199104529,0.008842669388035799,-0.028278173788249934,0.4014827424711989
2024-02-21,0.04733822407409501,0.008488680939583116,-0.02704974466521303,0.4014827424711989
2024-02-22,0.04683058777505855,0.008956906288311577,-0.024590271973809055,0.4014827424711989
2024-02-23,0.045862679733141676,0.009998661708679244,-0.02462353756321662,0.4014827424711989
2024-02-26,0.04608888517954564,0.009909623754295278,-0.02437266089624275,0.4014827424711989
2024-02-27,0.04650946233798323,0.009362802929847154,-0.024188534340127955,0.4014827424711989
2024-02-28,0.04631968920983734,0.009567103961828425,-0.025973741743138077,0.4014827424711989
2024-02-29,0.046088669855666405,0.009896732564516307,-0.025911682742534376,0.4014827424711989
2024-03-01,0.046004449351242344,0.009907522330259154,-0.029046119136502326,0.4014827424711989
2024-03-04,0.046002924059987106,0.010261539377139505,-0.027714136420103223,0.4014827424711989
2024-03-05,0.045157284928497715,0.011044628907387978,-0.02881436989363773,0.4014827424711989
2024-03-06,0.044734646887167426,0.01150323644707273,-0.028362169274890207,0.4014827424711989
2024-03-07,0.04501778236913231,0.011310885663822198,-0.030563574603155147,0.4014827424711989
2024-03-08,0.04526980894688631,0.011053639002758959,-0.03159562873044279,0.4014827424711989
2024-03-11,0.0451502773868592,0.011244420092175333,-0.030808549670958144,0.4014827424711989
2024-03-12,0.045508565951988204,0.010963602445600518,-0.029068672497870075,0.4014827424711989
2024-03-13,0.04577960968642056,0.010637213325923132,-0.028180668090952942,0.4014827424711989
2024-03-14,0.0465479306317268,0.009752861737260653,-0.026112042717728122,0.4014827424711989
2024-03-15,0.046299106247537115,0.009908227992634208,-0.024101724036817783,0.4014827424711989
2024-03-18,0.04657551144201748,0.009634798247438034,-0.023915279347767385,0.4014827424711989
2024-03-19,0.046495619972926734,0.009822330706454472,-0.02559430456347158,0.4014827424711989
2024-03-20,0.046874222522932524,0.00929506466533739,-0.02817252965664322,0.4014827424711989
2024-03-21,0.046728259779264966,0.009496553227758735,-0.02764490114962329,0.4014827424711989
2024-03-22,0.04625954338753939,0.009908156695261223,-0.028614685578053193,0.4014827424711989
2024-03-25,0.046715545237869166,0.009471596502156539,-0.02890449269960392,0.4014827424711989
2024-03-26,0.046432095274980975,0.009739189922442937,-0.028537549840540972,0.4014827424711989
2024-03-27,0.04601242257295567,0.010184067796341373,-0.028985370970509156,0.4014827424711989
2024-03-28,0.04559175775257744,0.010642428382188745,-0.027015185086604727,0.4014827424711989
2024-03-29,0.04559175775257744,0.010642428382188745,-0.027015185086604727,0.4014827424711989
2024-04-01,0.04667250682477546,0.00926621752305956,-0.02407898424296521,0.4014827424711989
2024-04-02,0.0471805361619713,0.008587645525320221,-0.024414482410431333,0.4014827424711989
2024-04-03,0.04729449953789663,0.008366956613666411,-0.02501304836415603,0.4014827424711989
2024-04-04,0.046892974944807556,0.008735703670518714,-0.025587200293671192,0.4014827424711989
2024-04-05,0.04746713092196208,0.008218062843138838,-0.023802450304230116,0.4014827424711989
2024-04-08,0.04726807229095619,0.008389615208074602,-0.02165396664886069,0.4014827424711989
2024-04-09,0.04693091509307816,0.008757412469536355,-0.023266860958928062,0.4014827424711989
2024-04-10,0.04760076912018826,0.008136438024132055,-0.016085293289166528,0.4014827424711989
2024-04-11,0.047824948288260685,0.007769672596402112,-0.016472991190678247,0.4014827424711989
2024-04-12,0.04762609142309136,0.008008405753088213,-0.01859232690990885,0.4014827424711989
2024-04-15,0.04895784810081373,0.006624194224638869,-0.017573869205477162,0.4014827424711989
2024-04-16,0.049126985305619354,0.0064264696567920875,-0.016287477417006677,0.4014827424711989
2024-04-17,0.04852708263059338,0.007118055758959883,-0.017682731676871028,0.4014827424711989
2024-04-18,0.04870259309064348,0.006899893448929772,-0.015874506698060394,0.4014827424711989
2024-04-19,0.048515205499180154,0.007074547177061729,-0.01615466642459468,0.4014827424711989
2024-04-22,0.04855227289997164,0.00692208376779789,-0.016029030493488704,0.4014827424711989
2024-04-23,0.04904040990157471,0.00658194279944012,-0.018965424529146648,0.4014827424711989
2024-04-24,0.049539741880430616,0.0061743180569338975,-0.019066625866305448,0.4014827424711989
2024-04-25,0.04974455488662534,0.005944895065562991,-0.017123554793013817,0.4014827424711989
2024-04-26,0.04923522886454507,0.006418724129259201,-0.016693230358905378,0.4014827424711989
2024-04-29,0.04891439388976389,0.00685798808136461,-0.01727903544364833,0.4014827424711989
2024-04-30,0.04907022322021211,0.006690882607342208,-0.014978011847935532,0.4014827424711989
2024-05-01,0.048833738414129885,0.006952027134117708,-0.01732885391093905,0.4014827424711989
2024-05-02,0.04902308639264921,0.006979904540504473,-0.020907991799225454,0.4014827424711989
2024-05-03,0.04854989629311685,0.007504740056733298,-0.02299574740951027,0.4014827424711989
2024-05-06,0.04824083050470326,0.007829491426244424,-0.022393887801183593,0.4014827424711989
2024-05-07,0.04791169289482565,0.008154290986161213,-0.02221769673729611,0.4014827424711989
2024-05-08,0.04816168040536418,0.007882131751289167,-0.021931440811055008,0.4014827424711989
2024-05-09,0.04788072478077113,0.008222962723504207,-0.022644593258101562,0.4014827424711989
2024-05-10,0.048099150069731575,0.008081602000691267,-0.02113369203680191,0.4014827424711989
2024-05-13,0.04790877836123703,0.008175607880567396,-0.021070427975535374,0.4014827424711989
2024-05-14,0.04764019929244697,0.00847978903765037,-0.021953249416371366,0.4014827424711989
2024-05-15,0.04718479849477978,0.008974815536449618,-0.024866847165147164,0.4014827424711989
2024-05-16,0.04693538523566945,0.009249149785614186,-0.02265191565110427,0.4014827424711989
2024-05-17,0.04727996048347966,0.008858488613153009,-0.02188050088765612,0.4014827424711989
2024-05-20,0.0474954925834833,0.00864810556574107,-0.0218132098398023,0.4014827424711989
2024-05-21,0.04714311714648833,0.008995794701300974,-0.021792747852482794,0.4014827424711989
2024-05-22,0.04682369358835882,0.009244916897238371,-0.019891703068879003,0.4014827424711989
2024-05-23,0.046983853614368465,0.009166127278006038,-0.018295592977085804,0.4014827424711989
2024-05-24,0.04679405222741829,0.009561547731438878,-0.018265254155664223,0.4014827424711989
2024-05-27,0.04679405222741829,0.009561547731438878,-0.018265254155664223,0.4014827424711989
2024-05-28,0.0478099492491241,0.008223425481284942,-0.01801623831067954,0.4014827424711989
2024-05-29,0.04868182965203431,0.007259492274100289,-0.0176129447492714,0.4014827424711989
2024-05-30,0.048182869191798185,0.007717761182453478,-0.0185578049425034,0.4014827424711989
2024-05-31,0.04793287898327005,0.008056571414716069,-0.01983242563928828,0.4014827424711989
2024-06-03,0.047069031431934194,0.009194733084756858,-0.02201595045928734,0.4014827424711989
2024-06-04,0.04643763958974905,0.009856059008216012,-0.023393450096303975,0.4014827424711989
2024-06-05,0.04616400833145455,0.010091544238317571,-0.02445203803077213,0.4014827424711989
2024-06-06,0.0460732765298201,0.010186208325688069,-0.02466185907455216,0.4014827424711989
2024-06-07,0.04686884026763961,0.0092970259544464,-0.020010277524064028,0.4014827424711989
2024-06-10,0.04748865193561752,0.00865994058261912,-0.020938153248787277,0.4014827424711989
2024-06-11,0.04691914275965403,0.009316356976487753,-0.022234020478768136,0.4014827424711989
2024-06-12,0.046540436840110846,0.00980596674407459,-0.024771004304759557,0.4014827424711989
2024-06-13,0.04605593126213235,0.010279060488536619,-0.026562384923117417,0.4014827424711989
2024-06-14,0.045420421744721176,0.01092743613927863,-0.026069605455792753,0.4014827424711989
2024-06-17,0.04576361817759803,0.01051651484487151,-0.023529024977395258,0.4014827424711989
2024-06-18,0.04540408959090624,0.010658073062314685,-0.02462986714612231,0.4014827424711989
2024-06-19,0.04540408959090624,0.010658073062314685,-0.02462986714612231,0.4014827424711989
2024-06-20,0.045698501822097636,0.010412067496331308,-0.024534488750479685,0.4014827424711989
2024-06-21,0.04568746642463867,0.01036115593001985,-0.024406407108751804,0.4014827424711989
2024-06-24,0.045514611107883726,0.010568901024391926,-0.023902077435014785,0.4014827424711989
2024-06-25,0.045412658061253115,0.010695876005827708,-0.024644491876302636,0.4014827424711989
2024-06-26,0.046272801364937076,0.009790659922033733,-0.023439596363030894,0.4014827424711989
2024-06-27,0.04620691485571011,0.009998002834124938,-0.02488703683012393,0.4014827424711989
2024-06-28,0.047159736214921234,0.008837264472500824,-0.02496417362445354,0.4014827424711989
2024-07-01,0.048677551747997476,0.00728692241466038,-0.024505315349308592,0.4014827424711989
2024-07-02,0.04829121044460485,0.00769261185267547,-0.025458580143978404,0.4014827424711989
2024-07-03,0.04762876787793074,0.0084623637925907,-0.02652229314862559,0.4014827424711989
2024-07-04,0.04762876787793074,0.0084623637925907,-0.02652229314862559,0.4014827424711989
2024-07-05,0.0473161151961553,0.008761872394967646,-0.029582012689601905,0.4014827424711989
2024-07-08,0.047156057645714705,0.008890971219954589,-0.028890388780635455,0.4014827424711989
2024-07-09,0.04749544989074186,0.00851971618980873,-0.029245173684711436,0.4014827424711989
2024-07-10,0.04726359413900272,0.008741829167952622,-0.028926166952903936,0.4014827424711989
2024-07-11,0.04709899652734889,0.008745128822617956,-0.03248096037126197,0.4014827424711989
2024-07-12,0.04711939093669122,0.008582697335948282,-0.03353226937090776,0.4014827424711989
2024-07-15,0.048012563858598666,0.007676249617115637,-0.03459672284044197,0.4014827424711989
2024-07-16,0.04703525615461785,0.00869343312209063,-0.03399952373573994,0.4014827424711989
2024-07-17,0.04692151209839398,0.008809014179231477,-0.03435980296461291,0.4014827424711989
2024-07-18,0.04729143209164585,0.00841149730060858,-0.03344456436070347,0.4014827424711989
2024-07-19,0.047641761767890485,0.008013990641840834,-0.03252089948677618,0.4014827424711989
2024-07-22,0.04792403085274434,0.007780939029439347,-0.03272373564713543,0.4014827424711989
2024-07-23,0.048163423184994475,0.007402943999799605,-0.03431185312458688,0.4014827424711989
2024-07-24,0.049146798514184784,0.006364627888168947,-0.03656734708598881,0.4014827424711989
2024-07-25,0.04850965787728915,0.006913350479138254,-0.03480171450852157,0.4014827424711989
2024-07-26,0.04808284631693095,0.007367648409319729,-0.036494266514759316,0.4014827424711989
2024-07-29,0.04779043091524648,0.007823754688522401,-0.036706673278357374,0.4014827424711989
2024-07-30,0.047677720578191723,0.007878040642343806,-0.037140312533506595,0.4014827424711989
2024-07-31,0.04728296345190186,0.008243965495657568,-0.03861935496835694,0.4014827424711989
2024-08-01,0.046984254887548316,0.008545925840565547,-0.04291782596664444,0.4014827424711989
2024-08-02,0.04630665018023308,0.008312933865508125,-0.049314105154787374,0.4014827424711989
2024-08-05,0.04573631216170475,0.009085198665742514,-0.04859139381857879,0.4014827424711989
2024-08-06,0.04682432671570505,0.008157304812723313,-0.04693166812166822,0.4014827424711989
2024-08-07,0.04765228898167492,0.007191143805834507,-0.0466393353388525,0.4014827424711989
2024-08-08,0.04779931065395473,0.007252978506756498,-0.04581890632860075,0.4014827424711989
2024-08-09,0.04707174785947197,0.008013932432065475,-0.045096715690009344,0.4014827424711989
2024-08-12,0.046822607183847516,0.008270778486639483,-0.04626494896162284,0.4014827424711989
2024-08-13,0.04665603520867024,0.008093673431324718,-0.04789133537637618,0.4014827424711989
2024-08-14,0.04615068645556403,0.008749544158476431,-0.04727725699399952,0.4014827424711989
2024-08-15,0.04625328799042893,0.008882719433730783,-0.04331700842350624,0.4014827424711989
2024-08-16,0.046035651025966295,0.00899873398215064,-0.04365535972734216,0.4014827424711989
2024-08-19,0.04555041840132602,0.009295750648588074,-0.04299428752551395,0.4014827424711989
2024-08-20,0.04531877377500173,0.009270536831263554,-0.04413930592071363,0.4014827424711989
2024-08-21,0.04533346881442264,0.008895651064581369,-0.0456441224993536,0.4014827424711989
2024-08-22,0.045872518238333174,0.008731935418525374,-0.04450966257023503,0.4014827424711989
2024-08-23,0.045940474190997616,0.008491651622892666,-0.04716877991771382,0.4014827424711989
2024-08-26,0.04596548160382411,0.008342749986492046,-0.046545806016038895,0.4014827424711989
2024-08-27,0.04646691561476038,0.007683262775686721,-0.0479433334176911,0.4014827424711989
2024-08-28,0.046515575609351205,0.007487606526162379,-0.04779685738912764,0.4014827424711989
2024-08-29,0.046490687414627634,0.007303804730494605,-0.04604704522325406,0.4014827424711989
2024-08-30,0.0469072574054786,0.0068231958787239345,-0.04535135355912373,0.4014827424711989
2024-09-02,0.0469072574054786,0.0068231958787239345,-0.04535135355912373,0.4014827424711989
2024-09-03,0.04615072859390901,0.007212971873842745,-0.045392702791837596,0.4014827424711989
2024-09-04,0.04578572477336502,0.0071404500476963334,-0.047543619969889414,0.4014827424711989
2024-09-05,0.04531156013024901,0.007362728950504864,-0.046916421256712,0.4014827424711989
2024-09-06,0.04576325063367505,0.006568853878452587,-0.049311185963636664,0.4014827424711989
2024-09-09,0.045301004211421324,0.006867249432719174,-0.04819213739914094,0.4014827424711989
2024-09-10,0.04522981350433985,0.006477086984464554,-0.04994885208206184,0.4014827424711989
2024-09-11,0.04499067738767278,0.007194732041768338,-0.04950313772894048,0.4014827424711989
2024-09-12,0.04536364421776954,0.0063790316785418254,-0.04867594876098257,0.4014827424711989
2024-09-13,0.04534219796434002,0.005683460768300102,-0.04921415363818898,0.4014827424711989
2024-09-16,0.04479883747540384,0.005837737863101589,-0.04810671633136413,0.4014827424711989
2024-09-17,0.044727302027369825,0.005637763214384618,-0.04635002358897696,0.4014827424711989
2024-09-18,0.045175288058166535,0.004012506234692207,-0.043691068837687835,0.4014827424711989
2024-09-19,0.0456051846168503,0.003205289134413122,-0.04372580826457159,0.4014827424711989
2024-09-20,0.04566986058765864,0.0028126674858081806,-0.04377844661354257,0.4014827424711989
2024-09-23,0.045789903078785325,0.002359703812728122,-0.04265039764924424,0.4014827424711989
2024-09-24,0.04601374096374333,0.0016704431484273943,-0.043536419347793,0.4014827424711989
2024-09-25,0.04645670838683392,0.0011910819943967456,-0.04262123109454877,0.4014827424711989
2024-09-26,0.04604928904834713,0.0021031845026246295,-0.041544803521860456,0.4014827424711989
2024-09-27,0.04607444232814807,0.002015082965931404,-0.04342044252269245,0.4014827424711989
2024-09-30,0.04614357016935098,0.0022831077807952656,-0.04102265379590157,0.4014827424711989
2024-10-01,0.045716010203354994,0.002812368502616968,-0.04274407599647326,0.4014827424711989
2024-10-02,0.04626300893271777,0.001996794415890889,-0.04197975528754403,0.4014827424711989
2024-10-03,0.046536597341454725,0.0019257710603335955,-0.04038117858218174,0.4014827424711989
2024-10-04,0.04646792006861426,0.0023447310845158076,-0.033512435713271484,0.4014827424711989
2024-10-07,0.046726126343822026,0.002162653498858286,-0.032267548529409024,0.4014827424711989
2024-10-08,0.04697511240453313,0.0016187670000870078,-0.03237314023519436,0.4014827424711989
2024-10-09,0.047080775718263385,0.0014189602296748576,-0.031189945292406512,0.4014827424711989
2024-10-10,0.04771148206105465,0.0009320405279293134,-0.03268766084441008,0.4014827424711989
2024-10-11,0.04794316325364009,0.0005754121477530155,-0.03391897605833203,0.4014827424711989
2024-10-14,0.04794316325364009,0.0005754121477530155,-0.03391897605833203,0.4014827424711989
2024-10-15,0.046925372442563236,0.0013814337465263065,-0.03215089226804148,0.4014827424711989
2024-10-16,0.04680192930919993,0.0013990239517006542,-0.032287587839343344,0.4014827424711989
2024-10-17,0.04774102839163378,0.000665438751561491,-0.03240650051027617,0.4014827424711989
2024-10-18,0.04777012072085371,0.0005839706498220586,-0.033072110675752574,0.4014827424711989
2024-10-21,0.04873551478425148,-0.00042038456314315124,-0.03140193079090258,0.4014827424711989
2024-10-22,0.04863213876727961,-0.0005380249532295558,-0.03000357058457731,0.4014827424711989
2024-10-23,0.04870196435386355,-0.0006440418011999047,-0.028374065139104652,0.4014827424711989
2024-10-24,0.04817843174913016,-0.00028021725696357296,-0.02765272808741947,0.4014827424711989
2024-10-25,0.04856260457720434,-0.0003883608684093296,-0.027522053905394944,0.4014827424711989
2024-10-28,0.04870203796952101,-0.0009199743479705123,-0.02597326535470987,0.4014827424711989
2024-10-29,0.04866653629697454,-0.0008904359979665273,-0.026077660562660376,0.4014827424711989
2024-10-30,0.04811661029777954,-0.0006408452909713322,-0.023285070004726086,0.4014827424711989
2024-10-31,0.0476760925731545,-0.0008043824167691992,-0.02118179720078088,0.4014827424711989
2024-11-01,0.04868047579574685,-0.0020813106560172486,-0.020086232996060546,0.4014827424711989
2024-11-04,0.04804768833869804,-0.0013503114755058498,-0.021252518136986087,0.4014827424711989
2024-11-05,0.047142632520999705,-0.0005724963808904143,-0.019411579745735128,0.4014827424711989
2024-11-06,0.048789362097278834,-0.0024548962899554744,-0.01790182558869388,0.4014827424711989
2024-11-07,0.048013367992865624,-0.0015305819039858077,-0.02000398487458319,0.4014827424711989
2024-11-08,0.047143410281973816,-0.0006004653464723453,-0.01735643740889087,0.4014827424711989
2024-11-11,0.047143410281973816,-0.0006004653464723453,-0.01735643740889087,0.4014827424711989
2024-11-12,0.04814843566201377,-0.0016660453409109216,-0.014954161038016257,0.4014827424711989
2024-11-13,0.04895987019951395,-0.0028005621440257136,-0.017109676684593608,0.4014827424711989
2024-11-14,0.048065877776461506,-0.0017512000569565303,-0.014499865840546121,0.4014827424711989
2024-11-15,0.048435534495634494,-0.0020876104707457455,-0.0160818115648718,0.4014827424711989
2024-11-18,0.04864204835060118,-0.0021547877679644126,-0.017369695695535065,0.4014827424711989
2024-11-19,0.04813805779536371,-0.0017525200823908672,-0.016949479858889695,0.4014827424711989
2024-11-20,0.048125250845431164,-0.001700157235276,-0.016010892978078804,0.4014827424711989
2024-11-21,0.048276579813417465,-0.0016439016841921965,-0.015743671564719133,0.4014827424711989
2024-11-22,0.04798254460180754,-0.001264242319182856,-0.015034278444572504,0.4014827424711989
2024-11-25,0.04676784219866339,0.00011931446943670015,-0.017900417198113108,0.4014827424711989
2024-11-26,0.04718353293116856,-0.000369922793363623,-0.01820800318433584,0.4014827424711989
2024-11-27,0.04686798773594409,1.9938310877518767e-05,-0.01958796843003252,0.4014827424711989
2024-11-28,0.04686798773594409,1.9938310877518767e-05,-0.01958796843003252,0.4014827424711989
2024-11-29,0.046195101350608336,0.000637123360099869,-0.020622558742608862,0.4014827424711989
2024-12-02,0.04603764233777869,0.00048158286250483354,-0.01882663501278819,0.4014827424711989
2024-12-03,0.046386243023327424,-0.0004806927425546042,-0.017469960462682028,0.4014827424711989
2024-12-04,0.045927214085392264,-0.00019369915751845344,-0.017806341309519268,0.4014827424711989
2024-12-05,0.04548015298740674,-1.804645768337977e-05,-0.01631161490501785,0.4014827424711989
2024-12-06,0.045703226494773305,-0.0005270747850429879,-0.01774382729382669,0.4014827424711989
2024-12-09,0.04617713840406837,-0.0010908133543411202,-0.017058742984682646,0.4014827424711989
2024-12-10,0.04634417741496538,-0.0013667088825727088,-0.016589325114149987,0.4014827424711989
2024-12-11,0.04706511260089763,-0.0024879681566711935,-0.016279890628716362,0.4014827424711989
2024-12-12,0.047665549583471835,-0.003511213096537542,-0.014865972661961964,0.4014827424711989
2024-12-13,0.04817140341575279,-0.004140826651409584,-0.012950123727998235,0.4014827424711989
2024-12-16,0.04802948443385477,-0.003953388924447397,-0.012836449036969259,0.4014827424711989
2024-12-17,0.04800594874507793,-0.003798246113751868,-0.012833937673525591,0.4014827424711989
2024-12-18,0.048114205318762586,-0.004281442619441446,-0.007929450993363178,0.4014827424711989
2024-12-19,0.04929994862693396,-0.005677219794695163,-0.009053086138764849,0.4014827424711989
2024-12-20,0.04912573026751177,-0.0053725352654922735,-0.010559013552552201,0.4014827424711989
2024-12-23,0.04984162021194049,-0.006110353391832878,-0.010196650292561896,0.4014827424711989
2024-12-24,0.04973721043730495,-0.005916180630129855,-0.010385516656818453,0.4014827424711989
2024-12-25,0.04973721043730495,-0.005916180630129855,-0.010385516656818453,0.4014827424711989
2024-12-26,0.049664969607787726,-0.005912571077356321,-0.010509777800649938,0.4014827424711989
2024-12-27,0.05036690590888455,-0.006922851394492488,-0.010513599559638294,0.4014827424711989
2024-12-30,0.0501079678092683,-0.00649678406309088,-0.013010497321167299,0.4014827424711989
2024-12-31,0.05031515514872521,-0.006886068268371024,-0.012783629571092284,0.4014827424711989
2025-01-01,0.05031515514872521,-0.006886068268371024,-0.012783629571092284,0.4014827424711989
2025-01-02,0.05037819492889928,-0.006729060731628841,-0.013307424906623021,0.4014827424711989
2025-01-03,0.05052968034597448,-0.007039614817453221,-0.01213669635952076,0.4014827424711989
2025-01-06,0.050973224240894004,-0.0075171263361146975,-0.012869407122359146,0.4014827424711989
2025-01-07,0.0516055432136676,-0.00821680971045176,-0.012570000068703535,0.4014827424711989
2025-01-08,0.05169679618103554,-0.00829178874324949,-0.0131939347634854,0.4014827424711989
2025-01-09,0.05191353006313089,-0.008487856371929411,-0.013673414268791106,0.4014827424711989
2025-01-10,0.05176672140358253,-0.008475810766069857,-0.00824499601934841,0.4014827424711989
2025-01-13,0.051851690717186094,-0.008509427234577278,-0.007932578803874326,0.4014827424711989
2025-01-14,0.052127985584233406,-0.00882076289974153,-0.009201763676519955,0.4014827424711989
2025-01-15,0.051298353843845935,-0.007941490568005746,-0.012250231464011418,0.4014827424711989
2025-01-16,0.051044953058107245,-0.007505789729430468,-0.013939030074622263,0.4014827424711989
2025-01-17,0.0507986793775127,-0.007219221169117995,-0.012439341134993231,0.4014827424711989
2025-01-20,0.0507986793775127,-0.007219221169117995,-0.012439341134993231,0.4014827424711989
2025-01-21,0.050221067014953664,-0.0065798122398466295,-0.01188196859776198,0.4014827424711989
2025-01-22,0.050464557879378764,-0.006893341321495206,-0.011636159448821648,0.4014827424711989
2025-01-23,0.05107292027967673,-0.0074916411065585,-0.01218868036886526,0.4014827424711989
2025-01-24,0.050957651223850535,-0.00744286391066596,-0.012588446275092147,0.4014827424711989
2025-01-27,0.05023524136691968,-0.0067318645694497675,-0.014787431034890709,0.4014827424711989
2025-01-28,0.05042667875768876,-0.00691110289466447,-0.014734628126064074,0.4014827424711989
2025-01-29,0.05039280692736749,-0.0068631813497321455,-0.014036842383738465,0.4014827424711989
2025-01-30,0.0500146268662994,-0.006709473021789753,-0.013974311049701645,0.4014827424711989
2025-01-31,0.05076754642849614,-0.007455729854055506,-0.013751425456246073,0.4014827424711989
2025-02-03,0.04985580637424469,-0.006405842637695782,-0.01223813553251587,0.4014827424711989
2025-02-04,0.049853393618023795,-0.006467593635442283,-0.013381410841690915,0.4014827424711989
2025-02-05,0.0485895178396814,-0.005154219129986776,-0.01347753056728258,0.4014827424711989
2025-02-06,0.04853438000385091,-0.005012666160774438,-0.012256609290936067,0.4014827424711989
2025-02-07,0.04867407695006949,-0.005083287404069439,-0.010128158678189142,0.4014827424711989
2025-02-10,0.04897515855512839,-0.005322730585525414,-0.010913996382162594,0.4014827424711989
2025-02-11,0.049498153575031886,-0.005847196689133138,-0.011365556130115301,0.4014827424711989
2025-02-12,0.05018251928645517,-0.006599173575831325,-0.00907344318458259,0.4014827424711989
2025-02-13,0.049016586855086225,-0.005411184537148478,-0.00971898076388084,0.4014827424711989
2025-02-14,0.04884375234622171,-0.005211515810272354,-0.011426553412601374,0.4014827424711989
2025-02-17,0.04884375234622171,-0.005211515810272354,-0.011426553412601374,0.4014827424711989
2025-02-18,0.049662624391983386,-0.006048306689766371,-0.01069505210318161,0.4014827424711989
2025-02-19,0.049490537556512885,-0.005854938581458051,-0.011293803530993268,0.4014827424711989
2025-02-20,0.049296069808875895,-0.0057209405483600925,-0.011722518684221698,0.4014827424711989
2025-02-21,0.04873505904831462,-0.005251524575596165,-0.013533460114133561,0.4014827424711989
2025-02-24,0.04883846464918581,-0.005324571886297081,-0.01489217139672318,0.4014827424711989
2025-02-25,0.047831082556849175,-0.004338591445494448,-0.016303024469582247,0.4014827424711989
2025-02-26,0.04749326853213542,-0.003811460448527648,-0.017573446638515944,0.4014827424711989
2025-02-27,0.04806740576224283,-0.004247489488635011,-0.018083188715998632,0.4014827424711989
2025-02-28,0.04784542879603838,-0.004090679503247617,-0.019843078592838962,0.4014827424711989
2025-03-03,0.047305974563999244,-0.0031670923634751075,-0.02167081648026752,0.4014827424711989
2025-03-04,0.048289444564493744,-0.004304183665748683,-0.022339127866762235,0.4014827424711989
2025-03-05,0.04859738461286139,-0.004691674712334212,-0.02053918862398854,0.4014827424711989
2025-03-06,0.04897904924801281,-0.0052167868201342515,-0.02172324839444789,0.4014827424711989
2025-03-07,0.049275519397840216,-0.005451961514391984,-0.02123975220913709,0.4014827424711989
2025-03-10,0.04874016407444151,-0.004992650268002958,-0.02398997176323199,0.4014827424711989
2025-03-11,0.049232711298300424,-0.005422769546431894,-0.023319571129614837,0.4014827424711989
2025-03-12,0.049388061617190074,-0.005584658815019752,-0.02152465815131818,0.4014827424711989
2025-03-13,0.049209382950123774,-0.005349265228467466,-0.023480946004082678,0.4014827424711989
2025-03-14,0.049104444371269915,-0.005260301333720924,-0.020801303051819785,0.4014827424711989
2025-03-17,0.04871743996027385,-0.004865784593953567,-0.01925572109577353,0.4014827424711989
2025-03-18,0.04850892298540772,-0.004558784216673561,-0.01990811234409195,0.4014827424711989
2025-03-19,0.04845499752635116,-0.004488116099054135,-0.02156900016374284,0.4014827424711989
2025-03-20,0.0484906460370445,-0.004648868156166986,-0.022335326760757716,0.4014827424711989
2025-03-21,0.04902884249355868,-0.005193537722827865,-0.023629448289674428,0.4014827424711989
2025-03-24,0.049486612623998325,-0.005734764742114226,-0.020793327707662394,0.4014827424711989
2025-03-25,0.04960514229234143,-0.005820137452757919,-0.022474523490658514,0.4014827424711989
2025-03-26,0.05004061813308866,-0.006266175529978749,-0.022390769145556717,0.4014827424711989
2025-03-27,0.05064015541776926,-0.006784851029939509,-0.023539984527713533,0.4014827424711989
2025-03-28,0.04987797220675018,-0.005887072211399964,-0.02612743900579198,0.4014827424711989
2025-03-31,0.04936283422915611,-0.0054829601394424405,-0.025646457800934414,0.4014827424711989
2025-04-01,0.04866730967105352,-0.004734291330929782,-0.02605838415115492,0.4014827424711989
2025-04-02,0.04870701616124517,-0.004786655222462922,-0.0246466055933769,0.4014827424711989
2025-04-03,0.04899961804693471,-0.0050044758883666,-0.032498496679715404,0.4014827424711989
2025-04-04,0.048136217927574464,-0.004501163338031392,-0.03156935493996536,0.4014827424711989
2025-04-07,0.05011972938283915,-0.006587033872927025,-0.0319452175104933,0.4014827424711989
2025-04-08,0.052067887386828986,-0.008560952396212986,-0.03434141161631157,0.4014827424711989
2025-04-09,0.05110277539761753,-0.007319473674064287,-0.026325139509736604,0.4014827424711989
2025-04-10,0.05319892255553414,-0.009556592850725597,-0.03112893021197774,0.4014827424711989
2025-04-11,0.05256313523413343,-0.008985759964797141,-0.025568565104369653,0.4014827424711989
2025-04-14,0.05234837377500972,-0.008716580895891727,-0.02949667657978914,0.4014827424711989
2025-04-15,0.05224042273576597,-0.00845983881629445,-0.030584334619653382,0.4014827424711989
2025-04-16,0.051973814352663225,-0.0081211346075548,-0.03279631833014818,0.4014827424711989
2025-04-17,0.052496467763939327,-0.008536630228954775,-0.032301272662918545,0.4014827424711989
2025-04-18,0.052496467763939327,-0.008536630228954775,-0.032301272662918545,0.4014827424711989
2025-04-21,0.054296006403089424,-0.010447871884066734,-0.03548966604173347,0.4014827424711989
2025-04-22,0.05363012131552841,-0.00991609412498845,-0.03333063172527252,0.4014827424711989
2025-04-23,0.05276644458350355,-0.00907535142511813,-0.030584433877915675,0.4014827424711989
2025-04-24,0.05224679140237657,-0.008427252986638763,-0.032588697129190436,0.4014827424711989
2025-04-25,0.05198519948204402,-0.008123578210294156,-0.033511788205537525,0.4014827424711989
2025-04-28,0.05181103633318951,-0.007821746218930847,-0.035936792371414304,0.4014827424711989
2025-04-29,0.05128055320515558,-0.007368516862058912,-0.03607469211678405,0.4014827424711989
2025-04-30,0.05187230931491029,-0.007904512487866344,-0.0390848582504522,0.4014827424711989
2025-05-01,0.05234316684180596,-0.008237121400715818,-0.036700442320387903,0.4014827424711989
2025-05-02,0.05237862054977869,-0.008194156914108727,-0.03274373308099156,0.4014827424711989
2025-05-05,0.05290604826277676,-0.008674080733226588,-0.03348074897490665,0.4014827424711989
2025-05-06,0.05286200420013138,-0.008668004277119657,-0.035202462829706856,0.4014827424711989
2025-05-07,0.05235653261790049,-0.007984402864199224,-0.035281474274113545,0.4014827424711989
2025-05-08,0.05261746544504136,-0.008427678220411114,-0.030936711972862522,0.4014827424711989
2025-05-09,0.052658655735018066,-0.008473970370710238,-0.031137856938756456,0.4014827424711989
2025-05-12,0.05296051165877145,-0.008541534294759519,-0.02857394170286988,0.4014827424711989
2025-05-13,0.05346406057824114,-0.009072103371820937,-0.028342118237949823,0.4014827424711989
2025-05-14,0.0536283092772998,-0.009272085291795577,-0.02690956487244993,0.4014827424711989
2025-05-15,0.053233510329394496,-0.008936610969210567,-0.029487438440707395,0.4014827424711989
2025-05-16,0.05294278406969868,-0.008583537078656854,-0.029036267269530822,0.4014827424711989
2025-05-19,0.05340737755893855,-0.008956075850726813,-0.02981115672096089,0.4014827424711989
2025-05-20,0.053919441261876706,-0.00951271918251793,-0.030525832226630696,0.4014827424711989
2025-05-21,0.05508710611394572,-0.010877676917613308,-0.029896955669870655,0.4014827424711989
2025-05-22,0.054768481092073266,-0.010330118339483607,-0.030695968355806433,0.4014827424711989
2025-05-23,0.054611406802266935,-0.010101276258287408,-0.03128562258893273,0.4014827424711989
2025-05-26,0.054611406802266935,-0.010101276258287408,-0.03128562258893273,0.4014827424711989
2025-05-27,0.053612962857703235,-0.009149279403220384,-0.03127083047299705,0.4014827424711989
2025-05-28,0.05395103849863673,-0.009472178802785069,-0.030797196375018786,0.4014827424711989
2025-05-29,0.05353327487917649,-0.009008762237135051,-0.03186482985317524,0.4014827424711989
2025-05-30,0.053661790478984187,-0.00912197356636748,-0.0332940712787177,0.4014827424711989
2025-06-02,0.054407252866129845,-0.009763368059594334,-0.033378618093575264,0.4014827424711989
2025-06-03,0.05419427486558142,-0.009643120539674716,-0.03217555725754044,0.4014827424711989
2025-06-04,0.05346376455952956,-0.008895206909123068,-0.03434066207257784,0.4014827424711989
2025-06-05,0.05300595264205277,-0.008794201196471525,-0.030892399243180386,0.4014827424711989
2025-06-06,0.05355089080388572,-0.009418699055205718,-0.027208030554576067,0.4014827424711989
2025-06-09,0.05354960485523336,-0.00925754725429706,-0.028615324500727655,0.4014827424711989
2025-06-10,0.05338968621893216,-0.009049968479616751,-0.02900725619049437,0.4014827424711989
2025-06-11,0.053403588619025,-0.008967849132275468,-0.03155089728025246,0.4014827424711989
2025-06-12,0.05254209671606164,-0.008558257797074552,-0.03064605859567339,0.4014827424711989
2025-06-13,0.0531575584511578,-0.009004210349696565,-0.030278548062935937,0.4014827424711989
2025-06-16,0.053756568596802314,-0.009590391947936656,-0.03048795125464788,0.4014827424711989
2025-06-17,0.052815835692266846,-0.008682364250889169,-0.03023526957645291,0.4014827424711989
2025-06-18,0.0527955184683922,-0.008700597288025486,-0.030270413797529733,0.4014827424711989
2025-06-19,0.0527955184683922,-0.008700597288025486,-0.030270413797529733,0.4014827424711989
2025-06-20,0.05309599582066214,-0.009213657884727656,-0.031334921223305924,0.4014827424711989
2025-06-23,0.05311460770959461,-0.009281804780112951,-0.03345672350734583,0.4014827424711989
2025-06-24,0.052944199439281595,-0.009041344730459921,-0.035206670844690084,0.4014827424711989
2025-06-25,0.053014204488101284,-0.009085876853929364,-0.03591445737206572,0.4014827424711989
2025-06-26,0.05288682653284883,-0.009252456389657052,-0.03666487336292974,0.4014827424711989
2025-06-27,0.05333163591634668,-0.00942582151344059,-0.03689778665253774,0.4014827424711989
2025-06-30,0.05276429483493145,-0.008311033412975299,-0.03827191922570951,0.4014827424711989
2025-07-01,0.052464842509400034,-0.007999797719773612,-0.03588036182137366,0.4014827424711989
2025-07-02,0.053011572679602166,-0.008529212361423219,-0.036130227797135754,0.4014827424711989
2025-07-03,0.05304483372318988,-0.008285795983713352,-0.03392580246553802,0.4014827424711989
2025-07-04,0.05304483372318988,-0.008285795983713352,-0.03392580246553802,0.4014827424711989
2025-07-07,0.05380606019339236,-0.008998330969728456,-0.03457598145128894,0.4014827424711989
2025-07-08,0.05398219649771113,-0.009181354207727414,-0.03420012459426602,0.4014827424711989
2025-07-09,0.05327016179694997,-0.00849056830247684,-0.03519217146664416,0.4014827424711989
2025-07-10,0.053156328915029444,-0.008424414572348844,-0.034512174539131184,0.4014827424711989
2025-07-11,0.05421185241858092,-0.009518638018858789,-0.03444671010309154,0.4014827424711989
2025-07-14,0.05437012460339272,-0.00963562626710433,-0.03494985855276824,0.4014827424711989
2025-07-15,0.054628286000376836,-0.009974751987805602,-0.03279493438577281,0.4014827424711989
2025-07-16,0.05492547893416322,-0.010268620179000484,-0.035613508566333614,0.4014827424711989
2025-07-17,0.05476314925943977,-0.010120246920854451,-0.03448151105115898,0.4014827424711989
2025-07-18,0.054778003997636424,-0.010150746183215653,-0.03599730412853019,0.4014827424711989
2025-07-21,0.054157334157312616,-0.009452572342641505,-0.03652543732610582,0.4014827424711989
2025-07-22,0.05387982140016215,-0.009050291445026601,-0.03741106962367979,0.4014827424711989
2025-07-23,0.054097923404093286,-0.009320640061051762,-0.035574178782100944,0.4014827424711989
2025-07-24,0.054131205489849114,-0.009344636252127028,-0.03443752518527898,0.4014827424711989
2025-07-25,0.05371052616032411,-0.008926857911183816,-0.03435141439507128,0.4014827424711989
2025-07-28,0.05417377566528758,-0.009382473426040688,-0.03483918097660311,0.4014827424711989
2025-07-29,0.0531649951382897,-0.008372228625357383,-0.035176380027807014,0.4014827424711989
2025-07-30,0.053229747365952935,-0.008315143998364392,-0.03319052874212244,0.4014827424711989
2025-07-31,0.05329224163735251,-0.008087069543000917,-0.03416818661674037,0.4014827424711989
2025-08-01,0.0533799524458693,-0.00876352448114727,-0.041105462233270884,0.4014827424711989
2025-08-04,0.05332101330161406,-0.00881428745743212,-0.04140002737060608,0.4014827424711989
2025-08-05,0.05301837852020658,-0.008349587728506195,-0.04048776408981067,0.4014827424711989
2025-08-06,0.05343842903471606,-0.008907648457519905,-0.041300261424881995,0.4014827424711989
2025-08-07,0.05334478647676893,-0.008795166990576617,-0.04029647428776931,0.4014827424711989
2025-08-08,0.0535840233848185,-0.009143689988921788,-0.039033850755267684,0.4014827424711989
2025-08-11,0.05343996189704607,-0.009016541543035085,-0.03870479833737421,0.4014827424711989
2025-08-12,0.05408868713386848,-0.009871814370477114,-0.040001800675832,0.4014827424711989
2025-08-13,0.05362556156247998,-0.009600073085557662,-0.040753809255920634,0.4014827424711989
2025-08-14,0.05400629390680855,-0.00971254594531018,-0.03987803020039642,0.4014827424711989
2025-08-15,0.05447711522365209,-0.01020795539488946,-0.03962232447023828,0.4014827424711989
2025-08-18,0.054648593819819756,-0.010278814007548258,-0.03986828109518799,0.4014827424711989
2025-08-19,0.05427712340105872,-0.010073227570320017,-0.040020308829329145,0.4014827424711989
2025-08-20,0.05407873020319172,-0.009910937693689451,-0.040029008087099,0.4014827424711989
2025-08-21,0.054241198148686456,-0.009795591982055134,-0.0389350278461212,0.4014827424711989
2025-08-22,0.054186221373691106,-0.010065619810344525,-0.04195716594807463,0.4014827424711989
2025-08-25,0.054123533640399506,-0.010076273580298452,-0.040343462832786295,0.4014827424711989
2025-08-26,0.054568815160529444,-0.01067384301187969,-0.04292224923077589,0.4014827424711989
2025-08-27,0.054881277957809,-0.011003369260680802,-0.04483905427585152,0.4014827424711989
2025-08-28,0.05431475861420715,-0.010399678535349604,-0.04379148060882931,0.4014827424711989
2025-08-29,0.0548714852665431,-0.011159576901429036,-0.044965436071137455,0.4014827424711989
2025-09-01,0.0548714852665431,-0.011159576901429036,-0.044965436071137455,0.4014827424711989
2025-09-02,0.055249173930545806,-0.011853520281790667,-0.043101183617516824,0.4014827424711989
2025-09-03,0.05451311163637974,-0.011468434747591103,-0.04303128675251271,0.4014827424711989
2025-09-04,0.054055801255998244,-0.011141754691068161,-0.04323825790289099,0.4014827424711989
2025-09-05,0.053238793401309804,-0.011130605267944692,-0.043009722693446474,0.4014827424711989
2025-09-08,0.052220837063291385,-0.01019397742978544,-0.041733950590020635,0.4014827424711989
2025-09-09,0.05241075603525439,-0.010386490134511185,-0.04075371980093656,0.4014827424711989
2025-09-10,0.05199471632895166,-0.010126443061222633,-0.04038409830757339,0.4014827424711989
2025-09-11,0.05148425208899687,-0.009784918448216818,-0.03961174898109201,0.4014827424711989
2025-09-12,0.05174625214749463,-0.009993026540334245,-0.038520645248910475,0.4014827424711989
2025-09-15,0.05156481520075974,-0.010017932585233081,-0.038493884795249574,0.4014827424711989
2025-09-16,0.05149928286218046,-0.010102094086009764,-0.03885509195597032,0.4014827424711989
2025-09-17,0.05145280688448032,-0.010386935216452214,-0.03723690273799091,0.4014827424711989
2025-09-18,0.0520636362515373,-0.010873180479144939,-0.03697926284964935,0.4014827424711989
2025-09-19,0.05244777631813455,-0.011331132195369707,-0.0371478085152807,0.4014827424711989
2025-09-22,0.052450815027890944,-0.011538963430248631,-0.0357580720116368,0.4014827424711989
2025-09-23,0.05219632202116885,-0.0112965145327582,-0.03651815092204712,0.4014827424711989
2025-09-24,0.05248953551085353,-0.01143855992646206,-0.036164085962046746,0.4014827424711989
2025-09-25,0.05216097023564262,-0.010762970159532453,-0.03438463623995342,0.4014827424711989
2025-09-26,0.05235321615651924,-0.011199831403832797,-0.034072032010457554,0.4014827424711989
2025-09-29,0.05170898948270538,-0.01045448092655133,-0.034016445133445025,0.4014827424711989
2025-09-30,0.052007850292884274,-0.010863990838347489,-0.034490736210786216,0.4014827424711989
2025-10-01,0.05206475977967476,-0.011115251802597027,-0.03622751606287433,0.4014827424711989
2025-10-02,0.0517692533302506,-0.010517832336156871,-0.036622980746713656,0.4014827424711989
2025-10-03,0.05192570690935635,-0.01063465854894382,-0.035641348332279804,0.4014827424711989
2025-10-06,0.05234396843030848,-0.011232824515336502,-0.03472477242632834,0.4014827424711989
2025-10-07,0.05215639354390011,-0.011060076551202138,-0.035980339822735054,0.4014827424711989
2025-10-08,0.05192236923104765,-0.010818001662046117,-0.035169283318873826,0.4014827424711989
2025-10-09,0.051920504338489284,-0.010755230082877664,-0.03476824529020238,0.4014827424711989
2025-10-10,0.05107458984052318,-0.009991103143515055,-0.03613077516887625,0.4014827424711989
2025-10-13,0.05107458984052318,-0.009991103143515055,-0.03613077516887625,0.4014827424711989
2025-10-14,0.05120772103749633,-0.010071291641863041,-0.03802630804987239,0.4014827424711989
2025-10-15,0.05131218649624465,-0.010064604483675771,-0.03731108874524148,0.4014827424711989
2025-10-16,0.05107988198043699,-0.00990462440102071,-0.03983870278454982,0.4014827424711989
2025-10-17,0.05103544821777399,-0.010067006977601767,-0.03777039255742375,0.4014827424711989
2025-10-20,0.05070064923998432,-0.009988219098177546,-0.036897678535237476,0.4014827424711989
2025-10-21,0.05030448606712349,-0.009695762928076338,-0.03648327475973331,0.4014827424711989
2025-10-22,0.05020161746794439,-0.00964449498874309,-0.0364198197460459,0.4014827424711989
2025-10-23,0.05043006894545136,-0.009905911688690813,-0.03511195767648208,0.4014827424711989
2025-10-24,0.05054594910993062,-0.01019510601875024,-0.03500046480667631,0.4014827424711989
2025-10-27,0.05022910220119023,-0.010180117284614983,-0.033748250874227885,0.4014827424711989
2025-10-28,0.04994916128382684,-0.00998960050249776,-0.03341652764993202,0.4014827424711989
2025-10-29,0.05011507915601814,-0.010013426376229588,-0.029909933354538107,0.4014827424711989
2025-10-30,0.050647712282121934,-0.010519344758721613,-0.030263258356112016,0.4014827424711989
2025-10-31,0.0508898550752349,-0.010778899914602777,-0.0310097584875997,0.4014827424711989
2025-11-03,0.05122127753178217,-0.010788593224199845,-0.03193045253131058,0.4014827424711989
2025-11-04,0.05099760929157269,-0.010842473990017778,-0.031880336667006515,0.4014827424711989
2025-11-05,0.051581991751723476,-0.011534458009685774,-0.03039051870018862,0.4014827424711989
2025-11-06,0.051298105664591705,-0.011302121772663723,-0.03241447196388006,0.4014827424711989
2025-11-07,0.0515120313471318,-0.011587659085990892,-0.03312263429410334,0.4014827424711989
2025-11-10,0.05160580033797428,-0.011401202038594058,-0.03289239207394391,0.4014827424711989
2025-11-11,0.05160580033797428,-0.011401202038594058,-0.03289239207394391,0.4014827424711989
2025-11-12,0.05113563919080245,-0.010948011261933222,-0.0330648607803399,0.4014827424711989
2025-11-13,0.05149998473662108,-0.011140295735104916,-0.03307853806593507,0.4014827424711989
2025-11-14,0.05178950704067819,-0.01151293480128682,-0.032200787737276505,0.4014827424711989
2025-11-17,0.05171700376146448,-0.011328515844416395,-0.03287619289550993,0.4014827424711989
2025-11-18,0.05190013744033131,-0.011723829086699812,-0.03346752204316861,0.4014827424711989
2025-11-19,0.05188071515231393,-0.011693494939225304,-0.03312510176421618,0.4014827424711989
2025-11-20,0.05176021315334798,-0.011506370108681968,-0.03423117297860878,0.4014827424711989
2025-11-21,0.0517783809106558,-0.011716545930192293,-0.03581863334689679,0.4014827424711989
2025-11-24,0.05153022327139951,-0.011424774488062419,-0.036181757207818174,0.4014827424711989
2025-11-25,0.05153283610066029,-0.011358362575123501,-0.037676496939427644,0.4014827424711989
2025-11-26,0.05115819554971313,-0.010811383123615566,-0.03715415515000921,0.4014827424711989
2025-11-27,0.05115819554971313,-0.010811383123615566,-0.03715415515000921,0.4014827424711989
2025-11-28,0.051323138662405864,-0.011256527117572333,-0.03610365214645498,0.4014827424711989
2025-12-01,0.051850746215176095,-0.012385308313189208,-0.033297089071809186,0.4014827424711989
2025-12-02,0.05176455124955191,-0.012867064805048931,-0.03252632651156329,0.4014827424711989
2025-12-03,0.0515891768133343,-0.013186009977667938,-0.03242204182604705,0.4014827424711989
2025-12-04,0.05180311300348117,-0.013483114958145602,-0.03085250680547004,0.4014827424711989
2025-12-05,0.051968698227979816,-0.013766450572130145,-0.029639468676852274,0.4014827424711989
2025-12-08,0.05227860371540284,-0.014041831901231618,-0.02953848404395986,0.4014827424711989
2025-12-09,0.05194150782496089,-0.013761978745100694,-0.02774372310311369,0.4014827424711989
2025-12-10,0.051894234420864715,-0.014000067216382948,-0.029281192907920937,0.4014827424711989
2025-12-11,0.05205720640425858,-0.014471173783151724,-0.02933300681681169,0.4014827424711989
2025-12-12,0.052803605175432436,-0.015545817939682339,-0.029223889975843652,0.4014827424711989
2025-12-15,0.052757919423004784,-0.01534090123786255,-0.030020018971615874,0.4014827424711989
2025-12-16,0.05260238351008876,-0.015185863368446042,-0.031026299409168914,0.4014827424711989
2025-12-17,0.05263990871861058,-0.015386117429232782,-0.03041524282463404,0.4014827424711989
2025-12-18,0.05230100721777715,-0.01517781123513244,-0.030826649111164124,0.4014827424711989
2025-12-19,0.05248994280126122,-0.01537035649128933,-0.02989500939488869,0.4014827424711989
2025-12-22,0.05271307744646907,-0.015495565905614479,-0.030214086038185126,0.4014827424711989
2025-12-23,0.05251843499152589,-0.015387947762283367,-0.02907874219204692,0.4014827424711989
2025-12-24,0.05218838213888811,-0.014882400870321055,-0.029613387780266832,0.4014827424711989
2025-12-25,0.05218838213888811,-0.014882400870321055,-0.029613387780266832,0.4014827424711989
2025-12-26,0.05239655359482217,-0.015304710194937357,-0.03020982865956361,0.4014827424711989
2025-12-29,0.05237369769605521,-0.015137946665736108,-0.031014938240586494,0.4014827424711989
2025-12-30,0.05246567336807737,-0.015521442208026582,-0.030443103285359062,0.4014827424711989
2025-12-31,0.05281655488816704,-0.01555289616407948,-0.03031544274026495,0.4014827424711989
2026-01-01,0.05281655488816704,-0.01555289616407948,-0.03031544274026495,0.4014827424711989
2026-01-02,0.053028265161481826,-0.015957858352717073,-0.03017229692613236,0.4014827424711989
2026-01-05,0.05290138536994336,-0.015863130432081787,-0.030656664971275876,0.4014827424711989
2026-01-06,0.052950047337072266,-0.01601369997250903,-0.030170177312766562,0.4014827424711989
2026-01-07,0.0524413255687042,-0.01552321401776574,-0.02969021712410895,0.4014827424711989
2026-01-08,0.05271407680821906,-0.0158803961571484,-0.028872859828209963,0.4014827424711989
2026-01-09,0.052098775665836754,-0.015216722965082887,-0.02702384339826515,0.4014827424711989
2026-01-12,0.05231787523278256,-0.015213360076079926,-0.027477511475723658,0.4014827424711989
2026-01-13,0.052378366728385084,-0.015187357096761233,-0.028419682438465356,0.4014827424711989
2026-01-14,0.05194350259131055,-0.014764757590902955,-0.02842838242072872,0.4014827424711989
2026-01-15,0.051733891277069705,-0.014406734780816687,-0.02656981651217094,0.4014827424711989
2026-01-16,0.05213988969669898,-0.014956744453468476,-0.025249865444972132,0.4014827424711989
2026-01-19,0.05213988969669898,-0.014956744453468476,-0.025249865444972132,0.4014827424711989
2026-01-20,0.053186326020864094,-0.01595168161435378,-0.026227816918439627,0.4014827424711989
2026-01-21,0.052655639678059446,-0.015337597985608856,-0.02624950647084252,0.4014827424711989
2026-01-22,0.05224784937159841,-0.0148473906037767,-0.025228131215930892,0.4014827424711989
2026-01-23,0.05205388734391621,-0.014700545674627991,-0.025211569059403388,0.4014827424711989
2026-01-26,0.05181750777282705,-0.014584501843112132,-0.025219005480632026,0.4014827424711989
2026-01-27,0.05239988557812619,-0.015199697074583341,-0.02654162490654096,0.4014827424711989
2026-01-28,0.05254943389594763,-0.015292410923734585,-0.02614558029949353,0.4014827424711989
2026-01-29,0.05258736146137703,-0.015489713458999157,-0.02702125569318424,0.4014827424711989
2026-01-30,0.05299580261663647,-0.01592157533880096,-0.02813330462720365,0.4014827424711989
2026-02-02,0.05317617551031471,-0.01606472022100158,-0.027097733483733684,0.4014827424711989
2026-02-03,0.05315893405677618,-0.01603066249621202,-0.027217779940282363,0.4014827424711989
2026-02-04,0.053301176100097554,-0.016176771061708332,-0.027363002482932573,0.4014827424711989
2026-02-05,0.0529276542752678,-0.015890726979414314,-0.029793435774108278,0.4014827424711989
2026-02-06,0.05286390989461522,-0.01578623389532048,-0.029051623981592483,0.4014827424711989
2026-02-09,0.052916493080906846,-0.01582087688320295,-0.029633370094937238,0.4014827424711989
2026-02-10,0.05229364487747271,-0.015191630143038575,-0.03029914839625565,0.4014827424711989
2026-02-11,0.052369652019209845,-0.015170298724094717,-0.028697670046599136,0.4014827424711989
2026-02-12,0.05146707485030195,-0.014178372217121857,-0.029775105770070295,0.4014827424711989
2026-02-13,0.051336517778411646,-0.014006029018817635,-0.031808668873701644,0.4014827424711989
2026-02-16,0.051336517778411646,-0.014006029018817635,-0.031808668873701644,0.4014827424711989
2026-02-17,0.05099905945286242,-0.013598700175655402,-0.03027609169829279,0.4014827424711989
2026-02-18,0.051177767263713786,-0.013809896674170322,-0.029274974643089004,0.4014827424711989
2026-02-19,0.051047169475705846,-0.013642476087200359,-0.029271282840387304,0.4014827424711989
2026-02-20,0.05126948042839607,-0.013791582014597677,-0.029723574548537888,0.4014827424711989
2026-02-23,0.051199757009940866,-0.013565071982875532,-0.03181303052910574,0.4014827424711989
2026-02-24,0.0511210450342157,-0.013512925947289606,-0.03102391029175352,0.4014827424711989
2026-02-25,0.05102713391595557,-0.013463748983312027,-0.0302973409624068,0.4014827424711989
2026-02-26,0.05083542726949079,-0.013158452026511485,-0.0314272392640832,0.4014827424711989
2026-02-27,0.050735892496390086,-0.013037976489624271,-0.03341831989651659,0.4014827424711989
2026-03-02,0.05109994128211918,-0.013135249721860327,-0.030909764365626924,0.4014827424711989
2026-03-03,0.05104838541341841,-0.013080888532604171,-0.030236599075892923,0.4014827424711989
2026-03-04,0.05108360733139987,-0.01316456975300401,-0.028747296920853982,0.4014827424711989
2026-03-05,0.05126376597268076,-0.013475358562090013,-0.027311155244420106,0.4014827424711989
2026-03-06,0.05171828988422692,-0.014074505498012594,-0.027974292147242938,0.4014827424711989
2026-03-09,0.051148282511258206,-0.013356963806977065,-0.02761582977545342,0.4014827424711989
2026-03-10,0.051788382839164065,-0.013998070730040946,-0.028269815528308276,0.4014827424711989
2026-03-11,0.05248313824550633,-0.014693665493553415,-0.027376252182396463,0.4014827424711989
2026-03-12,0.0522800601174576,-0.014477546479114842,-0.023496667607359092,0.4014827424711989
2026-03-13,0.05268812464351928,-0.014902267242087236,-0.024466618437264186,0.4014827424711989
2026-03-16,0.05234043445214624,-0.014395622365821297,-0.02620958653432644,0.4014827424711989
2026-03-17,0.05213776924684818,-0.014237296210395527,-0.02623391816155544,0.4014827424711989
2026-03-18,0.05209892595098341,-0.014220324218383821,-0.023272621559528157,0.4014827424711989
2026-03-19,0.0514325225299773,-0.01348948344187063,-0.02134225486716021,0.4014827424711989
2026-03-20,0.052724517988670776,-0.014786046684290819,-0.01928721508491116,0.4014827424711989
2026-03-23,0.05241050664185439,-0.01449031147736744,-0.02063326787374111,0.4014827424711989
2026-03-24,0.05233594792696865,-0.014439288249946499,-0.017844848502773777,0.4014827424711989
2026-03-25,0.05196131312676193,-0.014135003572428372,-0.019237716458210215,0.4014827424711989
2026-03-26,0.05198166953035347,-0.014257284098021041,-0.01496291703686576,0.4014827424711989
2026-03-27,0.0529172888696543,-0.015271978644860268,-0.017939219433539183,0.4014827424711989
2026-03-30,0.05238739216127936,-0.01477277897773905,-0.02003709899601575,0.4014827424711989
2026-03-31,0.052116941903649336,-0.014504243375804308,-0.021171201396495164,0.4014827424711989
2026-04-01,0.05235598897421618,-0.014832520175304533,-0.02024848055280739,0.4014827424711989
2026-04-02,0.05205148002410905,-0.014561411601210213,-0.02042213673012406,0.4014827424711989
2026-04-03,0.052136839559148995,-0.014670693154264825,-0.01860193771708455,0.4014827424711989
2026-04-06,0.05191040705816327,-0.014341248272831793,-0.018566814005939975,0.4014827424711989
2026-04-07,0.05223345522637134,-0.01484076685632649,-0.020140031742589132,0.4014827424711989
2026-04-08,0.05206477247737701,-0.014676787556777315,-0.020878945447627598,0.4014827424711989
2026-04-09,0.05223008925704248,-0.01496075553391818,-0.021245786741138056,0.4014827424711989
2026-04-10,0.052220529526393014,-0.014879206776071182,-0.02037013159641849,0.4014827424711989
2026-04-13,0.05224616864576001,-0.014668451122893552,-0.021505093998775177,0.4014827424711989
2026-04-14,0.05195150387359039,-0.014215176018485064,-0.0225135911737772,0.4014827424711989
2026-04-15,0.052216769873560026,-0.014545979147942135,-0.022176736493709413,0.4014827424711989
2026-04-16,0.052589042507025015,-0.015118234213476103,-0.02194466598244135,0.4014827424711989
2026-04-17,0.052337228541408626,-0.014866572471422555,-0.024062361552987376,0.4014827424711989
2026-04-20,0.0522690634703052,-0.014689220672969117,-0.02375715331803783,0.4014827424711989
2026-04-21,0.052074085663520384,-0.014684412657477233,-0.02090927581751271,0.4014827424711989
2026-04-22,0.052111348312840124,-0.014715153837525918,-0.020811418244772936,0.4014827424711989
2026-04-23,0.05226507693781607,-0.014901541014411619,-0.019688981310529968,0.4014827424711989
2026-04-24,0.052314269485142784,-0.014942412403411348,-0.021266981154143175,0.4014827424711989
2026-04-27,0.05270327640126992,-0.015327837602950686,-0.02105308395165912,0.4014827424711989
2026-04-28,0.05243343133821877,-0.015163924912067375,-0.01916363460825244,0.4014827424711989
2026-04-29,0.05258565703306781,-0.015388505117252486,-0.01653869555194608,0.4014827424711989
2026-04-30,0.052831506819005246,-0.01550097977504726,-0.01851139432002269,0.4014827424711989
2026-05-01,0.052664288621654884,-0.015362354985415078,-0.018136399531319097,0.4014827424711989
2026-05-04,0.052978394215070654,-0.015508021636112174,-0.016585087325886465,0.4014827424711989
2026-05-05,0.05254565851928873,-0.015217223164473236,-0.015890823456870852,0.4014827424711989
2026-05-06,0.052294767099081076,-0.014865179063968902,-0.018460453811858794,0.4014827424711989
2026-05-07,0.05251910504346883,-0.015071950356890941,-0.017093003346941936,0.4014827424711989
2026-05-08,0.05227417197097269,-0.014834541872433354,-0.017456717025411413,0.4014827424711989
2026-05-11,0.05247969965691254,-0.01495422102936568,-0.016214206553737363,0.4014827424711989
2026-05-12,0.0528688752627731,-0.015409903267250096,-0.015110044083680295,0.4014827424711989
2026-05-13,0.05298982750506804,-0.01556693847339577,-0.01558214774000376,0.4014827424711989
2026-05-14,0.05269045417613654,-0.01531842669513456,-0.014290957735200728,0.4014827424711989
2026-05-15,0.053657339591666506,-0.01650303373093836,-0.011532814032931157,0.4014827424711989
2026-05-18,0.05383041001035606,-0.016816904238143283,-0.011572751988801444,0.4014827424711989
2026-05-19,0.05407866268601318,-0.01731116250689536,-0.009383301473446294,0.4014827424711989
2026-05-20,0.053466346989793447,-0.016712255313142375,-0.011757876259999835,0.4014827424711989
2026-05-21,0.05326404932994529,-0.01605113945426193,-0.011343565670465485,0.4014827424711989
2026-05-22,0.05259632027968635,-0.015374233440700175,-0.009114857630971224,0.4014827424711989
2026-05-25,0.05259632027968635,-0.015374233440700175,-0.009114857630971224,0.4014827424711989
2026-05-26,0.052642398666447265,-0.015283695344775299,-0.012535341505476237,0.4014827424711989
2026-05-27,0.052446740237404914,-0.015127302662806368,-0.012649874597942968,0.4014827424711989
2026-05-28,0.0521263087553348,-0.014730293270502078,-0.012932350512966708,0.4014827424711989
2026-05-29,0.05227970376904562,-0.014873559097417305,-0.013754797449534272,0.4014827424711989
2026-06-01,0.05212409179817408,-0.014429411988239996,-0.01229145240399733,0.4014827424711989
2026-06-02,0.051869975818619685,-0.014252204551260847,-0.011906327277509052,0.4014827424711989
2026-06-03,0.05196539129422348,-0.014403158723441483,-0.010607238580282053,0.4014827424711989
2026-06-04,0.051898773315285425,-0.014315009187588806,-0.011595314386926677,0.4014827424711989
2026-06-05,0.05185087237139603,-0.014328874030187882,-0.007438489539308275,0.4014827424711989
2026-06-08,0.05221695914015559,-0.014651636298976308,-0.008389545141765974,0.4014827424711989
2026-06-09,0.051991467765207654,-0.014365803979903172,-0.00903269434173206,0.4014827424711989
2026-06-10,0.05223897847213425,-0.014627232818800712,-0.009149855596601149,0.4014827424711989
2026-06-11,0.0515855690090614,-0.01394277842491213,-0.0111826833336535,0.4014827424711989
2026-06-12,0.05168293394907402,-0.014059709464616401,-0.010173408723359981,0.4014827424711989
2026-06-15,0.05176978592351402,-0.014111739205835118,-0.011230244879683653,0.4014827424711989
2026-06-16,0.05123395566361122,-0.013614503411147855,-0.011046980773138421,0.4014827424711989
2026-06-17,0.05062081470939027,-0.012596455209048204,-0.005978061332786894,0.4014827424711989
2026-06-18,0.05031100614642277,-0.01211444473061444,-0.006719075652224314,0.4014827424711989
2026-06-19,0.05031100614642277,-0.01211444473061444,-0.006719075652224314,0.4014827424711989
2026-06-22,0.05069463546939755,-0.012414448587953441,-0.005449222635923453,0.4014827424711989
2026-06-23,0.0508254758887517,-0.012668532834847158,-0.006637674938068902,0.4014827424711989
2026-06-24,0.0500634581551216,-0.0117380437200046,-0.008462276165664282,0.4014827424711989
2026-06-25,0.05024180628803546,-0.011790133193583423,-0.00985008278126729,0.4014827424711989
2026-06-26,0.05046450603819886,-0.01200563667590795,-0.011392263270298523,0.4014827424711989
2026-06-29,0.05025852642831113,-0.011449903447645278,-0.010984114068801133,0.4014827424711989
2026-06-30,0.05080214411547837,-0.01208848679376032,-0.00997487361913903,0.4014827424711989
2026-07-01,0.05119684753607093,-0.01274101577490569,-0.008679578905861894,0.4014827424711989
2026-07-02,0.0515909786778675,-0.013213406395825033,-0.009951788699012042,0.4014827424711989
2026-07-03,0.0515909786778675,-0.013213406395825033,-0.009951788699012042,0.4014827424711989
2026-07-06,0.051781804456636216,-0.013222453151158338,-0.011286086948867742,0.4014827424711989
2026-07-07,0.052239051171870284,-0.013612583016462856,-0.00982806775728471,0.4014827424711989
2026-07-08,0.05224265107534407,-0.013736550387489757,-0.008614181038617025,0.4014827424711989
2026-07-09,0.05238452705695279,-0.013892008031169939,-0.010309417713161594,0.4014827424711989
2026-07-10,0.05233165041238595,-0.013717587175714772,-0.009103265367836951,0.4014827424711989
2026-07-13,0.05250481516625561,-0.013625560273043222,-0.007449137960212074,0.4014827424711989
2026-07-14,0.05263278787850616,-0.014190247907773287,-0.009379112086101583,0.4014827424711989
2026-07-15,0.05279955057017803,-0.014398383856857447,-0.011483755044135197,0.4014827424711989
2026-07-16,0.05291292815445073,-0.014340838618624643,-0.011211328301211151,0.4014827424711989
2026-07-17,0.05244417134540462,-0.013877223433110056,-0.010116668825692218,0.4014827424711989
2026-07-20,0.052909412561739526,-0.014291736000261526,-0.009443882843315515,0.4014827424711989
2026-07-21,0.0529177889634337,-0.014118717468218935,-0.008000274228994853,0.4014827424711989
2026-07-22,0.053072018336809225,-0.014106243945520385,-0.007166554233771394,0.4014827424711989
2026-07-23,0.05322091784785765,-0.013757888780936109,-0.006446090956658586,0.4014827424711989
2026-07-24,0.053214737623193537,-0.01376808204127458,-0.007576092769272085,0.4014827424711989
2026-07-27,0.05281344215537056,-0.01326822298498941,-0.007827514087996298,0.4014827424711989
2026-07-28,0.05251285320874911,-0.013397592728462618,-0.008208542898255806,0.4014827424711989
2026-07-29,0.05395516107279601,-0.015522073823394891,-0.00962700603363362,0.4014827424711989
2026-07-30,0.054119131014964336,-0.015476454902560114,-0.010055278240127977,0.4014827424711989
2026-07-31,0.05464663792240992,-0.016067995087624763,-0.008725026270427094,0.4014827424711989
2026-08-03,0.05429308625917804,-0.015220708777730407,-0.010375615866414537,0.4014827424711989
2026-08-04,0.053908792108617945,-0.01489355682215936,-0.011951094010163156,0.4014827424711989
2026-08-05,0.05389404637956964,-0.014998580217893236,-0.011946611373585131,0.4014827424711989
2026-08-06,0.05418276552958244,-0.015196434141668547,-0.010285943260394148,0.4014827424711989
2026-08-07,0.05412973753978534,-0.015347174307224452,-0.011754599344045276,0.4014827424711989
2026-08-10,0.05459057510495728,-0.015706510387369303,-0.010476191665595193,0.4014827424711989
2026-08-11,0.054678244908880784,-0.015777293175462965,-0.011638772359434307,0.4014827424711989
2026-08-12,0.05468138442953969,-0.015947950150705263,-0.012067338406125016,0.4014827424711989
2026-08-13,0.05451031089744842,-0.01574948425387385,-0.013781448690056281,0.4014827424711989
2026-08-14,0.054942642387870375,-0.016250352593362636,-0.013112383100559382,0.4014827424711989
2026-08-17,0.05560399953118797,-0.016849510272938083,-0.013652707560471492,0.4014827424711989
2026-08-18,0.05524247057664066,-0.016618101197147853,-0.012859039608811195,0.4014827424711989
2026-08-19,0.053931726293408054,-0.01533619033467356,-0.011148150557183118,0.4014827424711989
2026-08-20,0.054422310779225026,-0.015772846965028675,-0.011317720705413346,0.4014827424711989
2026-08-21,0.05476085925298502,-0.01605831044731447,-0.01031738245506825,0.4014827424711989
2026-08-24,0.05418869186672838,-0.0154978046554872,-0.009636900893375315,0.4014827424711989
2026-08-25,0.05378189960414631,-0.015083991987203619,-0.011204502739516531,0.4014827424711989
2026-08-26,0.05377055081108976,-0.015148967202711562,-0.010098973016619845,0.4014827424711989
2026-08-27,0.05384138493428474,-0.015198940656467857,-0.009865135925863949,0.4014827424711989
2026-08-28,0.05363881279709066,-0.014473884377190771,-0.006605931552560921,0.4014827424711989
2026-08-31,0.054063933289221267,-0.014902850456626825,-0.007118000244853264,0.4014827424711989
2026-09-01,0.054098523305676556,-0.014965752521269898,-0.005257838726280233,0.4014827424711989
