{
  "PC1": {
    "kappa": 44.59200150360935,
    "theta": -0.0037746992298003314,
    "sigma": 12.437920928192737,
    "half_life_days": 3.917139478185743,
    "log_likelihood": -2271.86966209212
  },
  "PC2": {
    "kappa": 0.5157297634941529,
    "theta": 0.34471663057457014,
    "sigma": 1.2504424259012425,
    "half_life_days": 338.69111667643085,
    "log_likelihood": 2343.2092200486168
  },
  "PC3": {
    "kappa": 50.0,
    "theta": -0.003519308769384319,
    "sigma": 8.294855774076662,
    "half_life_days": 3.4934617900221245,
    "log_likelihood": -1405.8168777250892
  },
  "PC4": {
    "kappa": 32.626746527156335,
    "theta": 0.00023244831826147952,
    "sigma": 3.5415677736167543,
    "half_life_days": 5.353677828579075,
    "log_likelihood": 301.5230893344592
  }
}