,PC1,PC2,PC3,PC4
b0_level,-0.17793748937153694,0.6975514205120901,-0.5457418109299361,0.42886611129889196
b1_slope,0.03645402093600705,0.6962335912891021,0.6621940122594545,-0.27464337029318886
b2_curvature,0.7149518864065283,-0.02063198592051496,0.2525938761248866,0.6516244739302907
lambda,0.6751689820759676,0.16809260322578273,-0.44705849692724187,-0.5621658320357409
