DATE,PC1,PC2,PC3
2018-01-02,-1.2025824021350198,0.26722597639813334,0.18088173071693436
2018-01-03,-1.2436734162018683,0.3287949936885269,0.17496859974446172
2018-01-04,-1.2715958035283874,0.36374395333125986,0.19344563615502886
2018-01-05,-1.2989096275338587,0.3521869511958032,0.22912824170455504
2018-01-08,-1.2643824843271048,0.33859054524709165,0.2172275256762547
2018-01-09,-1.2888824285427767,0.27463426098520255,0.3027153502936699
2018-01-10,-1.2734153506756347,0.25345237789527475,0.300571444550747
2018-01-11,-1.250827025280043,0.220265282495319,0.29827983325659835
2018-01-12,-1.3262818747642724,0.3526260797298469,0.3006463773006333
2018-01-15,-1.3262818747642724,0.3526260797298469,0.3006463773006333
2018-01-16,-1.3222718066466161,0.4085665582834648,0.2736758512521931
2018-01-17,-1.3728276492337241,0.44495652135158026,0.31508574670951994
2018-01-18,-1.3815117965918526,0.38383577765462473,0.38183427187850805
2018-01-19,-1.4198248192495107,0.41078349390324287,0.4120821107725686
2018-01-22,-1.426778127373807,0.41069625206391625,0.43087208588166964
2018-01-23,-1.4092137945759728,0.4012203590727305,0.39702098920961626
2018-01-24,-1.4153553061490212,0.3769559089272736,0.42860080569968484
2018-01-25,-1.4373700335707407,0.4426942570483873,0.39912134899295715
2018-01-26,-1.4957657200964642,0.4967331261435999,0.45114445296449857
2018-01-29,-1.4670996024193217,0.4533445342934562,0.4699590429388608
2018-01-30,-1.3533411974728042,0.3767859335490099,0.4463450096825854
2018-01-31,-1.4139874882272192,0.4758843032702141,0.4456695790854539
2018-02-01,-1.4440580660486302,0.4335025870145911,0.5281290823228969
2018-02-02,-1.4256921738010733,0.32323760081277725,0.5944571264518519
2018-02-05,-1.3189838995525551,0.23930246839949984,0.49677524491205083
2018-02-06,-1.2940451913562137,0.2415943279332126,0.4990919630336095
2018-02-07,-1.3468229165132577,0.23631195652722695,0.585458277779728
2018-02-08,-1.348812386508199,0.19613235475118182,0.6090186480532108
2018-02-09,-1.2780102815073917,0.08640518018831397,0.5753385507820047
2018-02-12,-1.2676583616735497,0.15960628272391889,0.564890055165421
2018-02-13,-1.287218871768399,0.20753707654042283,0.5411867981791245
2018-02-14,-1.3926115003306838,0.2705392096972084,0.6650615087594205
2018-02-15,-1.4215161712014872,0.34026678614231415,0.6483249388119149
2018-02-16,-1.3653355987876585,0.3396634627722803,0.5943198440459603
2018-02-19,-1.3653355987876585,0.3396634627722803,0.5943198440459603
2018-02-20,-1.3252108746801583,0.3271800357592968,0.5865461759706084
2018-02-21,-1.342168190110009,0.268166082227547,0.6665840852630293
2018-02-22,-1.3552551496440155,0.26633806359963536,0.6599365019787178
2018-02-23,-1.3116965863327348,0.2909701617125844,0.5854868684023649
2018-02-26,-1.2652039159671362,0.2610900183268383,0.550821772014602
2018-02-27,-1.2885423345350469,0.324262571681132,0.582289958430629
2018-02-28,-1.2896953987447777,0.36054545583246855,0.5436242343053027
2018-03-01,-1.2411860606044007,0.32984876960845666,0.4751187783168865
2018-03-02,-1.2619743898182971,0.31872507522472143,0.5347455687042101
2018-03-05,-1.2337176801973482,0.28793900351874413,0.5413346895262534
2018-03-06,-1.243866730615803,0.3258415544557193,0.5307945187364086
2018-03-07,-1.2337372203132513,0.30271145405165256,0.536756032654804
2018-03-08,-1.2270128871558343,0.3289142159677672,0.5053725820189342
2018-03-09,-1.2490162701056153,0.31884913063970066,0.5489441460939107
2018-03-12,-1.21304558768392,0.3454319376288677,0.4927540389790714
2018-03-13,-1.1731403800217017,0.3435891793009228,0.44594582369879404
2018-03-14,-1.1323986269907396,0.4013983785664852,0.37500138197125593
2018-03-15,-1.1486944311807494,0.43524907059822443,0.381000141364021
2018-03-16,-1.1531807171137243,0.4294828779228478,0.40798623593961836
2018-03-19,-1.1359288111851393,0.4140141831842844,0.4064533824982689
2018-03-20,-1.1440119826085464,0.410734554244368,0.4447649188066699
2018-03-21,-1.189238411965074,0.3986752996422042,0.4749507315315919
2018-03-22,-1.1908316712026739,0.4457146900210326,0.41033812255660196
2018-03-23,-1.1535393480046978,0.40071573130649124,0.3921373150412531
2018-03-26,-1.15593113748469,0.42795143256168194,0.40965815449281423
2018-03-27,-1.1100023179436813,0.4170147086763039,0.32978126954724885
2018-03-28,-1.173909496102574,0.5002558332814551,0.34393638937565735
2018-03-29,-1.180151108503505,0.5273995348901287,0.3088547309615306
2018-03-30,-1.180151108503505,0.5273995348901287,0.3088547309615306
2018-04-02,-1.1209962658663084,0.4779539820007612,0.279396698550478
2018-04-03,-1.1579537909185418,0.4731717546594832,0.3501792033526533
2018-04-04,-1.1964285623302704,0.47388725550278643,0.3805247506675297
2018-04-05,-1.1995443447880216,0.45111886715017346,0.4212769844018718
2018-04-06,-1.1582923702907189,0.45945565586147274,0.34064767715447
2018-04-09,-1.1717292406476871,0.4950747330118691,0.3493576713673949
2018-04-10,-1.2338805116162554,0.5548931499886212,0.38143536806824224
2018-04-11,-1.2392797815828396,0.59640397114643,0.35780509928979615
2018-04-12,-1.2512571287040273,0.5717772633029062,0.4174149140109684
2018-04-13,-1.2653863870621203,0.625459136317708,0.40371346306597017
2018-04-16,-1.2732989504699384,0.6520900477697238,0.40658107380233777
2018-04-17,-1.2491731697582336,0.6978318333852964,0.3640304144058687
2018-04-18,-1.2802516349269217,0.6719044472137976,0.4400744858183138
2018-04-19,-1.2810750404060254,0.6285272271756387,0.4948019585486374
2018-04-20,-1.3264774387622362,0.6453272158377975,0.5486959545927972
2018-04-23,-1.3057843808669645,0.6686609080837201,0.5442291137637906
2018-04-24,-1.275813809117647,0.6021885246077163,0.5608795883016974
2018-04-25,-1.3105602312119322,0.5776016609540662,0.6147647712854062
2018-04-26,-1.3418092391450598,0.6266061377492247,0.596219634661787
2018-04-27,-1.3506879913695151,0.6914004039554084,0.5490183575047228
2018-04-30,-1.3154924491573308,0.7062935642026208,0.5093839035366429
2018-05-01,-1.3297868114090279,0.7200896141069986,0.5339493141064947
2018-05-02,-1.3058057175874858,0.6646946773845422,0.534461717138894
2018-05-03,-1.2988242938408836,0.6732215670792931,0.5090573618547137
2018-05-04,-1.3104750152010767,0.6905971979535213,0.5142679837203834
2018-05-07,-1.2853844018020917,0.6815118548777606,0.5006443186229805
2018-05-08,-1.310910355343491,0.7057715560042527,0.5274262648974629
2018-05-09,-1.3313171242127568,0.7054721549261229,0.5667428392002792
2018-05-10,-1.3328187641433225,0.7612820502587289,0.5285409814060579
2018-05-11,-1.344680434911676,0.8001982844642692,0.5190882737719053
2018-05-14,-1.3217897301945647,0.760562011293074,0.5376856704440139
2018-05-15,-1.373447738597934,0.7442809895580943,0.6402352101160121
2018-05-16,-1.3803479311599784,0.7404732024788626,0.6573659045332898
2018-05-17,-1.3488695643114665,0.6660759020802369,0.6788560495316464
2018-05-18,-1.33935556866508,0.6922585100406543,0.6235281337539957
2018-05-21,-1.3141490498913164,0.719214177321039,0.5997224737982282
2018-05-22,-1.3013481879550866,0.69748961924491,0.6023107825806066
2018-05-23,-1.2325773055402471,0.6370458666614647,0.528135982309076
2018-05-24,-1.252075034806371,0.6724267340865651,0.5049489509236934
2018-05-25,-1.2378634745557677,0.6722978029834422,0.4543051493151984
2018-05-28,-1.2378634745557677,0.6722978029834422,0.4543051493151984
2018-05-29,-1.035499281921616,0.5467915466757918,0.22551263351186296
2018-05-30,-1.119588587530124,0.6398302023582181,0.31376395274373203
2018-05-31,-1.1379721265024845,0.6689172480811297,0.30874496644723914
2018-06-01,-1.2131842352824729,0.7350481724845844,0.38688138850734055
2018-06-04,-1.2122969649659838,0.7315813190148237,0.42401472982677946
2018-06-05,-1.1591541747337568,0.6975728699172495,0.38615913307596855
2018-06-06,-1.1849491802410936,0.6671164554842156,0.45963545148469487
2018-06-07,-1.1908231584670934,0.7060139590218217,0.41297745811833175
2018-06-08,-1.1958900307678904,0.7056426896859782,0.41623867700092415
2018-06-11,-1.2039011375652586,0.7172055185752675,0.439677093458336
2018-06-12,-1.2384502442822978,0.7530019342809823,0.45114912902575305
2018-06-13,-1.2762891188624497,0.8134939178108513,0.479664172919621
2018-06-14,-1.2738215374509774,0.8571693973752683,0.4268757353828092
2018-06-15,-1.2542951330555545,0.8345016655414814,0.4142456435800783
2018-06-18,-1.2179856614635427,0.8207784374408187,0.3923739952616822
2018-06-19,-1.1833917494496675,0.810006091696972,0.3446264697793399
2018-06-20,-1.2029749085885204,0.8009790024109905,0.3945164312446842
2018-06-21,-1.1870848073292009,0.7939401209424372,0.36553764587458576
2018-06-22,-1.204966592095446,0.798324939572937,0.3757516590496381
2018-06-25,-1.190192951385296,0.7996035524037888,0.3459553939080385
2018-06-26,-1.1923273269949803,0.788504995845093,0.355175875075859
2018-06-27,-1.185215962968218,0.8258561988412518,0.29590106210297046
2018-06-28,-1.2178436941617847,0.8510865316676492,0.3179168363286256
2018-06-29,-1.220148714735075,0.8545490088513494,0.3237477637414957
2018-07-02,-1.1558632122417396,0.8540577299402365,0.29603636476526035
2018-07-03,-1.128688404291435,0.8438963088079576,0.25234967114998286
2018-07-04,-1.128688404291435,0.8438963088079576,0.25234967114998286
2018-07-05,-1.195836208665333,0.910896307060626,0.27783435999113193
2018-07-06,-1.1630270442527775,0.8929998672786342,0.24875253187057245
2018-07-09,-1.1875613711719968,0.9133305477557061,0.28602366405716506
2018-07-10,-1.1980355583476716,0.9355413981607315,0.2975478667262139
2018-07-11,-1.1896257217412132,0.9372734841947888,0.2745769664492269
2018-07-12,-1.1897995256715064,0.9649294919632627,0.27030747933733
2018-07-13,-1.1804291482700866,0.9523980390392129,0.2516434856079145
2018-07-16,-1.1484927877736872,0.9238373248019003,0.2580449109778772
2018-07-17,-1.144740578216532,0.9309225035807517,0.2633764031157917
2018-07-18,-1.1626074783428582,0.9110600881145259,0.2945842853339439
2018-07-19,-1.1558489211144256,0.9234095831917343,0.25985533039546893
2018-07-20,-1.1628441034079875,0.8455875598178187,0.3315749029536875
2018-07-23,-1.1757025080077774,0.8047929867605551,0.4122057327783833
2018-07-24,-1.1594211992086478,0.8333080693021627,0.38229443304314387
2018-07-25,-1.1819213753075182,0.8812917276957976,0.37157159761346603
2018-07-26,-1.2304378900611228,0.880367221282332,0.4412026010805016
2018-07-27,-1.190565504081781,0.8618985649613861,0.40468552920978484
2018-07-30,-1.1687051616251305,0.8310931332800681,0.4147000757672765
2018-07-31,-1.1684642112832155,0.8737078439538305,0.38591839932426064
2018-08-01,-1.1687421990916238,0.8230457103174841,0.43404209769047825
2018-08-02,-1.1655201263343522,0.8119285360115587,0.4214555385732757
2018-08-03,-1.1473614484991057,0.81445291953652,0.3839884990376749
2018-08-06,-1.1069319145499648,0.8039725162554506,0.3507653061906216
2018-08-07,-1.1064414810792096,0.789000649091608,0.3882727634342316
2018-08-08,-1.1160723071139727,0.7998078343158892,0.38597528526702846
2018-08-09,-1.1058201556774692,0.8170566759177045,0.34326758901967463
2018-08-10,-1.0619952891762883,0.8023407633837193,0.27124474886812283
2018-08-13,-1.044013839514927,0.7676639356379085,0.277942785168515
2018-08-14,-1.0359147285363082,0.7875094206172315,0.2792986426370388
2018-08-15,-1.0180904575426126,0.7869924358722638,0.24109006035270925
2018-08-16,-1.0417790259267845,0.8234674001834619,0.2518421746236012
2018-08-17,-1.0452428985911104,0.8067093641242138,0.2572083079464744
2018-08-20,-1.014644884951426,0.8122000805745202,0.19864921676836733
2018-08-21,-1.0308396142043925,0.8310804792266425,0.22219808858918766
2018-08-22,-0.9954210216533212,0.8036645671753674,0.18854331612756275
2018-08-23,-1.0405914995231793,0.8654035099295524,0.19664741316569967
2018-08-24,-1.0382862852926746,0.891011088929741,0.1874331878320984
2018-08-27,-1.0358791199766724,0.8855183184557027,0.21314306629669444
2018-08-28,-1.0385547474534913,0.8652211442109073,0.24838506425147044
2018-08-29,-1.056702712675672,0.8990050280265905,0.2525160178197995
2018-08-30,-1.036117134274055,0.8851994415772422,0.21909773144920497
2018-08-31,-1.0101413173805032,0.8179886037639775,0.2270877500450551
2018-09-03,-1.0101413173805032,0.8179886037639775,0.2270877500450551
2018-09-04,-0.9942281389907993,0.7947503777173068,0.2607877227525947
2018-09-05,-0.9704027608285238,0.7617459347584293,0.2581211769734812
2018-09-06,-0.97551064970585,0.779071125691263,0.24039502873927288
2018-09-07,-1.0305346431248372,0.8184105643769961,0.3140463198885563
2018-09-10,-1.0463721781852664,0.8663913820961779,0.30519834375353827
2018-09-11,-1.0624002843551505,0.8669535319663548,0.3518106692589301
2018-09-12,-1.0598552801553272,0.8896591311738553,0.33105466722683874
2018-09-13,-1.0720710140403242,0.9036931669535584,0.3359153851294694
2018-09-14,-1.0839928280275946,0.9056902893455568,0.36481071386256064
2018-09-17,-1.0725074104256478,0.9012861107397185,0.35802212642295606
2018-09-18,-1.0642618246120108,0.8400058141933946,0.42327169357647837
2018-09-19,-1.0880962276725923,0.8263286339345068,0.4641729270738879
2018-09-20,-1.0887310404801855,0.8517379173765798,0.44774740441258204
2018-09-21,-1.0758511706389684,0.8598110833803732,0.43167990231751074
2018-09-24,-1.054000618534868,0.8528342462495426,0.42832456221765847
2018-09-25,-1.051369482423818,0.8399011408037129,0.447828870572015
2018-09-26,-1.0482731353697736,0.8651085753921078,0.4084986473416225
2018-09-27,-1.0643447098950174,0.8780412841515643,0.41308636597739334
2018-09-28,-1.029201806466229,0.8430405993942046,0.3950477689249435
2018-10-01,-0.9925611230713012,0.7795910619974886,0.4248062432268372
2018-10-02,-0.9794666478696014,0.819799845901115,0.3747756069921836
2018-10-03,-1.0133850223252465,0.7593516648353,0.4951311435338668
2018-10-04,-1.0202140378298854,0.723492118481985,0.5477499103518647
2018-10-05,-1.0246517206463546,0.6740098789336215,0.6010832820392336
2018-10-08,-1.0246517206463546,0.6740098789336215,0.6010832820392336
2018-10-09,-0.9894398614557279,0.7036588048621802,0.5457540781110412
2018-10-10,-0.9560492470140892,0.6497402279126122,0.5520475698298702
2018-10-11,-0.9588537509425437,0.713762989027391,0.47629803361298684
2018-10-12,-0.9537736625937582,0.7076131677513547,0.47576128258937456
2018-10-15,-0.9143938589850503,0.6742877275931514,0.47301677163424
2018-10-16,-0.9387004359438647,0.7218487766124483,0.4698239564322613
2018-10-17,-0.940797213597953,0.704888104743309,0.5007841760214777
2018-10-18,-0.9091716682102371,0.6672564402155191,0.4839282689663962
2018-10-19,-0.9425900928433683,0.6919229717172128,0.5227373847865362
2018-10-22,-0.9271122873101117,0.6873717262315933,0.5130937402501171
2018-10-23,-0.8737675775252857,0.6341469172209692,0.4728932504361232
2018-10-24,-0.804279973582225,0.5817173993282921,0.39260107055046856
2018-10-25,-0.850766937859963,0.6130431613683669,0.4421608901608658
2018-10-26,-0.7909734997146668,0.5472106452234696,0.3787715020894467
2018-10-29,-0.7728529383675274,0.5384256197357765,0.3726456239443024
2018-10-30,-0.7882118297019062,0.5437248178648023,0.40948122043154345
2018-10-31,-0.8131356533093975,0.5545057040774082,0.4534153964077917
2018-11-01,-0.7985395484731854,0.5304188237760529,0.4398816254413993
2018-11-02,-0.8529950650150251,0.5316635889609886,0.5436148602544248
2018-11-05,-0.8474862432999059,0.5806148831033457,0.5080281131338072
2018-11-06,-0.8632659562743067,0.6106643457913559,0.5202831375084995
2018-11-07,-0.8820266868669621,0.6517681997063658,0.525517939420764
2018-11-08,-0.9275615422506082,0.6928227898693051,0.5539065014274827
2018-11-09,-0.8841760498465131,0.6730236041424571,0.497177851555961
2018-11-12,-0.8841760498465131,0.6730236041424571,0.497177851555961
2018-11-13,-0.7981558783413312,0.6213170902093951,0.4143511224048739
2018-11-14,-0.7615197328719101,0.5800754358938075,0.38358460001853995
2018-11-15,-0.7615495422287796,0.5483109338715008,0.3922063571526502
2018-11-16,-0.7257472237436493,0.5177843109638732,0.3460635453719462
2018-11-19,-0.6709366297421082,0.4732856780059711,0.30878780777428677
2018-11-20,-0.6826572683256292,0.4974007888756843,0.3084334930961632
2018-11-21,-0.6776513770566812,0.5142161765072126,0.3033920154726869
2018-11-22,-0.6776513770566812,0.5142161765072126,0.3033920154726869
2018-11-23,-0.6657492695696104,0.5055659789521537,0.2921148099754278
2018-11-26,-0.6876791084136178,0.5403576986030316,0.309504657896811
2018-11-27,-0.6470854266825578,0.5135986111548941,0.28803558655936634
2018-11-28,-0.6136367793409735,0.4453365986124206,0.2884630709472117
2018-11-29,-0.6075521586880713,0.44511012688757773,0.26791683393102284
2018-11-30,-0.609731711218379,0.4786408940723578,0.24195585172432094
2018-12-03,-0.614213323578487,0.5519801055426645,0.20233951229181157
2018-12-04,-0.5734221209837839,0.6556543377108646,0.0750951540136715
2018-12-05,-0.5734221209837839,0.6556543377108646,0.0750951540136715
2018-12-06,-0.5405063831511246,0.6200827584648385,0.03272874714980257
2018-12-07,-0.511895795924358,0.5485106223067893,0.02121007149970228
2018-12-10,-0.52361864413817,0.5802839773871845,0.01655791829229775
2018-12-11,-0.6074217889341353,0.6731847774896047,0.06671634930215092
2018-12-12,-0.5941803196709233,0.6472039798753227,0.08235903940285094
2018-12-13,-0.5327343664536844,0.5760169891072532,0.06289225350823469
2018-12-14,-0.5148096598567371,0.5625335024426835,0.03648814983166094
2018-12-17,-0.4944586694914771,0.5438810077196726,-0.00045137972633934687
2018-12-18,-0.47872821095255297,0.5404350317020231,-0.04423233716599189
2018-12-19,-0.47266543616490697,0.606715557010097,-0.11688771004187098
2018-12-20,-0.4698797158597292,0.6194761012977117,-0.09902024692881778
2018-12-21,-0.44806513752367955,0.5604182238203927,-0.09805240429620088
2018-12-24,-0.3566265238182143,0.48869398321138713,-0.17672927387054777
2018-12-25,-0.3566265238182143,0.48869398321138713,-0.17672927387054777
2018-12-26,-0.4256967285040913,0.5126445784317999,-0.08085040880959449
2018-12-27,-0.3629723650797628,0.41658926704494126,-0.12363568766051308
2018-12-28,-0.3283733209427232,0.3669273807220642,-0.16064312802627934
2018-12-31,-0.20236670771018708,0.3090857945381248,-0.25005310179407936
2019-01-01,-0.20236670771018708,0.3090857945381248,-0.25005310179407936
2019-01-02,-0.2701225989667049,0.3977587899473927,-0.26110347866586503
2019-01-03,-0.14471279472254156,0.2567729705329677,-0.37996326437925954
2019-01-04,-0.2698141948886023,0.3812315477419231,-0.2530462615914705
2019-01-07,-0.2856743815981772,0.41621008105740664,-0.22869328300962088
2019-01-08,-0.3513223192745496,0.4949533287438055,-0.18537458482045827
2019-01-09,-0.32717150256585603,0.41652051743322716,-0.16746981809114406
2019-01-10,-0.29651799678729074,0.35291119280433136,-0.1595571295582831
2019-01-11,-0.2717013829279007,0.3339195043052009,-0.19230775313583381
2019-01-14,-0.24024644907154008,0.2915700691709652,-0.19341043797817561
2019-01-15,-0.23751363263797245,0.26683370787672145,-0.1784679316709094
2019-01-16,-0.2822420069590774,0.3132867535903516,-0.16036024636157034
2019-01-17,-0.3296795250584204,0.3639377418238854,-0.12997405433263015
2019-01-18,-0.3923143843264245,0.4309042038311999,-0.0811089966674142
2019-01-21,-0.3923143843264245,0.4309042038311999,-0.0811089966674142
2019-01-22,-0.33942843095498476,0.3984398242451181,-0.14268890701531908
2019-01-23,-0.36642085854104955,0.40448701974535606,-0.11350472716508292
2019-01-24,-0.35117025442589195,0.40490810451396075,-0.15529588252913745
2019-01-25,-0.39439514705537015,0.44571665684811723,-0.11051898955252995
2019-01-28,-0.35593794907363874,0.42383993277930543,-0.13266279089576508
2019-01-29,-0.31371240127050265,0.3869169682148661,-0.17310931502256807
2019-01-30,-0.2329456192781775,0.26056027442550567,-0.19969726460416826
2019-01-31,-0.19293404623605817,0.2597894743431523,-0.28602797234699767
2019-02-01,-0.2889624520617762,0.3336054081313544,-0.19299503972326168
2019-02-04,-0.28027848039794406,0.3066405849368094,-0.1640732548251467
2019-02-05,-0.2844966166129071,0.3361514732124106,-0.19135059469352556
2019-02-06,-0.26931419226138953,0.32650369715088134,-0.2043165180494779
2019-02-07,-0.21099270500664638,0.28941864810217993,-0.2648629033186876
2019-02-08,-0.19941659102906809,0.29860511471804474,-0.29693053794649626
2019-02-11,-0.20444467020797158,0.30235383070529537,-0.2692174367268864
2019-02-12,-0.24048354230004856,0.30695566075659697,-0.22862255816677002
2019-02-13,-0.274261437614927,0.3394630084529986,-0.19294397955918038
2019-02-14,-0.21820415075098307,0.30827958493585,-0.2564623150483395
2019-02-15,-0.2572328835457218,0.3665778673755627,-0.24867037121481234
2019-02-18,-0.2572328835457218,0.3665778673755627,-0.24867037121481234
2019-02-19,-0.21058651029729342,0.3249206307037045,-0.27687150472603284
2019-02-20,-0.22261440530435223,0.3198284721125804,-0.2651503722117844
2019-02-21,-0.22632737050913956,0.2849858642410743,-0.21426831327054022
2019-02-22,-0.18319039231110165,0.26126927886389223,-0.2657843251971952
2019-02-25,-0.19506335827938162,0.279772298310749,-0.25082518925387987
2019-02-26,-0.17592758859989285,0.2625884222812499,-0.28279267547539433
2019-02-27,-0.188775465005659,0.21273403088424162,-0.2118727953702872
2019-02-28,-0.22086785687149607,0.22077070269858853,-0.16778166640381512
2019-03-01,-0.24875315450867067,0.22972205811071897,-0.12087981686884168
2019-03-04,-0.21761634052061357,0.2534356357845445,-0.18002537964738058
2019-03-05,-0.23121827044444873,0.26803997030835286,-0.17784092357670833
2019-03-06,-0.1934591012490313,0.24412745018550822,-0.22127223597391144
2019-03-07,-0.1422262644702426,0.20241635812929223,-0.2797581266292955
2019-03-08,-0.12908095832193547,0.22242480733866096,-0.3166473194656765
2019-03-11,-0.1354888062656756,0.2061068082885291,-0.285574747735116
2019-03-12,-0.11665987421012593,0.20842269365328206,-0.3272699860351897
2019-03-13,-0.12212568548555107,0.19957567288353134,-0.3142427213301889
2019-03-14,-0.10152635594378631,0.1569235860865072,-0.2954324584781398
2019-03-15,-0.07493247350189298,0.14154381508945596,-0.3347029714197741
2019-03-18,-0.11360019779507158,0.19387352141148054,-0.32021205248550977
2019-03-19,-0.10850345717971573,0.18055613426589234,-0.3130435176007309
2019-03-20,-0.03157429681202362,0.10989523248084876,-0.3939942744178071
2019-03-21,-0.01016356111385901,0.13289598978031528,-0.4211499455631898
2019-03-22,0.053351903601865966,0.09560757646861187,-0.5328178839376275
2019-03-25,0.08530193734269004,0.036138885023760677,-0.5515900164198946
2019-03-26,0.113323535141597,0.01761982000926424,-0.5784638992037402
2019-03-27,0.07841161806942672,0.05799999104731244,-0.5895477069162427
2019-03-28,0.02681369047794017,0.1255980319858349,-0.5785160794846109
2019-03-29,-0.032603419798489255,0.18614622254640042,-0.5448717538209392
2019-04-01,-0.08302229951479063,0.18825524741597363,-0.4418315271619719
2019-04-02,-0.05298799636158766,0.15089986763141608,-0.4637729636618537
2019-04-03,-0.0677804815550104,0.12397491353595619,-0.40754347092126714
2019-04-04,-0.061849022086433475,0.136382219668546,-0.4220959695493187
2019-04-05,-0.07224612288684724,0.1735896695221034,-0.4347786060270478
2019-04-08,-0.07622284810336456,0.1640758020633671,-0.41265077600394046
2019-04-09,-0.07873421835674028,0.16118207336708096,-0.42061173813548014
2019-04-10,-0.047475620827469436,0.12984335124352014,-0.4545095465138467
2019-04-11,-0.05481752466866459,0.1255570457767977,-0.4191225055098343
2019-04-12,-0.12834277622831625,0.18842671362300176,-0.34818050200673606
2019-04-15,-0.1287220082220603,0.19511259147390392,-0.3580372964496973
2019-04-16,-0.14669615485552312,0.1883674957879354,-0.31190927633380167
2019-04-17,-0.1268964910233766,0.1643127314131094,-0.3221764355439679
2019-04-18,-0.1220725096053711,0.1844682878690658,-0.3538716466251654
2019-04-19,-0.1220725096053711,0.1844682878690658,-0.3538716466251654
2019-04-22,-0.10529113353211751,0.1375433506690559,-0.3280448860028813
2019-04-23,-0.07845015608132154,0.10157083413317584,-0.35044654547796755
2019-04-24,-0.04817215287891466,0.09222271184235904,-0.4068339484873483
2019-04-25,-0.06400498176457246,0.11223409954689462,-0.3981336474557159
2019-04-26,-0.02953493883987807,0.07127666848923422,-0.43250985895398353
2019-04-29,-0.012658440299963467,0.03591062528920199,-0.40309869125576003
2019-04-30,-0.0038226410860636053,0.028290412707340482,-0.43416970825720513
2019-05-01,-0.06942313523782115,0.11766324396389147,-0.4125771691745934
2019-05-02,-0.07040962466740866,0.13551109159734268,-0.39206879477255524
2019-05-03,-0.08628466207434542,0.14258075891255365,-0.39546996475361723
2019-05-06,-0.04833278313940598,0.11705340650994078,-0.43448405979025373
2019-05-07,-0.017525996454542978,0.12728436031280174,-0.501452050747663
2019-05-08,-0.05155019810241773,0.12561920605495572,-0.451893318840864
2019-05-09,8.559924564850415e-05,0.08354675993963093,-0.49855109382732016
2019-05-10,-0.019181986663166246,0.07972850789219524,-0.47037569097815435
2019-05-13,0.041037567813184,0.019984918360188262,-0.5514595653190518
2019-05-14,0.03368595541670559,0.009460942642651687,-0.5236515622822849
2019-05-15,0.07777841460689093,-0.013320930479771448,-0.5849347251766993
2019-05-16,0.03797793925860572,0.021847804014359932,-0.5467732507308337
2019-05-17,0.020027732764244476,0.05483963727004474,-0.557176569453871
2019-05-20,-0.012399155543044372,0.08188151571211741,-0.5262056792948882
2019-05-21,-0.05526963132212376,0.1268766566156061,-0.49336462933397046
2019-05-22,-0.02095066736751174,0.1026322343519544,-0.5369787757643422
2019-05-23,0.055802482053287125,0.05271852940302941,-0.6423477189913827
2019-05-24,0.013775074496744904,0.0957669391007869,-0.6184714314726094
2019-05-27,0.013775074496744904,0.0957669391007869,-0.6184714314726094
2019-05-28,0.05328807387664104,0.0888495128594298,-0.6888536299032358
2019-05-29,0.06031537010170675,0.08383595316340398,-0.7030026967787418
2019-05-30,0.09762180005294784,0.08889813037136726,-0.7604164161550784
2019-05-31,0.15167866711994937,0.017158637607527425,-0.8463639782937996
2019-06-03,0.25159576829229446,-0.11861962024261977,-0.9333219119919437
2019-06-04,0.20245172751728466,-0.1347842086550962,-0.8415876081148833
2019-06-05,0.22693956476913088,-0.24406959451578478,-0.8242460357303778
2019-06-06,0.17060841178699884,-0.17413263884476357,-0.8044038003033148
2019-06-07,0.12278743499674193,-0.1290675780712248,-0.8259641640202328
2019-06-10,0.10189204627188046,-0.1135796704238492,-0.7663880812253822
2019-06-11,0.07070170179645167,-0.0815351600867564,-0.7532856730842271
2019-06-12,0.06942216438180009,-0.13831289469238914,-0.7515920872065842
2019-06-13,0.12371328377542738,-0.21066743271679725,-0.7893608739199408
2019-06-14,0.10103059301870397,-0.16278807721470379,-0.7952274404568261
2019-06-17,0.10135741762690752,-0.12541744384120038,-0.8091327141285481
2019-06-18,0.08191494982943807,-0.08000949176164443,-0.8324578522113008
2019-06-19,0.1089846537070419,-0.2128745788312353,-0.842267616047082
2019-06-20,0.10781199475335572,-0.24341491417903813,-0.847091192477336
2019-06-21,0.054679750323753204,-0.23469648960606468,-0.762697773109597
2019-06-24,0.10361301185192344,-0.2592209642192413,-0.8267608041672884
2019-06-25,0.10973550383614032,-0.25120997093415387,-0.8501204103254533
2019-06-26,0.059815268816127073,-0.194603173600008,-0.7901771209076899
2019-06-27,0.11329674221373114,-0.19817006838904713,-0.8611646847580695
2019-06-28,0.09526752781438184,-0.1949759592132844,-0.8529121926036554
2019-07-01,0.10805176294760592,-0.1992338470613486,-0.8333123335539855
2019-07-02,0.14468554353672444,-0.1941012960889617,-0.8975087593345735
2019-07-03,0.14900342909438855,-0.14040410147951884,-0.9401536377234944
2019-07-04,0.14900342909438855,-0.14040410147951884,-0.9401536377234944
2019-07-05,0.087891054693558,-0.07721736498415219,-0.8416547743920545
2019-07-08,0.049931107131764726,-0.0126582152147667,-0.8365635832385916
2019-07-09,0.01652660994488357,0.025167111635080484,-0.8088533083462504
2019-07-10,0.05510340450410749,-0.1619853078849414,-0.7854490604157244
2019-07-11,0.01708151931929795,-0.18626567132445332,-0.697143727523413
2019-07-12,0.018506120606953207,-0.20719714460081912,-0.7006325529024412
2019-07-15,0.03226031708324843,-0.18651756665507713,-0.7384875570548246
2019-07-16,-0.018342228397798217,-0.13828398859975213,-0.6907432378157589
2019-07-17,-0.0156469834550876,-0.11112269962805046,-0.7548125446066819
2019-07-18,-0.0035470933819823527,-0.19401419418057755,-0.7615650762759466
2019-07-19,-0.017185472108014205,-0.1578284511975692,-0.7502056408869281
2019-07-22,0.025096445949248296,-0.18161773311612509,-0.7648087056581643
2019-07-23,-0.006509049996612799,-0.17110208978326416,-0.7244289181995746
2019-07-24,-0.008662876436804929,-0.13072864507625456,-0.7524083715490413
2019-07-25,-0.010027420130517068,-0.11846234545722412,-0.7339457451796236
2019-07-26,-0.015522919305133182,-0.10094959857165489,-0.737538794181071
2019-07-29,0.001538936008986341,-0.12598933304532114,-0.7510742279731404
2019-07-30,-0.06147751017525234,-0.08453626561277264,-0.7263324326370256
2019-07-31,-0.12277019755778908,0.05474931029999817,-0.7535681997745113
2019-08-01,0.06832925327556476,-0.1309312626923365,-0.930283531545843
2019-08-02,0.04165938729284811,-0.062388994793384465,-0.9660767087838472
2019-08-05,0.1189842658602731,-0.13215759260320056,-1.0867289781536575
2019-08-06,0.09375220003562972,-0.05100354108530377,-1.119903478117523
2019-08-07,0.05441212510060538,-0.03299809636275044,-1.1196862525517128
2019-08-08,0.0797510098388902,-0.035384003539740326,-1.117902834364171
2019-08-09,0.009218041452309682,0.01363167682871128,-1.0707276774656265
2019-08-12,0.0531973378392404,0.07797889152448897,-1.2057771486333535
2019-08-13,-0.05431723910129595,0.23813913356415758,-1.1491902166151913
2019-08-14,-0.10300963307001955,0.3255742067675949,-1.2260458034751371
2019-08-15,0.00373854589467813,0.2043501110496652,-1.3166926271448212
2019-08-16,-0.024256593315984194,0.17420151320458285,-1.2717605737548745
2019-08-19,0.002286167961985036,0.1405950543770947,-1.2277333778580044
2019-08-20,0.03654164228698513,0.12202330924748236,-1.2837135373675246
2019-08-21,-0.013439041358469312,0.18463450009889518,-1.2344769930520438
2019-08-22,0.02055063817100759,0.16298494644397474,-1.2219272502314493
2019-08-23,0.06755392536758685,0.12733833152098747,-1.3240900772918744
2019-08-26,0.07089954462639912,0.1475679796399386,-1.3109579850171664
2019-08-27,0.06506222519252357,0.22916447621225558,-1.3797777457029812
2019-08-28,0.06775888247845556,0.22146215897428015,-1.39839460882127
2019-08-29,0.05584798603710593,0.2255208508695423,-1.3669704519548087
2019-08-30,0.07241361472180279,0.2050179055259184,-1.3779520565999486
2019-09-02,0.07241361472180279,0.2050179055259184,-1.3779520565999486
2019-09-03,0.0912241031815597,0.15455198667324924,-1.3946145117140814
2019-09-04,0.12442532222476037,0.07438679897125502,-1.395582337068206
2019-09-05,0.026501148274382418,0.13463148709714942,-1.262595952275579
2019-09-06,0.01168971497183478,0.18194745628649803,-1.2886993471300587
2019-09-09,-0.03223612502156138,0.1468985854842896,-1.1812428908586132
2019-09-10,-0.10145340470050275,0.18050741954762142,-1.0684631454951377
2019-09-11,-0.12452822966548129,0.1631584564216836,-1.0280834752138577
2019-09-12,-0.19276162236445252,0.23751812549756293,-0.9779540799911003
2019-09-13,-0.22321703271462343,0.17318082849318078,-0.8356588342846397
2019-09-16,-0.12276270911697064,0.14938530515518184,-0.9462709083795526
2019-09-17,-0.09966480555373823,0.16459322757607558,-0.9928645952607453
2019-09-18,-0.25235143019173756,0.3062847509090366,-0.938590671232047
2019-09-19,-0.20125905322934406,0.2860514265304815,-0.9868185480636146
2019-09-20,-0.20586024378698511,0.29111720004718483,-1.0295752382575964
2019-09-23,-0.16847424444372183,0.26187152535715097,-1.05948455874073
2019-09-24,-0.14133086038797646,0.2516252745881116,-1.138214017769559
2019-09-25,-0.2628945802937148,0.2818438380965206,-0.9932287140391562
2019-09-26,-0.247923115198514,0.2988521081074161,-1.029275581102485
2019-09-27,-0.24819732585921744,0.268336431857758,-1.0377547724984255
2019-09-30,-0.20995123087601253,0.25908405292872216,-1.0677069623056232
2019-10-01,-0.24131032912058792,0.21438919140426763,-1.0547923196537552
2019-10-02,-0.19963617682187615,0.11012398872504534,-1.0910904968096797
2019-10-03,-0.16187237269904955,0.020634770719092175,-1.1466903376029771
2019-10-04,-0.20622244498100192,0.09847660812713685,-1.160436338177718
2019-10-07,-0.18835200366680496,0.11869684101014286,-1.1400915971060024
2019-10-08,-0.2170725619188348,0.09990251888195714,-1.1304084807787167
2019-10-09,-0.2763439954176142,0.11752749142714858,-1.0589409302284318
2019-10-10,-0.30401807658587937,0.09778867578486947,-0.9674831683385363
2019-10-11,-0.408957548946529,0.18827037382826575,-0.8502338007129606
2019-10-14,-0.408957548946529,0.18827037382826575,-0.8502338007129606
2019-10-15,-0.4150446470949131,0.1551848617908916,-0.8294656735522619
2019-10-16,-0.4086551149690816,0.10527158096492575,-0.8325750871613066
2019-10-17,-0.401438788687899,0.10037866700967847,-0.8303385798501651
2019-10-18,-0.3770212169421622,0.056181468421593696,-0.8309903391231174
2019-10-21,-0.4000414742359147,0.06970773320667868,-0.7867420544156993
2019-10-22,-0.4146478451663361,0.09810924707856868,-0.803347888860303
2019-10-23,-0.4060824762889851,0.08757680389399707,-0.8158859832103303
2019-10-24,-0.3774339927340348,0.0562193638283069,-0.8185973280016458
2019-10-25,-0.4304617046537315,0.09866584275235954,-0.768954694963477
2019-10-28,-0.44650762574201275,0.05587140910410624,-0.7044507607904634
2019-10-29,-0.5000571868391698,0.09019284661659815,-0.6867105198903288
2019-10-30,-0.5131711754439292,0.1466901905527896,-0.7482622255243564
2019-10-31,-0.5001769900744156,0.1367401559779375,-0.8319560161975749
2019-11-01,-0.5464548283605947,0.14384190417039047,-0.772694032850681
2019-11-04,-0.5634008633423998,0.11906968303031608,-0.7017266495558245
2019-11-05,-0.5900750201112126,0.10012380289263581,-0.6190751923943527
2019-11-06,-0.57908421934896,0.11118801028293634,-0.66457020886699
2019-11-07,-0.6492714861371848,0.10532634389007366,-0.5249932376040851
2019-11-08,-0.6457471099016745,0.05923492237863024,-0.49512897816350837
2019-11-11,-0.6457471099016745,0.05923492237863024,-0.49512897816350837
2019-11-12,-0.6329217962732827,0.09516261346748087,-0.5369501023554181
2019-11-13,-0.601941905483787,0.08063174638569551,-0.5864852646837223
2019-11-14,-0.5371265437051999,0.04944857330692377,-0.6677178001525332
2019-11-15,-0.5673953118117913,0.08576671957945223,-0.6477398689870973
2019-11-18,-0.5479210544211012,0.07551893590580544,-0.6737627312588789
2019-11-19,-0.5711414634056656,0.13968127003347255,-0.6984183243603447
2019-11-20,-0.5475204254787404,0.16656001154803424,-0.7705556397908452
2019-11-21,-0.5757626017340053,0.17453451952707874,-0.7181389387624721
2019-11-22,-0.5895636390915127,0.2161675997939472,-0.7272411474536881
2019-11-25,-0.5657419997328687,0.2296384170187436,-0.7523022317121884
2019-11-26,-0.5284471007415193,0.22385728295545732,-0.7999195338446143
2019-11-27,-0.557816047859989,0.2731682518438635,-0.7733195559899926
2019-11-28,-0.557816047859989,0.2731682518438635,-0.7733195559899926
2019-11-29,-0.5731671695602266,0.24685858858465431,-0.7464705699627953
2019-12-02,-0.568547232073015,0.15233108387476746,-0.6729096083389062
2019-12-03,-0.5413012542276292,0.17951800918356087,-0.7967864245893647
2019-12-04,-0.5839949636215178,0.1827422150704796,-0.7249507477880088
2019-12-05,-0.6375110675590081,0.18636167327660494,-0.6705953638715271
2019-12-06,-0.6739673743780407,0.1942554340766183,-0.6120362029121068
2019-12-09,-0.6629312647804647,0.21623869947515034,-0.6350547424760965
2019-12-10,-0.7027551862045887,0.2790401411535831,-0.6244008988937472
2019-12-11,-0.6455007798808017,0.25020600224168177,-0.6894720687970823
2019-12-12,-0.7017799323200793,0.2224307554583877,-0.5621351793718996
2019-12-13,-0.6466296598372486,0.20923316570794856,-0.6552079885566051
2019-12-16,-0.6857270993979366,0.2204291091941835,-0.5848573856445055
2019-12-17,-0.6752808889211765,0.18217929730269947,-0.5781066041064441
2019-12-18,-0.6814170781162799,0.14643158125720235,-0.5336146547748851
2019-12-19,-0.6731440483730684,0.12427697869255554,-0.539344319558753
2019-12-20,-0.6658262988818541,0.14365531528261874,-0.5508338204730127
2019-12-23,-0.6682525826501673,0.1488243233410593,-0.5402983945915857
2019-12-24,-0.6484245296590213,0.1362471303437334,-0.5709009496914762
2019-12-25,-0.6484245296590213,0.1362471303437334,-0.5709009496914762
2019-12-26,-0.6471983419705917,0.15781230945737945,-0.5768016854304835
2019-12-27,-0.6113693615912172,0.08691088762987763,-0.6003005137532234
2019-12-30,-0.6109244710009109,0.056822290095241014,-0.5764427646160181
2019-12-31,-0.6201375864527537,0.010825548861534638,-0.5287652157414398
2020-01-01,-0.6201375864527537,0.010825548861534638,-0.5287652157414398
2020-01-02,-0.6166584917633974,0.06720219182979541,-0.5887393562145884
2020-01-03,-0.5828051158066854,0.08165855570315098,-0.6804356897125353
2020-01-06,-0.5620415031130946,0.06187708526143613,-0.6737015759076441
2020-01-07,-0.5696691975831225,0.017797322263907026,-0.636952049152519
2020-01-08,-0.6183039103027207,0.038698816354526315,-0.5720677948592634
2020-01-09,-0.5735840423840792,-0.0036399360066226697,-0.5970985156010215
2020-01-10,-0.6179142317156368,0.10722820554260816,-0.6395740111433909
2020-01-13,-0.6023995981503923,0.09422761491916778,-0.6287971804055105
2020-01-14,-0.6075747148660802,0.13605361713924338,-0.6620635568266612
2020-01-15,-0.587195638543274,0.15140796004541304,-0.7079579789893168
2020-01-16,-0.6112559063180715,0.14778016606631736,-0.670632364419021
2020-01-17,-0.5751481421288575,0.06961775647389275,-0.6487335271147425
2020-01-20,-0.5751481421288575,0.06961775647389275,-0.6487335271147425
2020-01-21,-0.5554283438486537,0.09075206616011067,-0.7175686700443353
2020-01-22,-0.5658347642014556,0.11908461338247722,-0.730804570671234
2020-01-23,-0.5491060436449426,0.15098267890331618,-0.7796843079716128
2020-01-24,-0.5332546262488896,0.15779168825439158,-0.8237948840762724
2020-01-27,-0.48165566154106176,0.1869330741362979,-0.9409020405834485
2020-01-28,-0.48670414167540005,0.15653170022851906,-0.8930702702233302
2020-01-29,-0.45905896610342195,0.15756116683217633,-0.9582831518217377
2020-01-30,-0.3979561160864849,0.11661600503199929,-1.0008679519959982
2020-01-31,-0.3599771770185508,0.07178012561759065,-1.064187600187361
2020-02-03,-0.38405501998031355,0.1065557694306114,-1.0382413272745223
2020-02-04,-0.4330181788905165,0.10407418710586902,-0.9451224567286348
2020-02-05,-0.4481484984630652,0.06454759216420052,-0.877793638601332
2020-02-06,-0.4381600201612835,0.10787863614136653,-0.9136336803216184
2020-02-07,-0.43197801582668427,0.13737213167994952,-0.972218703026514
2020-02-10,-0.38105422472895845,0.09375588227649562,-1.0163966984321484
2020-02-11,-0.42587972445692623,0.12465843845667773,-0.97467602145245
2020-02-12,-0.45093512677654984,0.12746415119814586,-0.9242881793400562
2020-02-13,-0.43505921334428366,0.13890303744570295,-0.9525374214279902
2020-02-14,-0.4275909663370584,0.1558723472693916,-0.9813044989845677
2020-02-17,-0.4275909663370584,0.1558723472693916,-0.9813044989845677
2020-02-18,-0.4103948096585368,0.17519171403180678,-1.0300432813057756
2020-02-19,-0.43074286517090543,0.19170764912307975,-1.0103915757547681
2020-02-20,-0.40317695788472013,0.19457595471107897,-1.0673179441213583
2020-02-21,-0.3834583547708182,0.20572816376375974,-1.138865230966572
2020-02-24,-0.32447666316741947,0.14165144774603514,-1.225561047913322
2020-02-25,-0.2925527210402922,0.11448520643503576,-1.280929854352889
2020-02-26,-0.27889903138537536,0.04812011894940569,-1.270737746501373
2020-02-27,-0.31683035554410266,0.013281977441463566,-1.263469747842868
2020-02-28,-0.3035574745141468,-0.14272840964934733,-1.3800273708778181
2020-03-02,-0.4054867983757365,-0.16266343561365007,-1.3155245951397059
2020-03-03,-0.5131595799470687,-0.2980575267123956,-1.260121699943972
2020-03-04,-0.6644916337519946,-0.36264597723348213,-1.1421680352911578
2020-03-05,-0.7559257263084522,-0.29444620536360033,-1.1918332332247854
2020-03-06,-1.001173474650081,0.11042375809878566,-1.3335050668774546
2020-03-09,-1.1954390328487994,0.3908301764330455,-1.462926206081719
2020-03-10,-1.13069052733062,0.15716645807188448,-1.2252252685085396
2020-03-11,-1.2720682258063798,0.23242601987547526,-1.1399689546896488
2020-03-12,-1.2055962029271108,-0.07212068958524076,-1.0064672066259492
2020-03-13,-1.273021005624321,-0.1117649981815438,-0.9060478803699782
2020-03-16,-1.2330123670752036,-0.044138622883885495,-1.1352177642825476
2020-03-17,-1.3735494144865765,-0.29644661723728366,-0.7337616004065317
2020-03-18,-1.6408576101805747,-0.2956533857084088,-0.43497176576102997
2020-03-19,-1.4728931080813286,-0.5116157420981823,-0.5260942205242759
2020-03-20,-1.424493159264231,-0.35038461136075244,-0.7743481672080721
2020-03-23,-1.398008229463654,-0.15962265020444028,-1.0124392452211908
2020-03-24,-1.5356329222742366,-0.016574108488436348,-0.8875432554489391
2020-03-25,-1.5294604514567067,-0.12671556475285048,-0.8288986505750793
2020-03-26,-1.4836243414833086,-0.17909426950607274,-0.878947258786058
2020-03-27,-1.4313597747722244,-0.1160051129944024,-1.0286986008459797
2020-03-30,-1.2989047847731632,-0.20458894686287005,-1.0904487111856258
2020-03-31,-1.231019625176165,-0.3085123178503079,-1.0875967106886641
2020-04-01,-1.2907689573504968,-0.1488935659494617,-1.1545448237425877
2020-04-02,-1.2895659260317003,-0.12768964262638696,-1.1583718583317018
2020-04-03,-1.2897737413810022,-0.11038071059727418,-1.1678895126976778
2020-04-06,-1.3183192310828757,-0.06462538413677302,-1.1262261664401934
2020-04-07,-1.3345180412270155,-0.10058635427536755,-1.0598658287337401
2020-04-08,-1.219778605068998,-0.2317608805347561,-1.0713232884942188
2020-04-09,-1.1125244484562378,-0.3031624429876031,-1.1516163482597772
2020-04-10,-1.1125244484562378,-0.3031624429876031,-1.1516163482597772
2020-04-13,-1.1225198993527221,-0.322122943218347,-1.1091201239077217
2020-04-14,-1.118066088152003,-0.38088716102567716,-1.0961451347394084
2020-04-15,-1.1532013722848409,-0.2528788546600593,-1.2153654172212098
2020-04-16,-1.2144722050098855,-0.13033725316089784,-1.236917788704834
2020-04-17,-1.2152380250071295,-0.2245247310853573,-1.1694288430352242
2020-04-20,-1.2456129358803993,-0.15754712963883233,-1.1933657200422343
2020-04-21,-1.2758004163094123,-0.062101283348224866,-1.2408621937245174
2020-04-22,-1.278334532812138,-0.10883814432411051,-1.1872147133059776
2020-04-23,-1.3069012123586543,-0.03172378182845303,-1.2130469381654903
2020-04-24,-1.298423971709619,-0.020302285550896342,-1.2285842411777752
2020-04-27,-1.3079735098603558,-0.09808342311298086,-1.1414775401834472
2020-04-28,-1.3044178031377163,-0.06677444736204236,-1.1957687949134146
2020-04-29,-1.2617469304612097,-0.14657588451562742,-1.1866920616872292
2020-04-30,-1.2457207847391427,-0.21549596131864823,-1.158875635466225
2020-05-01,-1.241676532397081,-0.19248300885478023,-1.172012130371672
2020-05-04,-1.2087457025672683,-0.24239786393716092,-1.173991528315504
2020-05-05,-1.1969106063555688,-0.2864264782072139,-1.1533245167039958
2020-05-06,-1.1578710793686038,-0.44363822338980424,-1.0787859384106557
2020-05-07,-1.1304348426844837,-0.3739673350101324,-1.1971254232738076
2020-05-08,-1.1199082551679806,-0.45792681206696473,-1.1268936926996025
2020-05-11,-1.1351356264996355,-0.4792198053795492,-1.0789511715997295
2020-05-12,-1.1305220071020443,-0.42198311814198125,-1.1331117949900793
2020-05-13,-1.1154916534351866,-0.40578537808312126,-1.1780028401557903
2020-05-14,-1.1539784113541605,-0.31933834097226255,-1.2022521402660795
2020-05-15,-1.1398782815469826,-0.35986732402368105,-1.1885137895729134
2020-05-18,-1.1347223829552038,-0.4808086735927244,-1.0710649309671092
2020-05-19,-1.1093647281758403,-0.5007146308812955,-1.1001286349817614
2020-05-20,-1.1075665582178695,-0.5137119250897746,-1.1019641049559916
2020-05-21,-1.1179202441781886,-0.48225879857724874,-1.1096093179231683
2020-05-22,-1.121934724111397,-0.4290356748844819,-1.1439280594788168
2020-05-25,-1.121934724111397,-0.4290356748844819,-1.1439280594788168
2020-05-26,-1.0768235583848402,-0.5352081097514784,-1.1048445684206043
2020-05-27,-1.0515687924847237,-0.5557201796762593,-1.1159080290314236
2020-05-28,-1.015626131252996,-0.6308986827847415,-1.0973733628056033
2020-05-29,-1.0134947784656956,-0.5808453114829633,-1.1552661062987604
2020-06-01,-0.9850078477514642,-0.6670791296922497,-1.1260847808901011
2020-06-02,-0.987147110685075,-0.6793633654483217,-1.1051030566186637
2020-06-03,-1.0152324212091357,-0.7261282195087697,-1.0073151554175552
2020-06-04,-1.0097135188911932,-0.801781662930377,-0.9507666263223306
2020-06-05,-1.0498075777749283,-0.8356775488621249,-0.8504367538819327
2020-06-08,-1.0286132337242866,-0.8041186771174058,-0.8951275852018613
2020-06-09,-1.009685602364436,-0.7652820951000643,-0.962969444070194
2020-06-10,-0.966896127987903,-0.7583669556836308,-1.0516816041816857
2020-06-11,-1.0233320388125728,-0.5449287230162819,-1.1502050870144758
2020-06-12,-1.0205962246383953,-0.6102530406804768,-1.1013852458706181
2020-06-15,-1.0054976788186436,-0.6172956025373859,-1.1092631974643175
2020-06-16,-0.9716790700375822,-0.7438475022467079,-1.0478136107375255
2020-06-17,-0.9825949635767589,-0.7213386918512282,-1.0572867637429144
2020-06-18,-1.0206887107294058,-0.624489969177486,-1.0914535236727174
2020-06-19,-1.0173413208426934,-0.6278578671260834,-1.098345846686577
2020-06-22,-1.0234195759684874,-0.610519673025609,-1.098504489281081
2020-06-23,-1.0082439391652236,-0.6653301222933965,-1.080560373775138
2020-06-24,-1.0410365586494066,-0.5837300346234816,-1.1103688659821327
2020-06-25,-1.0291483431501307,-0.5809050421924585,-1.1253030666036334
2020-06-26,-1.0482059865719044,-0.5070023953910822,-1.1723935930209424
2020-06-29,-1.0137608126653384,-0.5687606577538004,-1.1747333396652628
2020-06-30,-0.9964371899030177,-0.600119884466338,-1.1618679093336834
2020-07-01,-1.0299247762119716,-0.5979705928668119,-1.1214396162445204
2020-07-02,-1.0058878761666654,-0.6252364395659337,-1.1349267453426175
2020-07-03,-1.0058878761666654,-0.6252364395659337,-1.1349267453426175
2020-07-06,-1.0083297858727225,-0.6398471939726513,-1.1178913557808376
2020-07-07,-1.0321479359871886,-0.537494062774238,-1.1726545568101798
2020-07-08,-1.0422789908926837,-0.5434451050803891,-1.1548921508035057
2020-07-09,-1.076147795803704,-0.43480953327333716,-1.2090061584221832
2020-07-10,-1.1023956249468634,-0.4355700132381116,-1.173022912400422
2020-07-13,-1.0886122261194775,-0.43470943444726806,-1.1868388886464758
2020-07-14,-1.089890118578582,-0.40740786687371583,-1.2101744614872403
2020-07-15,-1.0594777836761242,-0.46292107986126685,-1.201028929602595
2020-07-16,-1.0914287067551303,-0.42897270929562437,-1.2039717276728863
2020-07-17,-1.0927201051431115,-0.4580092182050519,-1.18087364727614
2020-07-20,-1.0889082757341764,-0.4340705191232142,-1.197077803257437
2020-07-21,-1.082061650769296,-0.442784568084325,-1.2098985741961459
2020-07-22,-1.091980212258571,-0.41354794498109687,-1.2204170819863114
2020-07-23,-1.135800781996243,-0.3140101083097051,-1.2459329829834223
2020-07-24,-1.1356294391226847,-0.30253253563664306,-1.2516189576477894
2020-07-27,-1.155407811988814,-0.30763129476925366,-1.218533558286644
2020-07-28,-1.1518730047415349,-0.2869461059538555,-1.253900278998596
2020-07-29,-1.1170059149277918,-0.35395450918768534,-1.252776050190146
2020-07-30,-1.127998173632999,-0.30580325283285503,-1.2904366094598585
2020-07-31,-1.1119242404319665,-0.3360041949124003,-1.2964215622740058
2020-08-03,-1.096250073950779,-0.373632812985523,-1.2775162119623253
2020-08-04,-1.0847597940325349,-0.3355279171137768,-1.3303591895233462
2020-08-05,-1.1001939225255801,-0.35667494812862516,-1.2869197830906034
2020-08-06,-1.1188271242012,-0.31644456359339973,-1.296105604390604
2020-08-07,-1.1148114232240673,-0.3427611610681112,-1.269501756967937
2020-08-10,-1.1027123853708012,-0.374454852417162,-1.2513947537380972
2020-08-11,-1.1083416986260142,-0.43619176187965814,-1.1835582981487127
2020-08-12,-1.1137314798670286,-0.49542991794478,-1.1256746341177315
2020-08-13,-1.0962364388349766,-0.5704806853950979,-1.0856702550156496
2020-08-14,-1.0468818683829761,-0.6546459796792439,-1.0889265578990983
2020-08-17,-1.050773466333335,-0.6248697502056918,-1.1092748940700523
2020-08-18,-1.0566670279765673,-0.588815647069511,-1.1367570263476243
2020-08-19,-1.0491270467220153,-0.6282090205646363,-1.1126894680946149
2020-08-20,-1.0411708124554042,-0.5887105587055369,-1.1601237090386671
2020-08-21,-1.0863418968272665,-0.5073248851631071,-1.1648987985210058
2020-08-24,-1.0790325997594878,-0.5073489721997431,-1.1636375245357755
2020-08-25,-1.0839214649270297,-0.5574963361680975,-1.1178123472631154
2020-08-26,-1.064335918095335,-0.602186989997108,-1.1088918321423595
2020-08-27,-1.0288741880528502,-0.7344746372915765,-1.041189964673795
2020-08-28,-0.9830854293482089,-0.8183500452032633,-1.0467051881581817
2020-08-31,-0.991334935864285,-0.7695740833968816,-1.0735061212966184
2020-09-01,-0.9928282627754892,-0.6952710049282924,-1.13411464099282
2020-09-02,-1.029831709718305,-0.5938166886341969,-1.1626797056814446
2020-09-03,-1.0360883939985017,-0.5547533507318344,-1.1951971474148135
2020-09-04,-1.0282162109459632,-0.6971582433105534,-1.0766424316092975
2020-09-07,-1.0282162109459632,-0.6971582433105534,-1.0766424316092975
2020-09-08,-1.0003443757392971,-0.6716137020768793,-1.1253397311327349
2020-09-09,-0.9943609596564925,-0.7138235833359923,-1.101882000331142
2020-09-10,-0.9943281718865488,-0.6864274351159019,-1.1293112026788554
2020-09-11,-0.9969933087958477,-0.6837081240520306,-1.1365781276208091
2020-09-14,-1.006269469680767,-0.666909285833835,-1.1314921121153765
2020-09-15,-1.0093928757196466,-0.6783201004574065,-1.1239123015295474
2020-09-16,-1.005228400765933,-0.7083239430548863,-1.1055485829426972
2020-09-17,-1.0280791597133014,-0.6784682520527899,-1.106677978356193
2020-09-18,-1.0159262963077482,-0.7030408405515629,-1.0944698837450073
2020-09-21,-1.0144575383901528,-0.686349614003933,-1.1163532441176736
2020-09-22,-1.0227433245024002,-0.6741164722983664,-1.1198282078867055
2020-09-23,-1.0241423500265323,-0.6636081174459926,-1.1206782607768062
2020-09-24,-1.0428908388327818,-0.6250130121633272,-1.1306828448817088
2020-09-25,-1.024385901008713,-0.6502787193443438,-1.1399419140616047
2020-09-28,-1.0148305848903671,-0.6665571622196432,-1.1308024495453128
2020-09-29,-1.0054010822883737,-0.6901341877575677,-1.1423974999941064
2020-09-30,-1.0088049320167982,-0.72182415187451,-1.0972815327652454
2020-10-01,-1.0071020390253016,-0.7168580820815661,-1.1054140433333497
2020-10-02,-0.9924133926914008,-0.7598532967356401,-1.0853148326598059
2020-10-05,-1.0002762322267933,-0.8521230095462463,-0.987083437390973
2020-10-06,-0.9868862802342692,-0.8535909607811216,-1.0066052502307417
2020-10-07,-1.0069397993128895,-0.8697654154046454,-0.9550198745391941
2020-10-08,-0.9909266321323584,-0.8633916595337747,-0.991648673742745
2020-10-09,-0.9980499065205397,-0.8403559539616269,-0.9856774369843574
2020-10-12,-0.9980499065205397,-0.8403559539616269,-0.9856774369843574
2020-10-13,-1.003838704937821,-0.7766431697648727,-1.0398815703754392
2020-10-14,-0.9941790621785432,-0.7678165900460738,-1.0597267736960523
2020-10-15,-1.0008462433893062,-0.7836770651784958,-1.0397510156903274
2020-10-16,-1.0120665800922688,-0.7832657989949351,-1.0263557324384316
2020-10-19,-1.016621860577235,-0.8014627968595729,-0.9997170609769992
2020-10-20,-0.9958845791274026,-0.8913868978954069,-0.9572704894543672
2020-10-21,-0.997592915408584,-0.9160495060165521,-0.9316038173688067
2020-10-22,-1.0055445066555446,-0.9546068996030248,-0.8837782303517595
2020-10-23,-1.0202156989401847,-0.9064076623877939,-0.904043601859713
2020-10-26,-1.0075094535056568,-0.8693703035983671,-0.9565391555763069
2020-10-27,-1.0202309787729895,-0.8302355919453775,-0.9763735680619982
2020-10-28,-1.0308933042747577,-0.8158367866636029,-0.9759929787840133
2020-10-29,-1.0420708557511378,-0.8734747941144284,-0.9087880649099407
2020-10-30,-1.0222323596917744,-0.9388456488269186,-0.8801825603009921
2020-11-02,-1.0350558517619004,-0.8918402089644113,-0.8960195393248153
2020-11-03,-1.0269488448571036,-0.9247467676190941,-0.8696730871389114
2020-11-04,-1.0190568023835054,-0.8231849445924029,-0.9907104911296046
2020-11-05,-1.0295063204515122,-0.8003737399466571,-0.9924864792110066
2020-11-06,-1.023268553944791,-0.8557203464970253,-0.9415656416495406
2020-11-09,-1.0353665540291876,-0.993843774199012,-0.792234131714222
2020-11-10,-1.0569283042755362,-0.9940201563627524,-0.7611117228963507
2020-11-11,-1.0569283042755362,-0.9940201563627524,-0.7611117228963507
2020-11-12,-1.0485807733677261,-0.8773358920202469,-0.8809141764299872
2020-11-13,-1.056337236375956,-0.8868340586629581,-0.8653055411790412
2020-11-16,-1.063102554338903,-0.8845520717675388,-0.8517246180205805
2020-11-17,-1.0678425113796657,-0.8453201068082619,-0.8904250385156628
2020-11-18,-1.0755624163270696,-0.8584318057674494,-0.8746712909806075
2020-11-19,-1.1032839407547197,-0.7809734732264553,-0.9015141735710609
2020-11-20,-1.1181661562184035,-0.710379114185062,-0.9424679893201898
2020-11-23,-1.1239267466095813,-0.7483058684543855,-0.9063581795732473
2020-11-24,-1.0875392200685299,-0.8222950948178378,-0.8861488994418146
2020-11-25,-1.0793679843425275,-0.8532028123612933,-0.875774594110034
2020-11-26,-1.0793679843425275,-0.8532028123612933,-0.875774594110034
2020-11-27,-1.0684136205031345,-0.7999710138969351,-0.9338199848290756
2020-11-30,-1.067814088038763,-0.8232968540680061,-0.9231513106619023
2020-12-01,-1.0779096888586928,-0.9003178644599772,-0.8303978099346837
2020-12-02,-1.0541123645718293,-0.9795106914314013,-0.799709363585114
2020-12-03,-1.0574186499670044,-0.9424009880294442,-0.8330595818307595
2020-12-04,-1.0338495594085875,-1.0391263982165961,-0.778442640795018
2020-12-07,-1.027125365174562,-1.005324322669446,-0.8214866954629177
2020-12-08,-1.0331045927128282,-0.972361556541192,-0.8443775344220087
2020-12-09,-1.0613870295164363,-0.9674387540693725,-0.8077688037271549
2020-12-10,-1.059471271024991,-0.9287148504620708,-0.8489251497778745
2020-12-11,-1.0396268249844278,-0.9369655481129291,-0.8773516598022414
2020-12-14,-1.0376997827132355,-0.9408527029448461,-0.8751846658085763
2020-12-15,-1.0344850096977147,-0.978296977982182,-0.8535730785620002
2020-12-16,-1.0175062287805599,-0.9934101777577571,-0.8550413407880872
2020-12-17,-1.02877573309033,-1.0025110194340863,-0.8316364511588042
2020-12-18,-1.0227988382653241,-1.0316252161132922,-0.8146011885819536
2020-12-21,-1.025389220371797,-1.0107633967329288,-0.8275059821629466
2020-12-22,-1.0301263332114994,-0.9759005923270085,-0.8554378609590698
2020-12-23,-1.0180210142556176,-1.0412609754570818,-0.8147367241385567
2020-12-24,-1.0215512834986251,-0.9893725594829571,-0.8487744299561714
2020-12-25,-1.0215512834986251,-0.9893725594829571,-0.8487744299561714
2020-12-28,-1.001202990949743,-1.001370094090184,-0.8561756689691462
2020-12-29,-1.0021062582785578,-1.0117057659700168,-0.8504228569680575
2020-12-30,-1.0341843423201968,-0.9828901425331105,-0.8438910801360279
2020-12-31,-1.0237993468128828,-0.9779703828139351,-0.8585473825746385
2021-01-01,-1.0237993468128828,-0.9779703828139351,-0.8585473825746385
2021-01-04,-0.9988294692936729,-1.018836875660973,-0.8606792951246153
2021-01-05,-1.0044078194782817,-1.0516203354504035,-0.8220882530491519
2021-01-06,-0.9924044904367026,-1.1810516714525647,-0.7157382891346659
2021-01-07,-1.0055031541829411,-1.212013340225332,-0.6662745447425146
2021-01-08,-1.0412844350596724,-1.2122582070382686,-0.6176621084983963
2021-01-11,-1.0400586396623686,-1.22587525720137,-0.6038082320087012
2021-01-12,-1.0372023407023157,-1.2238434986781885,-0.6067877164863472
2021-01-13,-1.044420711658007,-1.1444956168167058,-0.6628424719391403
2021-01-14,-1.0300400959462965,-1.2346834596927079,-0.6076293480305942
2021-01-15,-1.001293626540725,-1.2404205133743254,-0.6534720659867034
2021-01-18,-1.001293626540725,-1.2404205133743254,-0.6534720659867034
2021-01-19,-1.0101373152556787,-1.2149958199214124,-0.6610415080988871
2021-01-20,-1.0034291201402146,-1.2313517480404708,-0.6620437366560766
2021-01-21,-0.9904353654946921,-1.284229905251466,-0.6375286330338397
2021-01-22,-0.9908480225659696,-1.2590235944775632,-0.6596004709691184
2021-01-25,-0.9873909750548759,-1.2044052832713692,-0.7148690856938757
2021-01-26,-1.010472914020459,-1.1977287241445504,-0.7009117018301471
2021-01-27,-1.0013009018488637,-1.1898213957203554,-0.717920609788672
2021-01-28,-1.0138300428088807,-1.2167667366749642,-0.6823536460459861
2021-01-29,-1.0024379075546088,-1.2892806746623247,-0.6304764208224124
2021-02-01,-0.9867990754816307,-1.2830335909089325,-0.6638993047153936
2021-02-02,-1.0082310009468671,-1.3002101551629217,-0.6205844645097508
2021-02-03,-1.0150138281527172,-1.3628923255268968,-0.569586086408808
2021-02-04,-1.0008885023435596,-1.3981650646023926,-0.5625203264931703
2021-02-05,-1.0020779031231628,-1.4613421520761818,-0.5166546202387395
2021-02-08,-1.0034904063526366,-1.426764447519145,-0.5282334788379256
2021-02-09,-1.00437987116031,-1.42000376745013,-0.5339417962805163
2021-02-10,-0.9919127814733383,-1.3905339654340674,-0.5736388741638262
2021-02-11,-0.9813004969657212,-1.4254093795431806,-0.5587768598698534
2021-02-12,-0.9903708473163008,-1.5039767058621427,-0.48647995073168454
2021-02-15,-0.9903708473163008,-1.5039767058621427,-0.48647995073168454
2021-02-16,-1.028502847065348,-1.5434504806315636,-0.38121917475136746
2021-02-17,-1.0277824920405711,-1.5419309757968698,-0.390163006633096
2021-02-18,-1.0255856545950968,-1.564035682465084,-0.3835735252407955
2021-02-19,-1.0064794169559796,-1.6476285058872098,-0.3273922068753977
2021-02-22,-1.0022508471471963,-1.717040060378455,-0.2814183288933967
2021-02-23,-0.9696116149713926,-1.7587394831282888,-0.2849557960253824
2021-02-24,-0.9784163282747346,-1.782903874832204,-0.24900756472667396
2021-02-25,-1.121716265764381,-1.7452149093476232,-0.03728268074079107
2021-02-26,-1.1612039153013303,-1.5320207269737576,-0.1797902434713308
2021-03-01,-1.0720104144780114,-1.68396250592945,-0.1798307282976161
2021-03-02,-1.0450330490861972,-1.6928554308982307,-0.21664482271237268
2021-03-03,-1.0841999546649863,-1.6809448004813905,-0.15771908613616092
2021-03-04,-1.1230093207276621,-1.70937309446587,-0.07648956922316469
2021-03-05,-1.152233162145869,-1.6656805178578378,-0.06813264159714097
2021-03-08,-1.200559006960085,-1.6287438078897352,-0.018096050879517014
2021-03-09,-1.1955212507144564,-1.5713339473013281,-0.07183994729373919
2021-03-10,-1.1799688949624905,-1.5918988855205476,-0.09382160608079351
2021-03-11,-1.126606215032352,-1.7032047499337295,-0.07924638516605781
2021-03-12,-1.1365366058447848,-1.826673667314726,0.05051780553880104
2021-03-15,-1.149821741494658,-1.7799539693343158,0.023272808860313136
2021-03-16,-1.146567325865294,-1.813753326956772,0.03910256391245443
2021-03-17,-1.0874929835271032,-1.929717145889283,0.04337436729473449
2021-03-18,-1.1685768920508979,-1.882864172001487,0.12692409122725887
2021-03-19,-1.2082513295283188,-1.8462898456833032,0.1530836555610622
2021-03-22,-1.2022674991184439,-1.762237244675342,0.07791977415979365
2021-03-23,-1.1909286810307431,-1.722983831408694,0.020881507856022195
2021-03-24,-1.2010348323971978,-1.6798605202912908,-0.0027980740844958615
2021-03-25,-1.1778497037558553,-1.741939411147958,0.01610067052283751
2021-03-26,-1.192880950429286,-1.7645340557958296,0.058114714688492226
2021-03-29,-1.1978644450540938,-1.8228959690711213,0.12158299889728841
2021-03-30,-1.2645649558874295,-1.7064511712409614,0.11702412766913099
2021-03-31,-1.2564679931412135,-1.7304547984314593,0.13560875452709376
2021-04-01,-1.2875922633220278,-1.617229994238064,0.07903585672906582
2021-04-02,-1.3507272683043747,-1.555787437355186,0.1296378262500296
2021-04-05,-1.3035250760828625,-1.6260541100731256,0.11881122741061657
2021-04-06,-1.2702820692792411,-1.6232782236133843,0.0564452537673839
2021-04-07,-1.2465426559501778,-1.6836152796491795,0.07013289841091463
2021-04-08,-1.2323107577005052,-1.664760635295059,0.026370860087822388
2021-04-09,-1.2558618787300155,-1.649415799184785,0.055323853495856355
2021-04-12,-1.2868171649186484,-1.610051854748438,0.07517992498113005
2021-04-13,-1.224632218285587,-1.6445429640221274,0.014061092247119605
2021-04-14,-1.2513682480295736,-1.6286094480445454,0.032825096380375764
2021-04-15,-1.241542127749979,-1.5368466331873676,-0.06702077902306998
2021-04-16,-1.2553115281428728,-1.549255022767642,-0.03287097044153726
2021-04-19,-1.2503848502139754,-1.5874458602051962,-0.005102287172029619
2021-04-20,-1.2135949246852316,-1.6103151852808064,-0.04448485460339346
2021-04-21,-1.2210244089293019,-1.595361995692289,-0.048466923601582466
2021-04-22,-1.2342252132206777,-1.5494664114407206,-0.0642399919739734
2021-04-23,-1.2596491999592838,-1.5330774385237453,-0.041455479161361226
2021-04-26,-1.2820457634534705,-1.4872126960913647,-0.04092225876673924
2021-04-27,-1.3010100352555345,-1.5380229813230946,0.024435762772832412
2021-04-28,-1.2820635392327069,-1.5690294648830718,0.019821383925672068
2021-04-29,-1.2750663708115046,-1.5995163979875289,0.034792034661869455
2021-04-30,-1.28667246076601,-1.5793235693731573,0.031908055246059684
2021-05-03,-1.234573318162874,-1.6135895421459219,-0.0029449560480549566
2021-05-04,-1.2522654450818569,-1.5739446773088277,-0.020106176895751306
2021-05-05,-1.239181541986547,-1.5655430606343965,-0.04857046922181429
2021-05-06,-1.248008612048063,-1.5503269902315635,-0.0504240157279204
2021-05-07,-1.1844091170287703,-1.6735671847078697,-0.04367116619536828
2021-05-10,-1.195940115832618,-1.6896342389100893,-0.003162680146640696
2021-05-11,-1.1822072077402892,-1.7464784139993996,0.02009159381614745
2021-05-12,-1.2160563309438437,-1.7630381823327061,0.09355598104080037
2021-05-13,-1.1915561556013066,-1.7844584184372028,0.06802042769369124
2021-05-14,-1.1962519011512927,-1.734104728251796,0.032274892378150934
2021-05-17,-1.2020249091625617,-1.7390076904913383,0.04893017601274389
2021-05-18,-1.1903875760410547,-1.760885513595836,0.048108873005907556
2021-05-19,-1.234033361344621,-1.7436778430082602,0.09545362179896877
2021-05-20,-1.209240118546425,-1.7167103813547184,0.03414761765167077
2021-05-21,-1.2350510875650682,-1.6814974170831787,0.037494791259209355
2021-05-24,-1.2112787639779752,-1.6829815241067758,0.0060906480363909265
2021-05-25,-1.2001281088372082,-1.629473496386549,-0.05784510297051856
2021-05-26,-1.2119165008999457,-1.634146837837017,-0.03919695107265419
2021-05-27,-1.2206560415179826,-1.6567278297008148,-0.006049277016699407
2021-05-28,-1.2077033078962676,-1.6402066965820157,-0.04171835490895919
2021-05-31,-1.2077033078962676,-1.6402066965820157,-0.04171835490895919
2021-06-01,-1.2102749143725067,-1.6772018700762206,0.0018744384861690603
2021-06-02,-1.1941353096098044,-1.6789642830178861,-0.02383872242050788
2021-06-03,-1.250519836278856,-1.6313844379648619,0.02247175575263412
2021-06-04,-1.2111164254963562,-1.6022882948710906,-0.0634042962765542
2021-06-07,-1.220954877787986,-1.59700988706241,-0.049457380888163004
2021-06-08,-1.2123184327392833,-1.5633851680906705,-0.09610004881586248
2021-06-09,-1.2106868395391552,-1.5164183935618945,-0.1360643656027645
2021-06-10,-1.1893723036824468,-1.5116064665236764,-0.17602004274995117
2021-06-11,-1.2209268933766366,-1.4775829132999945,-0.15443418339072773
2021-06-14,-1.2357213423834197,-1.5029888938848863,-0.10460105750838584
2021-06-15,-1.2252158916538836,-1.5079924467328567,-0.1064082521939526
2021-06-16,-1.334042338650434,-1.3639503129885064,-0.04412344823958536
2021-06-17,-1.3984805332910581,-1.1812836761513832,-0.10099236664488291
2021-06-18,-1.4503913510134676,-0.9940833718533523,-0.17622160605182277
2021-06-21,-1.4096712009645114,-1.1430641796665013,-0.10608177668905495
2021-06-22,-1.3804156141296737,-1.1726643123724663,-0.13347285974795625
2021-06-23,-1.4112050850722593,-1.1467924113088144,-0.10712585737203072
2021-06-24,-1.4201348280870794,-1.1201287889978881,-0.11345923362949209
2021-06-25,-1.39823091384397,-1.2025139689212359,-0.06343489266100136
2021-06-28,-1.4096558338115779,-1.1401508583564097,-0.11420204223466794
2021-06-29,-1.4115024513106753,-1.1320983471850663,-0.11878560951221762
2021-06-30,-1.3960781804184113,-1.1075789973116263,-0.16410898120454787
2021-07-01,-1.4213303454941992,-1.0913510151168508,-0.13770335354856686
2021-07-02,-1.388763959287441,-1.1028427460277985,-0.18216148538713178
2021-07-05,-1.388763959287441,-1.1028427460277985,-0.18216148538713178
2021-07-06,-1.3529399855388216,-1.0830303158651977,-0.2593624741738942
2021-07-07,-1.3643244991341381,-1.0065694088780863,-0.3116147661414272
2021-07-08,-1.3165395494272663,-1.032098765731003,-0.363836257626775
2021-07-09,-1.33939655626749,-1.0817402419896391,-0.27596017466767425
2021-07-12,-1.3568495160295149,-1.0781959793422895,-0.25367400080979735
2021-07-13,-1.3857757221559175,-1.0752965240849583,-0.20421569552945146
2021-07-14,-1.3560032769479784,-1.0510934008101935,-0.27525560604282723
2021-07-15,-1.373357725218527,-0.9686394881713485,-0.33064350011267585
2021-07-16,-1.3762337029590215,-0.9681471276353986,-0.32166837978487767
2021-07-19,-1.3353516154846095,-0.8848870422744453,-0.4680380854317755
2021-07-20,-1.2838773997489528,-1.0152922365748294,-0.43074564106786184
2021-07-21,-1.3157013971661893,-1.0656716147619099,-0.3402510270556748
2021-07-22,-1.3086042177449317,-1.0304987240741066,-0.3871982567266705
2021-07-23,-1.3111212131637076,-1.0493469081785118,-0.3603171393776615
2021-07-26,-1.3036176976925986,-1.0550472242406812,-0.3616020148753565
2021-07-27,-1.3080462065437375,-1.0165111849758914,-0.40021295070058177
2021-07-28,-1.3070649521174857,-1.0320468957901696,-0.3868936949833748
2021-07-29,-1.3071997341410129,-1.03943357843309,-0.37337350698277755
2021-07-30,-1.2742148346325284,-1.0524879177769484,-0.4173590911156705
2021-08-02,-1.2528869319251044,-1.0412102123667855,-0.46465504993659956
2021-08-03,-1.2501973412176726,-1.0320833150599176,-0.47700246630495313
2021-08-04,-1.2874454177502836,-0.970528574274086,-0.4764583357741504
2021-08-05,-1.333085522446196,-0.9354087215204999,-0.4243026193601582
2021-08-06,-1.3460844892151835,-1.0088439457919467,-0.33352672596853195
2021-08-09,-1.3595833512894466,-1.0144605325982712,-0.30622478864043307
2021-08-10,-1.385532016378281,-1.01552400281086,-0.2629669510684901
2021-08-11,-1.3624301369749028,-1.0422729400895945,-0.2749156329322638
2021-08-12,-1.3522771382519994,-1.0796495239029844,-0.25081113242197084
2021-08-13,-1.3691116549895705,-0.976427747220504,-0.32668085020621257
2021-08-16,-1.3358292384399413,-0.9911892817042854,-0.3690714317316406
2021-08-17,-1.3553385712194714,-0.9621581078922282,-0.36095505093998836
2021-08-18,-1.3741106849393794,-0.9489349801406253,-0.3465242967032809
2021-08-19,-1.3842579380519016,-0.8993383187528033,-0.3774957239667382
2021-08-20,-1.4215631374319946,-0.8518575191906111,-0.36437289883466417
2021-08-23,-1.3981734027126842,-0.872570139562192,-0.378140853242246
2021-08-24,-1.4096105407571424,-0.9140566243215016,-0.328995962898783
2021-08-25,-1.4166158117998744,-0.9540764531752353,-0.2710980797838185
2021-08-26,-1.43277238284669,-0.9183712083186081,-0.2792145412229862
2021-08-27,-1.3912248084755936,-0.9479014799841778,-0.32777728722254235
2021-08-30,-1.3720012749212527,-0.9544084190974765,-0.3528853500787382
2021-08-31,-1.3655120982616962,-0.99544912587503,-0.3314975482083786
2021-09-01,-1.3735350955248757,-0.9732885288036797,-0.3315584956331758
2021-09-02,-1.3737641017820703,-0.9494527431479979,-0.34934152782887484
2021-09-03,-1.3662841006304585,-1.0087776460901579,-0.3103278047832256
2021-09-06,-1.3662841006304585,-1.0087776460901579,-0.3103278047832256
2021-09-07,-1.387392918156301,-1.031178530930184,-0.2514529012415788
2021-09-08,-1.382406252258495,-0.9937342954769064,-0.2911643192042888
2021-09-09,-1.391259897352744,-0.9227593693903423,-0.3409359883352108
2021-09-10,-1.406735362626539,-0.9425156696158664,-0.2936163117166126
2021-09-13,-1.4086008370730143,-0.9118849795988618,-0.3210254531503146
2021-09-14,-1.431582120040042,-0.8330238102517096,-0.3680289750625632
2021-09-15,-1.448619642033853,-0.8439031408677272,-0.3352733566989883
2021-09-16,-1.4723870012562477,-0.8258748966732371,-0.30392095781585304
2021-09-17,-1.49573769879396,-0.829778419771908,-0.2634299725751543
2021-09-20,-1.4814767300137417,-0.776364347388405,-0.3349427537154672
2021-09-21,-1.4973589656717854,-0.7872991050772649,-0.30974314997708036
2021-09-22,-1.5378951655283684,-0.7005662840858854,-0.31738277173704055
2021-09-23,-1.5822929568755433,-0.7413962205933308,-0.20529959071057063
2021-09-24,-1.5744004185989813,-0.8200490996399343,-0.13734795505085853
2021-09-27,-1.593330422831661,-0.7938786785817898,-0.12356454103986522
2021-09-28,-1.566007174193427,-0.9088049181152604,-0.05773840483557451
2021-09-29,-1.5575270279454418,-0.9532599387715646,-0.04098055823017995
2021-09-30,-1.518771960264376,-0.9784008959280821,-0.07636738078691391
2021-10-01,-1.4712830975756563,-0.9931809387952337,-0.1380349506464365
2021-10-04,-1.4841361694729858,-0.9742029469967484,-0.12701559747195362
2021-10-05,-1.492181888364674,-1.0179521417818262,-0.06971423103459465
2021-10-06,-1.5375750975315423,-0.9478423813735031,-0.0688674526089123
2021-10-07,-1.5559471969934646,-0.9915738010453516,-0.0034357510255848774
2021-10-08,-1.5739605283897042,-1.0073457022693584,0.037632027809642817
2021-10-11,-1.5739605283897042,-1.0073457022693584,0.037632027809642817
2021-10-12,-1.650723819303759,-0.8322424368356182,0.012643898923518254
2021-10-13,-1.700725270772709,-0.7102212591184226,-0.015820287129202967
2021-10-14,-1.656614044101803,-0.7270097691515769,-0.06939600043538524
2021-10-15,-1.7531270781217243,-0.6437972073388477,0.01882966701543132
2021-10-18,-1.807378578481826,-0.5312349845135952,0.010878403595905644
2021-10-19,-1.7647514799641077,-0.68283389683505,0.07602249366324232
2021-10-20,-1.7284940369889785,-0.7566893822633178,0.08241904054164195
2021-10-21,-1.8161055797813315,-0.6392075201130829,0.13262605122744747
2021-10-22,-1.8442091544640862,-0.5446739717717175,0.0974895120116745
2021-10-25,-1.7879945600317848,-0.61605679979258,0.07672339482710283
2021-10-26,-1.8290007046081391,-0.5275167212044213,0.05835706374970757
2021-10-27,-1.8579988858655725,-0.3704009425311786,-0.03508300692653265
2021-10-28,-1.8670251303571617,-0.3895135257814354,-0.0008327614963360384
2021-10-29,-1.86971126636442,-0.37381167462728637,-0.015368852791201032
2021-11-01,-1.8829680853897013,-0.4015524242673906,0.030590921351271786
2021-11-02,-1.8299439014812446,-0.44488236827429717,-0.0204007109203394
2021-11-03,-1.8545425155011346,-0.45086361902965255,0.03170631552321263
2021-11-04,-1.7630759050779647,-0.5343843394099804,-0.057934505748067404
2021-11-05,-1.7425509012357763,-0.4606338621510536,-0.15801585814538877
2021-11-08,-1.8540261145630144,-0.33607697666528985,-0.07853131824603565
2021-11-09,-1.8338858913811928,-0.32317233075369073,-0.14222809123207175
2021-11-10,-1.942669849592575,-0.25016297960254996,0.0014897433476674985
2021-11-11,-1.942669849592575,-0.25016297960254996,0.0014897433476674985
2021-11-12,-1.950321516697838,-0.27183113759852573,0.03399680038072551
2021-11-15,-1.9409867611981417,-0.34792969971930043,0.09172531226687358
2021-11-16,-1.9410342645246508,-0.3555549311282785,0.10067385923507549
2021-11-17,-1.915631085333025,-0.3662467860876969,0.06639255493899948
2021-11-18,-1.8883084301972763,-0.3464103615782934,0.023279955782102738
2021-11-19,-1.9312678843690758,-0.22580424428431137,-0.01951955193663568
2021-11-22,-2.049748584270429,-0.14866599864090493,0.1109266115296359
2021-11-23,-2.0291859552304037,-0.23076189559959273,0.15007095135803916
2021-11-24,-2.0384322340292385,-0.10034630277188697,0.0922583874100944
2021-11-25,-2.0384322340292385,-0.10034630277188697,0.0922583874100944
2021-11-26,-1.8919002076188143,-0.1782995308157849,-0.11292444814997271
2021-11-29,-1.9125400340745475,-0.20817455216908778,-0.06139737687998403
2021-11-30,-1.8975072786674452,-0.1018256030693572,-0.1643029909729129
2021-12-01,-1.9326741270117092,-0.035236119088254324,-0.1621293510282107
2021-12-02,-2.0276375528274606,0.07449838427932184,-0.11340004080688493
2021-12-03,-1.9819286114814791,0.10938687313715065,-0.22433971415405574
2021-12-06,-2.037043085531039,0.12486946961611442,-0.13073606330637944
2021-12-07,-2.074660832511237,0.15749752473205578,-0.07200208625003301
2021-12-08,-2.043748000163873,0.0358776840966931,-0.022525998691094392
2021-12-09,-2.045656202324282,0.04560634410411555,-0.035384975245156707
2021-12-10,-2.021844175911835,0.0060662253636861495,-0.040838552895551265
2021-12-13,-2.029533670913178,0.06583027579574394,-0.10022929540232994
2021-12-14,-2.0460273381108576,0.08444592031352557,-0.0817879921259903
2021-12-15,-2.0482162203371845,0.060165815640693766,-0.04293201465553486
2021-12-16,-1.9381506323602287,-0.09486707644408324,-0.09007777615071555
2021-12-17,-1.9690763695272429,-0.0012058335888670787,-0.12384309618330214
2021-12-20,-1.9176320251412284,-0.08422104750058315,-0.11867582597559223
2021-12-21,-1.9837678771206486,-0.024736264139425892,-0.054829545851802435
2021-12-22,-1.9891211968666846,0.011547994819883866,-0.08111502368469836
2021-12-23,-1.9770715212785557,-0.03787198238409097,-0.03914378856551647
2021-12-24,-1.9770715212785557,-0.03787198238409097,-0.03914378856551647
2021-12-27,-2.0015160445926368,0.04583694367386946,-0.059726900997592695
2021-12-28,-1.9932014463942245,0.02251536321973344,-0.04635690911325984
2021-12-29,-2.0105097248169335,-0.046530203623987874,0.0294865268500254
2021-12-30,-1.9752392106846042,-0.03916999619979369,-0.019854291741631887
2021-12-31,-1.9880485599989468,0.009748384880849148,-0.040475961133395015
2022-01-03,-2.03815743081831,-0.028560029465843486,0.09604888385021482
2022-01-04,-1.9932433003542045,-0.15101558728712763,0.13245066148858342
2022-01-05,-2.074141054992179,-0.053260454902104314,0.19001230177647577
2022-01-06,-2.1351682268815297,0.046272498607658454,0.21626399855169975
2022-01-07,-2.1481712326473525,0.03192959918420688,0.25075866327698926
2022-01-10,-2.171663662128876,0.10419692798678079,0.25693617101236077
2022-01-11,-2.182461931505524,0.13564444095737568,0.23493645646925898
2022-01-12,-2.1639640629159147,0.1260284930118559,0.22151830447801912
2022-01-13,-2.134190997207687,0.12692312846803608,0.17465589600126785
2022-01-14,-2.190120683511723,0.15153147494031546,0.2722422337775481
2022-01-17,-2.190120683511723,0.15153147494031546,0.2722422337775481
2022-01-18,-2.2537217630740307,0.22757181335536966,0.35946173663123837
2022-01-19,-2.2367764533148247,0.24682234991649907,0.31008001587265677
2022-01-20,-2.2433988116295343,0.2789488475854147,0.3039927658727235
2022-01-21,-2.1856312765450383,0.2604284065778806,0.21045272122277636
2022-01-24,-2.1196462916138024,0.16904223957379957,0.2016337238253676
2022-01-25,-2.146815938396297,0.20044867481355286,0.2361593993788691
2022-01-26,-2.255536109415268,0.33468803832390437,0.3232543521843403
2022-01-27,-2.3028622782748767,0.49854470324851197,0.27425780958369106
2022-01-28,-2.256746481227232,0.45808220439358016,0.22833868457458928
2022-01-31,-2.2174572097031175,0.4177942675420704,0.2360606909074775
2022-02-01,-2.2299989066117334,0.4038249062178061,0.2597328478773757
2022-02-02,-2.215367443690212,0.3859684698377269,0.23804542794199046
2022-02-03,-2.253587126422288,0.42051055315153263,0.2851961902226159
2022-02-04,-2.32030663501061,0.5051197150490442,0.3964993983949411
2022-02-07,-2.2920291301698565,0.4910414399430101,0.3715057026855365
2022-02-08,-2.349238056608442,0.5425205802863803,0.42751501588972296
2022-02-09,-2.3503006498957104,0.5547039945630172,0.4226263178426629
2022-02-10,-2.422264737278745,0.8253136679336419,0.4752326500852261
2022-02-11,-2.3310254160822517,0.715929567334736,0.3698339067639632
2022-02-14,-2.3526688095531556,0.7668476898721873,0.42040661227954623
2022-02-15,-2.3743572207526515,0.6689066981516606,0.5157870465012592
2022-02-16,-2.3556287064626464,0.6349135232259903,0.48533355871876005
2022-02-17,-2.301279787962016,0.59124903797106,0.42308179579113336
2022-02-18,-2.322982779688427,0.6614792175860863,0.37321831064262245
2022-02-21,-2.322982779688427,0.6614792175860863,0.37321831064262245
2022-02-22,-2.343706620376993,0.778915773557699,0.3716890689988166
2022-02-23,-2.3853886100660375,0.7633782182647795,0.44476243484243694
2022-02-24,-2.34639827479966,0.6651009796444919,0.4271070495719921
2022-02-25,-2.3535217085209625,0.6980315255185666,0.4349165042994536
2022-02-28,-2.215240746959463,0.6181635452534016,0.2517293206404766
2022-03-01,-2.058780868417827,0.41827527999900993,0.1229680843288119
2022-03-02,-2.1804669600426774,0.5556739882976285,0.2929211888506543
2022-03-03,-2.1378259190828763,0.5600017987572453,0.2649561595128961
2022-03-04,-2.0968737162550006,0.571404345250125,0.15332004766273954
2022-03-07,-2.1136353578483478,0.6033768995251927,0.1987174441781957
2022-03-08,-2.2324039262849715,0.7021534803067165,0.30620172536106705
2022-03-09,-2.2708027387536247,0.7344948216686467,0.3723218370121292
2022-03-10,-2.269025719989253,0.6771083168649372,0.4453391198107671
2022-03-11,-2.3266779158268722,0.7767269627290442,0.4618084447686587
2022-03-14,-2.382408665225367,0.8274462547144983,0.593525753789414
2022-03-15,-2.36770190290068,0.788362720277721,0.6030930153776612
2022-03-16,-2.504921947145177,1.0183949161313128,0.6445611592008494
2022-03-17,-2.521980863842357,0.9360847977712625,0.6971115739954797
2022-03-18,-2.539174049567076,1.060522909018685,0.6226154217851777
2022-03-21,-2.6242973974209973,1.1734738204384358,0.786640097078216
2022-03-22,-2.674094955887198,1.2288106197917394,0.8499504973700308
2022-03-23,-2.69257827828395,1.2629912591643677,0.7959564957728157
2022-03-24,-2.717136624965093,1.3349038292687572,0.7941219497682533
2022-03-25,-2.8667823808008763,1.5055475323973861,0.956742186626158
2022-03-28,-2.8503056687887804,1.5823379148685353,0.9115511072040305
2022-03-29,-2.853846098338237,1.6070689882073452,0.8705900696928753
2022-03-30,-2.823366296908971,1.5972916893350768,0.8059303589422897
2022-03-31,-2.811598610262693,1.614415066791366,0.7627513525493425
2022-04-01,-3.001929022072589,1.9086582506293572,0.8500397577028947
2022-04-04,-2.9032534686658495,1.8151810994565447,0.8384999444933326
2022-04-05,-3.0121668555701797,1.858394622851763,0.9898305210266435
2022-04-06,-2.9566235805117236,1.7372893721827858,1.0327528759588702
2022-04-07,-2.92190661984559,1.616716791646971,1.082582342136664
2022-04-08,-2.9468503171652047,1.611762097923136,1.1584767912612233
2022-04-11,-2.870354756053986,1.4752387431632843,1.202728103676139
2022-04-12,-2.7278150743802962,1.2556920497875623,1.1169544745667175
2022-04-13,-2.689077996857134,1.2479343207510203,1.0810669762156004
2022-04-14,-2.7003960237825497,1.2406554041087543,1.1959189595427586
2022-04-15,-2.7003960237825497,1.2406554041087543,1.1959189595427586
2022-04-18,-2.6662694317590905,1.18249097333074,1.2085056678671142
2022-04-19,-2.7942420957999654,1.3319138486321642,1.3232587969405365
2022-04-20,-2.816487532578626,1.4776315021513655,1.2213685245442434
2022-04-21,-2.817594757637616,1.5458626802658009,1.2515977772496172
2022-04-22,-2.8123259920421666,1.5429781503779485,1.2555147306370813
2022-04-25,-2.693264191796768,1.488313167694458,1.1202061863190418
2022-04-26,-2.67077913450633,1.4128561615815078,1.0936882825228866
2022-04-27,-2.697804560902482,1.3805450348940487,1.159229640164879
2022-04-28,-2.7564877838884625,1.463725607665844,1.1979409954891687
2022-04-29,-2.7952472655441425,1.5231452427005145,1.2482817449384929
2022-05-02,-2.768570361984091,1.4275835060442288,1.3482233571206914
2022-05-03,-2.780355724602928,1.536690112339468,1.302983042716572
2022-05-04,-2.6774923289363377,1.3618183917919267,1.2526858593087395
2022-05-05,-2.731529372159052,1.245473805629683,1.4248114484127061
2022-05-06,-2.7336756462069505,1.168666918560013,1.5079068217365517
2022-05-09,-2.5587108069463813,0.9944564739775487,1.3837971994505793
2022-05-10,-2.544338905096841,1.083171542252721,1.2997500447948813
2022-05-11,-2.5458127077380794,1.1823273717564091,1.2242440041076479
2022-05-12,-2.418326142365458,1.074521928670598,1.1207901511107206
2022-05-13,-2.384426533449131,1.0125308089534995,1.1976685458775613
2022-05-16,-2.285898341128486,0.945482278422677,1.1252204790715183
2022-05-17,-2.4281131631927737,1.0909529167150673,1.2578177223790104
2022-05-18,-2.4447130231108103,1.1947092346127546,1.1564666362908527
2022-05-19,-2.337500769161418,1.0817625912581863,1.0930713570394448
2022-05-20,-2.339752239007975,1.1191906981159172,1.0326435517145005
2022-05-23,-2.3897076915318287,1.102560485490018,1.1439088074788593
2022-05-24,-2.2999037532039273,1.027361300990757,1.0133104106555026
2022-05-25,-2.243936697924635,0.9746104258869812,0.9730798963461332
2022-05-26,-2.14186289904975,0.8656850633401516,0.9484422216285983
2022-05-27,-2.1688210872668723,0.9310272167863224,0.939678998365474
2022-05-30,-2.1688210872668723,0.9310272167863224,0.939678998365474
2022-05-31,-2.143241199105955,0.8850057200733061,1.0295019104467171
2022-06-01,-2.3008034953435006,1.1033817537856274,1.1276916287166674
2022-06-02,-2.221835803121782,1.0523271596894879,1.079971941518482
2022-06-03,-2.2172014267623346,1.0635036265227058,1.1006375455119293
2022-06-06,-2.228036984456863,1.0590423991351157,1.1792441867127434
2022-06-07,-2.2176701687183527,1.1286898982239937,1.1070046059168728
2022-06-08,-2.211361835953346,1.100732915120977,1.1517206829967976
2022-06-09,-2.1626548218936366,1.1538111047594386,1.1163939533264122
2022-06-10,-2.299924777813035,1.5092790505053155,1.189145755006012
2022-06-13,-2.3631818420531583,1.7288663757797793,1.4015368568515847
2022-06-14,-2.2763218055122767,1.7837851721313893,1.3735583160945282
2022-06-15,-2.0466990205281665,1.4049961634154942,1.2125523717199151
2022-06-16,-2.126959225364771,1.4391711561839744,1.217394508800213
2022-06-17,-2.1616049179398757,1.538590541098964,1.1849186580041242
2022-06-20,-2.1616049179398757,1.538590541098964,1.1849186580041242
2022-06-21,-2.0868537947207013,1.445955090578282,1.222851218383287
2022-06-22,-2.069932051023263,1.420240633763754,1.0896800816110002
2022-06-23,-1.8828989224832386,1.3070678611607585,0.9510489566892892
2022-06-24,-1.7940481487867208,1.2375919658464347,0.9530968127042031
2022-06-27,-1.8347282426175966,1.2828735067864114,1.0197033062069467
2022-06-28,-1.875352173701308,1.324912309144413,1.0307738710641443
2022-06-29,-1.8029363678743069,1.322735261008495,0.9064940617273279
2022-06-30,-1.6131495586193827,1.1548295054820998,0.7386285908516751
2022-07-01,-1.4386472471252172,0.9652544276151346,0.6180479709309794
2022-07-04,-1.4386472471252172,0.9652544276151346,0.6180479709309794
2022-07-05,-1.2888239772041052,0.9404017795353395,0.4833803207644528
2022-07-06,-1.406246984894776,1.0488819763323893,0.6284777200831785
2022-07-07,-1.3654386373498515,1.0635855368979656,0.6519135403024602
2022-07-08,-1.4021028347619422,1.1035071427838938,0.7352053398133195
2022-07-11,-1.2319960821117841,1.1133232764858916,0.5429667703497457
2022-07-12,-1.1689941601531713,1.146496088572338,0.4532320578758151
2022-07-13,-1.0239185447877326,1.266413228774347,0.3093399243904038
2022-07-14,-0.9724705356567682,1.233376951125951,0.31139556085592723
2022-07-15,-0.9710310409615216,1.2234968323580133,0.297066021541049
2022-07-18,-0.8932916809959793,1.1534649873274572,0.2963107095977533
2022-07-19,-0.9712629758118091,1.2559198398280553,0.35856929634194645
2022-07-20,-1.0402791248172982,1.3203927078173308,0.4011436596976895
2022-07-21,-0.7648001708533162,1.0984572667671295,0.1761032000242423
2022-07-22,-0.629301024432905,0.9776772016053058,0.023199492781627477
2022-07-25,-0.5683546444666041,0.9516783213429364,0.02782784299062469
2022-07-26,-0.6164570575011311,0.995390961340046,0.04241986847903479
2022-07-27,-0.6086808174656504,0.8809742766936789,0.04553549153302428
2022-07-28,-0.41108749008616696,0.6354115241193298,-0.07241470306481868
2022-07-29,-0.43843549964307005,0.7266009838827975,-0.0888440596333257
2022-08-01,-0.3686017380006585,0.8087010590396891,-0.21450755910633368
2022-08-02,-0.5715271658604236,1.033334066501654,-0.0325120855558113
2022-08-03,-0.6402489637296752,1.168697461984764,-0.04758669068088805
2022-08-04,-0.525517223449599,0.9952600632819812,-0.10554839556425982
2022-08-05,-0.6727649049489636,1.2374117447567698,0.047873964516947594
2022-08-08,-0.5800261192187127,1.2349795716837857,-0.05987612970189037
2022-08-09,-0.6403055544769746,1.328049563339838,-0.0214765649971258
2022-08-10,-0.5634078310674068,1.1579497773574017,-0.024382090749253568
2022-08-11,-0.5859432780191035,1.0290003637801082,0.10494033013379478
2022-08-12,-0.590113442189587,1.1016436495559263,0.06541347537114384
2022-08-15,-0.4679490202426059,1.013749707673069,-0.022814884891099004
2022-08-16,-0.5448935184243822,1.1048931559945805,0.019847391334904655
2022-08-17,-0.6530883910159845,1.1765613176854508,0.12493073691184176
2022-08-18,-0.6140593750385829,1.123569210251838,0.09844725728306603
2022-08-19,-0.6434367084712197,1.0943702787508662,0.2005612089004899
2022-08-22,-0.6476478886599739,1.167683735927434,0.22169701016875598
2022-08-23,-0.6544002432173146,1.1283764672764285,0.24845051932836615
2022-08-24,-0.6427171063469335,1.113570078881306,0.29537137502903077
2022-08-25,-0.5348655876144044,1.1253309933638789,0.1594880618069534
2022-08-26,-0.6239105027990032,1.2759591229763254,0.16936472463134933
2022-08-29,-0.605121333635669,1.293670159576517,0.2050173477532417
2022-08-30,-0.6434840971105353,1.3714862029650325,0.20305466164872865
2022-08-31,-0.6540996131530844,1.3265426817147254,0.25242162816580216
2022-09-01,-0.6438892308731979,1.2686132416009284,0.35178267102769145
2022-09-02,-0.5617521270477996,1.1315614431178702,0.29382929827530846
2022-09-05,-0.5617521270477996,1.1315614431178702,0.29382929827530846
2022-09-06,-0.5930056779470014,1.1232603571510635,0.43223590634157844
2022-09-07,-0.6108734588833713,1.1733461265810519,0.3733371799215249
2022-09-08,-0.4948710602392089,1.1182639127868403,0.33456965314113185
2022-09-09,-0.5370043567612558,1.219972684726073,0.3653535056709792
2022-09-12,-0.443833453764742,1.1192657199756382,0.370591648653522
2022-09-13,-0.5512007661243165,1.4475899117927657,0.3806749197056324
2022-09-14,-0.617445883858923,1.5669380465637257,0.3777422940537779
2022-09-15,-0.5994153565736078,1.6411180083186028,0.37595278084390504
2022-09-16,-0.5704610484354553,1.5082911330274578,0.40404052045795347
2022-09-19,-0.6156641958259879,1.6915451438222984,0.40402258209254327
2022-09-20,-0.6888450737968069,1.6684895255725543,0.5145589979601308
2022-09-21,-0.7598487409118778,1.8870266101215232,0.4448244813287413
2022-09-22,-0.831892252213095,1.855581770619401,0.6458488715301255
2022-09-23,-0.9855612414608246,2.083459804099763,0.6757865453824504
2022-09-26,-1.051818336670256,2.1427180340056893,0.835997374242815
2022-09-27,-1.0603004812014727,1.9606603065937966,0.988939220052495
2022-09-28,-0.7908958098911499,1.7093890509162013,0.6910501922325362
2022-09-29,-0.8265960594228702,1.7935470587312947,0.7199203865201025
2022-09-30,-0.8633758455755933,1.7930721663128648,0.8121424826619552
2022-10-03,-0.5639156740419559,1.5848437473148698,0.5793143487731038
2022-10-04,-0.48036807966222633,1.5817488872361443,0.48822089530131696
2022-10-05,-0.5962808687474488,1.620382175282442,0.64519684124458
2022-10-06,-0.6067056063995065,1.69835996254773,0.6761937354002429
2022-10-07,-0.6924729664610544,1.7845401724768017,0.7625252995929753
2022-10-10,-0.6924729664610544,1.7845401724768017,0.7625252995929753
2022-10-11,-0.5189003337882078,1.6351041903606327,0.7293658366879974
2022-10-12,-0.4863771998016168,1.6172517737919552,0.6968390439374602
2022-10-13,-0.3695375176206097,1.6887980569095546,0.6730395754966451
2022-10-14,-0.42003418236658174,1.73601444001115,0.7138587624889308
2022-10-17,-0.2843763158891366,1.5996227295067187,0.684171892693119
2022-10-18,-0.24363892185043093,1.5659044191976985,0.6544562866744522
2022-10-19,-0.30283702368619647,1.6218016302087883,0.7847718117406642
2022-10-20,-0.22993893353058362,1.5834525199418243,0.8309852075154829
2022-10-21,-0.03023956049145517,1.1773028373887269,0.8205735523810603
2022-10-24,0.05869163042197388,1.0743418953952326,0.8321025996353991
2022-10-25,0.10402273529781723,1.1476315035361044,0.6648460320851627
2022-10-26,0.08527723813409925,1.1953471796659374,0.6090513256455663
2022-10-27,0.30740618380579177,1.0441005625094235,0.43566805077682036
2022-10-28,0.2323501784230896,1.1630600439184386,0.5061726756695331
2022-10-31,0.19133069587734217,1.2184087435233413,0.5822426231868835
2022-11-01,0.12733237117646432,1.4144157471414758,0.5322455250252583
2022-11-02,0.06529217111781681,1.4716932281173474,0.5813544085390576
2022-11-03,0.011501541340344628,1.5734302532570452,0.621550152551196
2022-11-04,0.08252242081537096,1.351555729774038,0.6737330766918416
2022-11-07,0.13232516242490186,1.3171773525581032,0.7040122366850431
2022-11-08,0.13442384297787355,1.3184459250830527,0.6365736899482511
2022-11-09,0.21859350870286717,1.1626119518173468,0.626942032199778
2022-11-10,0.48643978901693824,1.0268273365873257,0.2370654586019882
2022-11-11,0.48643978901693824,1.0268273365873257,0.2370654586019882
2022-11-14,0.4644227603815252,1.0679090794872845,0.28335600129478744
2022-11-15,0.5078170388052731,1.0980203478564865,0.17733764650401648
2022-11-16,0.5520752449284855,1.235478214193252,-0.00088048568118373
2022-11-17,0.509866769959694,1.3091194259510412,0.07161403124052268
2022-11-18,0.4646547573298018,1.3851419248741905,0.11702566500859488
2022-11-21,0.5128974849872844,1.378730774708529,0.090596063927122
2022-11-22,0.5383027986690921,1.4587640886549758,-0.012188364802247215
2022-11-23,0.6030504430718941,1.508497804947281,-0.12769809902444929
2022-11-24,0.6030504430718941,1.508497804947281,-0.12769809902444929
2022-11-25,0.679721728647014,1.432722571464697,-0.16855854502704457
2022-11-28,0.6305900254945341,1.498463378218685,-0.14685469948681232
2022-11-29,0.5949268039485508,1.4583325887312253,-0.06487040843416814
2022-11-30,0.7230261471785757,1.27554281416866,-0.13975379809710506
2022-12-01,0.7712456059106364,1.2921358245782602,-0.3084697350311135
2022-12-02,0.6554968746148205,1.476812963809785,-0.321455641821303
2022-12-05,0.5520983385347668,1.6351312275096226,-0.226225532157877
2022-12-06,0.570243041790513,1.6698147656083093,-0.3205535988088152
2022-12-07,0.5618774511792374,1.6917235695331538,-0.4107164508058826
2022-12-08,0.43687215352934516,1.8024297290286087,-0.3140641428339038
2022-12-09,0.5032510123839978,1.6362204654384196,-0.2313437265852782
2022-12-12,0.5172637590197436,1.6837050575071895,-0.22904551205605733
2022-12-13,0.6579773126454332,1.4926122650598483,-0.3512106571696527
2022-12-14,0.6716970924690603,1.4789364817518844,-0.3651212527566401
2022-12-15,0.6922508023092631,1.5402945439380953,-0.42777260356668134
2022-12-16,0.7202617886427378,1.3997415029467621,-0.38241926172017865
2022-12-19,0.6947538886078918,1.3918663804187643,-0.2849304246310589
2022-12-20,0.6258928293457842,1.3001264885783952,-0.11967443873027758
2022-12-21,0.6361361180047415,1.2567282558682265,-0.12277585673154726
2022-12-22,0.5696882620006672,1.341111768780636,-0.10865301656807158
2022-12-23,0.5305220655193817,1.3167481815311834,-0.007179046860509071
2022-12-26,0.5305220655193817,1.3167481815311834,-0.007179046860509071
2022-12-27,0.6132439913146989,1.224047539609192,0.0526553098329691
2022-12-28,0.5964860036935001,1.174205100712233,0.1088661284779941
2022-12-29,0.6824838733114423,1.194096489889132,0.007117269804007208
2022-12-30,0.6732688148940115,1.2019223495247906,0.056000075631780784
2023-01-02,0.6732688148940115,1.2019223495247906,0.056000075631780784
2023-01-03,0.7609371640984948,1.2519374646355133,-0.08183901334544658
2023-01-04,0.8570847090900576,1.2362672576407114,-0.2141046619387032
2023-01-05,0.868231469224352,1.3760991325177439,-0.2534917614346417
2023-01-06,1.103952798186275,1.1544700959588607,-0.4753672327482823
2023-01-09,1.1932600171304557,1.0840115252012732,-0.5295872576096091
2023-01-10,1.21536264118964,1.0179460389560515,-0.4611914234436003
2023-01-11,1.24354210114451,1.0492353789593623,-0.5457599970669484
2023-01-12,1.3630184165557848,0.996034723603513,-0.7090944099873839
2023-01-13,1.2974940145433371,1.0594241488037237,-0.6295473530421968
2023-01-16,1.2974940145433371,1.0594241488037237,-0.6295473530421968
2023-01-17,1.3554162916951287,0.9758132230166608,-0.625690592228009
2023-01-18,1.4866141198197937,0.9060953495504697,-0.8169676414525223
2023-01-19,1.5147875717542982,0.895204368477637,-0.8029841176655254
2023-01-20,1.4728723644632922,0.8761224974809636,-0.6971954494226215
2023-01-23,1.4262593667637307,0.9301892635305278,-0.6482674019542547
2023-01-24,1.441561577186498,0.9786393564896672,-0.7235455801593221
2023-01-25,1.4436445836906207,0.9303982907213018,-0.7151101005268562
2023-01-26,1.3501971910080703,1.0265630266372068,-0.6648492191276871
2023-01-27,1.328044275701413,1.0459836201450534,-0.6330675695467048
2023-01-30,1.2580942063670644,1.1290199810738955,-0.5833767443960487
2023-01-31,1.294156752721787,1.055929734618242,-0.6067967456714883
2023-02-01,1.432056458719302,0.9610304290711524,-0.7774783751996152
2023-02-02,1.424752893127899,0.9621453861599858,-0.7701153847686498
2023-02-03,1.2442560096988633,1.2058996235147892,-0.6103849004833917
2023-02-06,1.0973689424350197,1.4063179305283233,-0.5004234331478904
2023-02-07,1.0899309302776168,1.37583183668994,-0.4474599892117244
2023-02-08,1.1362973021161131,1.3412384823840648,-0.48859884092875216
2023-02-09,1.1339273816506719,1.340893511761179,-0.44729498757876157
2023-02-10,1.1111294174304227,1.29753024326434,-0.3620768941265393
2023-02-13,1.1153100850541413,1.3916807607340793,-0.41251520218489
2023-02-14,0.9987704339282732,1.5358448240554738,-0.34098936194655644
2023-02-15,0.9659352440112874,1.5269362372086408,-0.28574100891998394
2023-02-16,1.0270927568391164,1.40554518128679,-0.24254348132452153
2023-02-17,1.0336706759429974,1.4380668496737263,-0.28749981001162406
2023-02-20,1.0336706759429974,1.4380668496737263,-0.28749981001162406
2023-02-21,0.9580355202424782,1.4745497149587101,-0.1479441767492975
2023-02-22,0.9445702553376143,1.518185695467275,-0.1751319401914758
2023-02-23,0.9651702101305193,1.5491872995691631,-0.2411164713607639
2023-02-24,0.875899102554109,1.64736802659952,-0.14704302122149157
2023-02-27,0.9522627216784184,1.5998681899277076,-0.19239124478543024
2023-02-28,0.918553394532009,1.638114132588303,-0.18218267072218283
2023-03-01,0.8368702022065461,1.7271700632806084,-0.0903256423518824
2023-03-02,0.8503899229451213,1.6524658120752187,-0.025413150191700536
2023-03-03,0.8489578037899687,1.7903194044913473,-0.15503575589242535
2023-03-06,0.8678474911783244,1.7799068027178653,-0.14990098152185538
2023-03-07,0.8939387461917713,1.9559983808089294,-0.2222547463907592
2023-03-08,0.8446740574522587,2.041652427458068,-0.20420936279674018
2023-03-09,1.0375162740108987,1.7712929797313737,-0.29624699526311504
2023-03-10,1.2024653746965708,1.558755451553517,-0.5342526359422496
2023-03-13,1.3827400089084307,0.8066519755257435,-0.5617609584914197
2023-03-14,1.2230802913228218,1.0053973900606492,-0.4375808869152471
2023-03-15,1.2192106428116203,0.7568676332450162,-0.47636603320256243
2023-03-16,1.1122728660793142,1.0615592802052063,-0.4330958862537153
2023-03-17,1.3149844374912276,0.6670756530146531,-0.6036212708902476
2023-03-20,1.362671872593018,0.7337147489223484,-0.5845767057546892
2023-03-21,1.080824449326535,1.0955811655816354,-0.401445247073106
2023-03-22,1.3595946288579803,0.7697388839642731,-0.5833423880953804
2023-03-23,1.553152066688035,0.44105044893488954,-0.6913811407537136
2023-03-24,1.5181734377593534,0.4788020334486849,-0.6842883454911494
2023-03-27,1.4198113737753872,0.6264887732998714,-0.5288098187414138
2023-03-28,1.3319886904640645,0.7442702319274488,-0.4905817967187438
2023-03-29,1.346364684760778,0.7846506240194494,-0.4948126099343209
2023-03-30,1.595861768818521,0.7460419457426971,-0.6664146822327184
2023-03-31,1.5917831312858564,0.7865841418089466,-0.733293184404931
2023-04-03,1.6684900605828732,0.6782295588036565,-0.7947130673635394
2023-04-04,1.7583706475201226,0.515295134403194,-0.874275275699488
2023-04-05,1.761788136780432,0.5134869874822787,-0.9153835100310421
2023-04-06,1.759212881723995,0.6033771239852616,-0.9411827019936353
2023-04-07,1.6495680199303953,0.7399828168714233,-0.8295676966089727
2023-04-10,1.6660697224095498,0.7726887260998155,-0.8343183223265406
2023-04-11,1.5016549157426942,0.8692035616626284,-0.7451821567225081
2023-04-12,1.6047820378570843,0.6935319711527915,-0.7786491661154756
2023-04-13,1.51710752003174,0.698888381396085,-0.682985071257621
2023-04-14,1.5544224642282312,0.7811392140977501,-0.670066704834921
2023-04-17,1.414498341293759,0.8687233201853248,-0.5358341243760428
2023-04-18,1.3115020671325117,0.9474697073292273,-0.5016772259599939
2023-04-19,1.2741332298855443,1.0284344774531367,-0.4906573675973225
2023-04-20,1.0707074141023005,1.0385151875696959,-0.40860164165343626
2023-04-21,1.0425233408156334,1.043439267363703,-0.36561915620488594
2023-04-24,1.1999881767972094,0.9763000805997286,-0.4950261383001934
2023-04-25,1.632493629733355,0.5853576358080219,-0.7696709467161666
2023-04-26,1.5484240637691589,0.6069099038712493,-0.6865876494078341
2023-04-27,1.5866538490084339,0.7286908751662028,-0.6625531650166864
2023-04-28,1.6511055935118828,0.7507682538716414,-0.783505424385797
2023-05-01,1.754833884535303,0.6233568231782511,-0.6847591919144086
2023-05-02,1.9258007938898254,0.4708192750226138,-0.8818667543608335
2023-05-03,2.1171353797733037,0.30399289363538695,-1.0010027248157827
2023-05-04,2.7628698288788014,-0.19148279502678414,-1.2956677983335194
2023-05-05,2.5528333039972244,0.0724840883942792,-1.1713936684330413
2023-05-08,2.4748424584967905,0.10773436932071775,-1.061215383129594
2023-05-09,2.5092885394113975,0.07805141403270396,-1.064929590274985
2023-05-10,2.5858400061714466,-0.06375879942967269,-1.1480804974843075
2023-05-11,2.693383010062302,-0.01754500097513392,-1.2715862329124656
2023-05-12,2.6172083296271262,0.07052314065808304,-1.1900483869014429
2023-05-15,2.5612841444956027,0.03064154459210153,-1.105241610379111
2023-05-16,2.4930926576397345,0.12915300570987595,-1.0493047189291713
2023-05-17,2.398927679431675,0.2557302016887164,-1.0015623286802218
2023-05-18,2.3521291693884474,0.4007779282800178,-0.9499337001624358
2023-05-19,2.294720245246438,0.4236832449770138,-0.8749145100498393
2023-05-22,2.4056311880975105,0.3717566016421435,-0.9179226879419019
2023-05-23,2.3656474039482758,0.3844944342109493,-0.9058070396174182
2023-05-24,2.3916950778588446,0.4084767190402163,-0.9111964540113676
2023-05-25,2.337566600778408,0.5984043249044902,-0.8545710148305605
2023-05-26,2.297331704696939,0.7120841051822708,-0.8804050504495532
2023-05-29,2.297331704696939,0.7120841051822708,-0.8804050504495532
2023-05-30,2.1833419304699144,0.7371668326400238,-0.8877394106044713
2023-05-31,2.193565635829391,0.712080761366979,-0.9353004186381624
2023-06-01,2.2404680286096954,0.6311781683056399,-0.968516300946893
2023-06-02,2.077552341657042,0.863569899723534,-0.8582300889116713
2023-06-05,2.0667405493194555,0.8056559311767784,-0.8383598291128221
2023-06-06,1.9445953712058293,0.9415585785132603,-0.7955907955228373
2023-06-07,1.8334288788564104,0.9320434317236908,-0.6448226073847002
2023-06-08,1.9331836410768735,0.9045356340138903,-0.7582189993470462
2023-06-09,1.8551489801443406,1.0267271132017104,-0.725465531174983
2023-06-12,1.9052240352686127,0.9743358839856495,-0.7620470714645794
2023-06-13,1.7250810721909295,1.1191651919544743,-0.601643896303035
2023-06-14,1.627271620456325,1.2976041723718674,-0.5961318705344375
2023-06-15,1.7738117593276765,1.124899811267611,-0.7231671311039258
2023-06-16,1.6803114927975018,1.254354707245685,-0.6628957993122626
2023-06-19,1.6803114927975018,1.254354707245685,-0.6628957993122626
2023-06-20,1.7327432416894644,1.2579446936673362,-0.7257956499380015
2023-06-21,1.7293993753199386,1.288804863405976,-0.7463581935359899
2023-06-22,1.6685974127948722,1.3229101791496438,-0.650315490389849
2023-06-23,1.693669637219653,1.3290104513180157,-0.7149624798581945
2023-06-26,1.79948200156505,1.2377865743337106,-0.7660948215513455
2023-06-27,1.689485394110219,1.3733941160244891,-0.7016391566844683
2023-06-28,1.7595912632215833,1.3207335657177273,-0.7703846599297954
2023-06-29,1.6502656381087029,1.4390247304327577,-0.6164470551468532
2023-06-30,1.591552804596346,1.5507617948525305,-0.6473464693138248
2023-07-03,1.5454837533538932,1.6411035424780536,-0.6091458346842464
2023-07-04,1.5454837533538932,1.6411035424780536,-0.6091458346842464
2023-07-05,1.5222978674109826,1.5591893961315264,-0.5037552921188618
2023-07-06,1.4444104217360532,1.631118682678153,-0.4031808972524799
2023-07-07,1.4988783169359363,1.4951538560798427,-0.38414724655182664
2023-07-10,1.6563252978823177,1.3100701049351193,-0.4731915375249576
2023-07-11,1.6721346055264095,1.3468351396233547,-0.5072784773449409
2023-07-12,1.854571193858018,1.142329651951137,-0.6659685200829181
2023-07-13,2.001693509577318,0.9727833531497749,-0.7944158920230835
2023-07-14,1.8716861319708538,1.166177007729831,-0.7079288153778808
2023-07-17,1.90391504448356,1.1285761758845436,-0.7263099069802895
2023-07-18,1.8894505990642578,1.16814368192966,-0.7437771563470698
2023-07-19,1.8667135050265007,1.2737800685500935,-0.8042022573809127
2023-07-20,1.8135268763282337,1.29725319183777,-0.6984653439521279
2023-07-21,1.8105613152446565,1.3129934518954942,-0.701661934880233
2023-07-24,1.7887324928123456,1.3499075342994096,-0.6818645464646688
2023-07-25,1.7628509950785798,1.367773694069654,-0.6382095741311731
2023-07-26,1.8364439110616142,1.2829568734026848,-0.6913486827239365
2023-07-27,1.7361499424317428,1.2904847104794257,-0.5107584166006965
2023-07-28,1.792177934186534,1.2405322068789433,-0.5711037415000518
2023-07-31,1.7998929989637364,1.2460183735444441,-0.5788742728656305
2023-08-01,1.7740915204571874,1.1972676279896222,-0.48033203036058303
2023-08-02,1.8081344505346986,1.0623893421468376,-0.4347573950554815
2023-08-03,1.8564603707768423,0.8716909233350589,-0.3097332209686996
2023-08-04,1.9873490232514168,0.8075059793192539,-0.49365130457684403
2023-08-07,2.0332940009912783,0.6864216893497409,-0.45254699683013205
2023-08-08,2.0879996735434156,0.7095345587844292,-0.5535624485194232
2023-08-09,2.015529435781589,0.822990200042443,-0.5443922425274177
2023-08-10,1.948405534183522,0.8255006767943825,-0.43466085660252535
2023-08-11,1.829284987856137,0.9484714583403291,-0.34134497488531773
2023-08-14,1.7854798146274586,1.0322009472826483,-0.31178807750029724
2023-08-15,1.7915741991388825,0.9679219367484803,-0.27974316609549404
2023-08-16,1.742922483439522,0.9628036506604879,-0.193763174074414
2023-08-17,1.7795793515975205,0.8816719334628639,-0.17812212329878474
2023-08-18,1.798734812676322,0.8712110300060317,-0.2175804192111091
2023-08-21,1.7785144509580084,0.8588687315424174,-0.13194032326694222
2023-08-22,1.6976476850483373,1.0006756883082493,-0.12502149911472688
2023-08-23,1.7659212600601737,1.053818526047893,-0.30962801979112875
2023-08-24,1.7528764516922202,1.0755106326642063,-0.276841344193492
2023-08-25,1.723326109144463,1.1516536366667636,-0.2632831770752521
2023-08-28,1.765763475264772,1.0858195646015776,-0.29971649955585006
2023-08-29,1.8646613726127526,0.957378152878479,-0.39905038050662534
2023-08-30,1.8507694245727633,0.9875855970037095,-0.39517972760545395
2023-08-31,1.857516249506273,0.9742712554306712,-0.4238056015734607
2023-09-01,1.816172189189034,0.9012625565952237,-0.30585079282615985
2023-09-04,1.816172189189034,0.9012625565952237,-0.30585079282615985
2023-09-05,1.7829354440312342,0.8998768669401169,-0.20915065596657673
2023-09-06,1.689486685921656,1.048740091929657,-0.17276583975036924
2023-09-07,1.752285357034572,0.9405901898124805,-0.20698362395530806
2023-09-08,1.717050737942153,1.0351714078656553,-0.2232340131187741
2023-09-11,1.7508555671326995,0.9411449757597201,-0.19482130491502841
2023-09-12,1.7412224045975369,0.9982923457913261,-0.2157419099426488
2023-09-13,1.7579253563281962,0.9838963475217912,-0.23767914768157217
2023-09-14,1.7313181965022415,0.9642387982119656,-0.17595022849827507
2023-09-15,1.6973810165253713,0.9798405452651366,-0.13247382375893435
2023-09-18,1.6780785336652984,1.0473138360176848,-0.14706636679628554
2023-09-19,1.61702474760722,1.0904129314768425,-0.0844811025101925
2023-09-20,1.5879625741945669,1.1853430045947273,-0.10689801674252217
2023-09-21,1.597074315615554,0.9841916876272598,0.061927427207724046
2023-09-22,1.6330653496585823,0.9720524223840699,0.008050570205751733
2023-09-25,1.6784058433754698,0.7680040490843287,0.13144333576213552
2023-09-26,1.7033470991972692,0.7045738083227571,0.14662943278805296
2023-09-27,1.6454770508872678,0.7531790340854605,0.21228575963942814
2023-09-28,1.715252585943721,0.6622531500910649,0.16719359781072318
2023-09-29,1.7535504259293062,0.5846944309134827,0.16815037023395685
2023-10-02,1.6984601859225754,0.6301546443073733,0.27262559063028874
2023-10-03,1.6684905940116646,0.5162554388345231,0.427491380695259
2023-10-04,1.73851399331842,0.47172803469841856,0.32098669600916985
2023-10-05,1.795594416556865,0.3741880610095731,0.30944869922774154
2023-10-06,1.781941033534201,0.3665828931277468,0.3759101472237212
2023-10-09,1.781941033534201,0.3665828931277468,0.3759101472237212
2023-10-10,1.8927508700290285,0.2904852735668305,0.2264212895092539
2023-10-11,1.8328681175377428,0.49098601079098325,0.13572345309420536
2023-10-12,1.808064501990341,0.4302766399890809,0.27513581621748545
2023-10-13,1.8010407394260954,0.5117184407015725,0.19645979265481806
2023-10-16,1.744259839379773,0.48419430259848506,0.31397448747785195
2023-10-17,1.6074925200793544,0.6160979752676532,0.4544653365678898
2023-10-18,1.559271053335385,0.5809585580955617,0.5485674259628933
2023-10-19,1.6073215239900371,0.37458460204930255,0.6401449526412545
2023-10-20,1.6846596703927739,0.2632702292894675,0.5816248242276995
2023-10-23,1.7107327434901565,0.3305826011861486,0.4853370632659559
2023-10-24,1.6779196662824225,0.4177221131869229,0.456134991440533
2023-10-25,1.6402482690898434,0.3375145695573447,0.6032304116775792
2023-10-26,1.7279559152411483,0.29523836241479734,0.4802040877783177
2023-10-27,1.7939004276693025,0.19791523104631617,0.4581215809980997
2023-10-30,1.7333028059559519,0.25699425914374596,0.5048235100933661
2023-10-31,1.7037855901639598,0.3136750728286318,0.5135653940930419
2023-11-01,1.8375520110739985,0.17784152865852917,0.3735627346428198
2023-11-02,1.7335734532785279,0.4474452357069629,0.27747659683901243
2023-11-03,1.9019922951377033,0.22761954846708862,0.1501903652082841
2023-11-06,1.809111775805507,0.3090375170631992,0.2636368518374752
2023-11-07,1.8472981618818158,0.3543171769424342,0.1522908661621471
2023-11-08,1.7883716714274935,0.5420789105380088,0.07244192512853204
2023-11-09,1.700070878651873,0.535828240422611,0.25101597436092704
2023-11-10,1.6505478303566983,0.63584216785109,0.23629419103313704
2023-11-13,1.6707824275100993,0.5939039989004165,0.24858678944269036
2023-11-14,1.8800923685685245,0.378407642633885,0.013695044021834862
2023-11-15,1.7723332241256635,0.46590757316664894,0.13349764946053616
2023-11-16,1.856949295141698,0.38155040506655713,0.04355920202926667
2023-11-17,1.7896849609683994,0.5117757754169124,0.040126242594987045
2023-11-20,1.8136409062546814,0.5575966095591108,-0.011546832045615346
2023-11-21,1.8409495365745414,0.500826187307976,-0.019026253928473843
2023-11-22,1.8022186179169881,0.5894057820390866,-0.020206755254566385
2023-11-23,1.8022186179169881,0.5894057820390866,-0.020206755254566385
2023-11-24,1.7835090138705199,0.5761792012433047,0.04136269975737578
2023-11-27,1.8383269989704436,0.5412966280462801,-0.052152169692017185
2023-11-28,1.9441152489731972,0.37346102662059033,-0.11107771049515702
2023-11-29,1.977670059934315,0.35057596202315433,-0.1963063551290723
2023-11-30,1.9297284452311214,0.33840368698868706,-0.07562868507049053
2023-12-01,2.04413166322267,0.25574588499820006,-0.25910657359809564
2023-12-04,1.9742791581659,0.37552210341898884,-0.20148776523553047
2023-12-05,1.9830932918170925,0.4597299679021366,-0.3303093219173485
2023-12-06,1.9533414525749075,0.6005982105276164,-0.4018826466710555
2023-12-07,1.9698090170916605,0.5250281168549223,-0.3790774171198091
2023-12-08,1.8402494501522184,0.6779140241632322,-0.26011254365884695
2023-12-11,1.883039009529727,0.6297616577312428,-0.2689210402694939
2023-12-12,1.8775042903179413,0.6652736347899428,-0.29552165718222007
2023-12-13,2.087312618227131,0.37962544041966895,-0.48965795014237723
2023-12-14,2.118257873542575,0.4768746812346998,-0.6546034572172584
2023-12-15,2.076916194361763,0.5983100091472334,-0.6689338021060065
2023-12-18,2.0827251982928234,0.5477906524248473,-0.6249297964408806
2023-12-19,2.0620543120799857,0.5604213057215174,-0.6249658469503313
2023-12-20,2.1367541297840713,0.4931747613968719,-0.7121468696136174
2023-12-21,2.150090198567739,0.4205436958907943,-0.675947730082996
2023-12-22,2.1775896582599077,0.3592795571629698,-0.6663008938896394
2023-12-25,2.1775896582599077,0.3592795571629698,-0.6663008938896394
2023-12-26,2.1633481803444443,0.37272747169286313,-0.6674696451112779
2023-12-27,2.2355067295046975,0.3648128798533422,-0.7965971559876844
2023-12-28,2.210442123703786,0.3963609005919586,-0.7540206536521297
2023-12-29,2.219718629100549,0.29120248138219973,-0.6956311062059375
2024-01-01,2.219718629100549,0.29120248138219973,-0.6956311062059375
2024-01-02,2.1230595593749575,0.3729730510124898,-0.6009091346800711
2024-01-03,2.1448308941471654,0.39705399434630806,-0.6502774438484061
2024-01-04,2.115299375139224,0.3701913695492234,-0.5539473014678672
2024-01-05,2.090398917021079,0.30345659561980776,-0.4637392874520673
2024-01-08,2.144509118581738,0.2722496218591949,-0.5281336651199812
2024-01-09,2.137359033630797,0.25898707799726517,-0.5156191056003466
2024-01-10,2.1238427175072716,0.24816646862978284,-0.4881510074378381
2024-01-11,2.2288512269122984,0.10574924437627584,-0.5578215989691523
2024-01-12,2.320328368059527,-0.09803305478907345,-0.5762508179461115
2024-01-15,2.320328368059527,-0.09803305478907345,-0.5762508179461115
2024-01-16,2.2455082072428687,-0.08825666670720281,-0.4382002283619328
2024-01-17,2.1499656034217827,0.09922784884815558,-0.4029906014478324
2024-01-18,2.153410261630593,0.01774712126823561,-0.34301218213855444
2024-01-19,2.1004334219647287,0.12481584976576118,-0.33247576362588976
2024-01-22,2.141725446943968,0.11103865201083404,-0.3896364022392794
2024-01-23,2.1445856893901025,0.026740309838588192,-0.33398024980281626
2024-01-24,2.1307535651911715,0.012203851609567362,-0.29302950486435864
2024-01-25,2.1971231595802125,-0.07177374622723434,-0.34981919996337796
2024-01-26,2.148557604611157,0.005758418654969154,-0.32973825534326473
2024-01-29,2.1831219845301773,0.016833646351875096,-0.4165269709473285
2024-01-30,2.1240672550155812,0.14893062263388943,-0.42248239269078947
2024-01-31,2.203178374274593,0.07467447537754932,-0.5146158796167111
2024-02-01,2.238656898992124,0.11718625548952219,-0.6541365126308695
2024-02-02,2.0796252938414552,0.27291243803640075,-0.4648190278761904
2024-02-05,1.9802051425793001,0.29376707632378374,-0.28885986151603266
2024-02-06,2.0802773750972707,0.20587510813458607,-0.3973098165450141
2024-02-07,2.056570829296697,0.2170804583740726,-0.36957915319167933
2024-02-08,2.0215399667541143,0.2240904386007909,-0.2989633669042412
2024-02-09,2.002161413693227,0.25642961979989354,-0.2817401044538109
2024-02-12,2.0144890663130304,0.24067745323814002,-0.2875928431972672
2024-02-13,1.8385779051672713,0.4386051179769054,-0.1139611570163141
2024-02-14,1.9096837733555934,0.3283252699853949,-0.1587155461535183
2024-02-15,1.921538590220547,0.3447595855901301,-0.19512231785749085
2024-02-16,1.845601130514891,0.4319528798207468,-0.12718619558162125
2024-02-19,1.845601130514891,0.4319528798207468,-0.12718619558162125
2024-02-20,1.9061946559102725,0.367065437962527,-0.16969860381249158
2024-02-21,1.8661797801558841,0.38679850142423444,-0.10972362821303999
2024-02-22,1.7999069541531436,0.5092423673478254,-0.0977314878731263
2024-02-23,1.8120561078577877,0.5847246265835501,-0.19160742129254582
2024-02-26,1.8123040559775478,0.5839168757203378,-0.16921217152862505
2024-02-27,1.7971807361538699,0.5510324665882478,-0.12133153387722173
2024-02-28,1.8487620856921305,0.502550547347999,-0.18189822545658613
2024-02-29,1.8527687569977616,0.5302182143369553,-0.2050057632795781
2024-03-01,1.9336190358550425,0.42351860041439815,-0.2843020132505952
2024-03-04,1.923787263714616,0.4834309256438212,-0.26591679725635325
2024-03-05,1.95757359571894,0.502337545216023,-0.3692893365411553
2024-03-06,1.9530080892325208,0.5482852130297603,-0.3999142510537681
2024-03-07,2.019786477927756,0.45072283420646553,-0.42913865824115155
2024-03-08,2.0463629094062115,0.39469199607121985,-0.42985546364313876
2024-03-11,2.030498587834388,0.4346751748687143,-0.42494467485008885
2024-03-12,1.9831642442165798,0.47608207190883,-0.35249862660940245
2024-03-13,1.9534957909608677,0.48404765783273707,-0.3042426568002928
2024-03-14,1.8795812953095,0.49937794390587,-0.17850462645742865
2024-03-15,1.8168081896640567,0.5886189587266797,-0.15033071304757828
2024-03-18,1.8086065499256758,0.576495436356824,-0.11987812272127718
2024-03-19,1.8649832266599287,0.5249837977177942,-0.17136722234928176
2024-03-20,1.9254978570221422,0.3952784482133477,-0.19219684688771632
2024-03-21,1.9151921333802218,0.4282722574306008,-0.1952081334082148
2024-03-22,1.9439853626319081,0.4226620955812955,-0.26057618906977686
2024-03-25,1.945368256369418,0.3856241327339922,-0.22448151070185995
2024-03-26,1.9384974129185326,0.4159131670092866,-0.24223593369894691
2024-03-27,1.9590424867121066,0.427792003846061,-0.2937333388991615
2024-03-28,1.9110701843813538,0.5297533243096973,-0.28794281349807477
2024-03-29,1.9110701843813538,0.5297533243096973,-0.28794281349807477
2024-04-01,1.8027837429696958,0.5386882091649152,-0.10688102738180766
2024-04-02,1.7941124272259237,0.4845450464091459,-0.06069887402207396
2024-04-03,1.8023326948568927,0.4500926703321494,-0.06039673907998382
2024-04-04,1.8223308443966895,0.4533643980694988,-0.11115350994285372
2024-04-05,1.7714680303934522,0.47834401387762143,-0.0168283910491655
2024-04-08,1.709376101493013,0.5713788781102492,0.0168745149242488
2024-04-09,1.7583651691320494,0.5407526877006806,-0.053983031655646656
2024-04-10,1.555206117404693,0.752725529691158,0.17786154223644668
2024-04-11,1.5517154479329223,0.7194840858378434,0.19528144796143132
2024-04-12,1.6178432019694688,0.6561953907297429,0.12433652001393813
2024-04-15,1.5700983814499416,0.5994143013861036,0.2763405518168529
2024-04-16,1.5307935165931672,0.631995993963222,0.3237932819888748
2024-04-17,1.5854338713766993,0.6239060131815528,0.2301943454974091
2024-04-18,1.5276401780526352,0.6780767698549679,0.2917276298364905
2024-04-19,1.536758685908141,0.6802762891616274,0.26780877107114653
2024-04-22,1.5264415212085085,0.6748349023176525,0.2780711883128104
2024-04-23,1.6091481386451498,0.5478022492812348,0.24998636248119177
2024-04-24,1.6155015161905197,0.5100241586989744,0.29093094109035295
2024-04-25,1.5604463073242942,0.5602257860970241,0.3566650272766001
2024-04-26,1.5516653918834364,0.6093037830918938,0.32004199674903866
2024-04-29,1.582327664584322,0.6123590256323923,0.2711063075779162
2024-04-30,1.514666162141869,0.6849762554916128,0.3410697188547338
2024-05-01,1.5837441404554824,0.6192022192438931,0.2621968766434142
2024-05-02,1.6942885206306295,0.49047148919482075,0.1878047446046045
2024-05-03,1.7627986702871463,0.44866083285150243,0.09140497338048642
2024-05-06,1.7498076367597148,0.4933601547475099,0.07610067360424916
2024-05-07,1.7450152727474135,0.5266816433713517,0.05001189403145274
2024-05-08,1.7366818348580408,0.5132524167468738,0.08040087330987411
2024-05-09,1.759936738118613,0.5151275301332681,0.03559608035214235
2024-05-10,1.7223988730007147,0.5554118643734668,0.0890296832033784
2024-05-13,1.7195753173326498,0.5617448038352436,0.07526584906386768
2024-05-14,1.7479490445802839,0.5525682751051468,0.028017969285029923
2024-05-15,1.8375592086260157,0.4805687339269936,-0.08570490694502764
2024-05-16,1.7776088602715572,0.5821091618762544,-0.057000835315788194
2024-05-17,1.750851484410226,0.5814345996644976,-0.00486100922538812
2024-05-20,1.747297971613182,0.5686673326481162,0.01683571116928179
2024-05-21,1.7507272891568855,0.5930304965573072,-0.015872933183997514
2024-05-22,1.695018749290027,0.6820714063632942,0.0018828076836571775
2024-05-23,1.6526933567191673,0.7342195748025043,0.05236184280975487
2024-05-24,1.6651684269080278,0.7618761170925143,0.028462862369005196
2024-05-27,1.6651684269080278,0.7618761170925143,0.028462862369005196
2024-05-28,1.6313645936821835,0.6767162923894923,0.1404012235262519
2024-05-29,1.604562365854917,0.6259748211196827,0.23548386856432924
2024-05-30,1.6354584709556168,0.6222931580251889,0.16699886699013244
2024-05-31,1.6799708457507636,0.5978136010935055,0.10995966342035907
2024-06-03,1.7651239871073934,0.5975658572603395,-0.03234548637852918
2024-06-04,1.813449550755838,0.592077147423385,-0.12591780933107932
2024-06-05,1.8408515659216942,0.5747356167961433,-0.1750350845386192
2024-06-06,1.8487247871892334,0.5726532569728287,-0.1888755459979679
2024-06-07,1.7040097935470362,0.6798319094590877,-1.146243584687154e-05
2024-06-10,1.7204486796677811,0.6046758632427531,0.037376729263651216
2024-06-11,1.7719619463117777,0.5974021220609949,-0.050882964285268166
2024-06-12,1.856056285722786,0.5356002349635038,-0.1511326871120326
2024-06-13,1.9087140062889245,0.5069149006070167,-0.23864371278399366
2024-06-14,1.8998537238542688,0.5733611485016208,-0.286790415957335
2024-06-17,1.821892189044563,0.6358191662235333,-0.19191717181825207
2024-06-18,1.8471176326983332,0.6036844502800658,-0.24541061071132503
2024-06-19,1.8471176326983332,0.6036844502800658,-0.24541061071132503
2024-06-20,1.8427823645834258,0.5913068589373318,-0.21670686978563009
2024-06-21,1.835746706935761,0.5929092161516576,-0.21264938968170422
2024-06-24,1.8241621359264963,0.6270848127685045,-0.2178598864008277
2024-06-25,1.8448538122909257,0.6125513785303467,-0.24542673943468063
2024-06-26,1.8000390240896822,0.5922083417988833,-0.1342767006036018
2024-06-27,1.8507924250602383,0.551411320338607,-0.17987282577166852
2024-06-28,1.8305770418617469,0.4697051219553838,-0.08486628109198402
2024-07-01,1.7991481736006143,0.37895044168899883,0.07043082140885293
2024-07-02,1.831911642595385,0.3716207595922535,0.010505890013659707
2024-07-03,1.8745471808852048,0.38664166896997776,-0.0807601580514547
2024-07-04,1.8745471808852048,0.38664166896997776,-0.0807601580514547
2024-07-05,1.9635833520857104,0.2963230643853443,-0.1827177282820247
2024-07-08,1.944105643991954,0.33058673940059313,-0.18034259422967686
2024-07-09,1.9505891592210642,0.28941209537925283,-0.15610141836345204
2024-07-10,1.9429618841670426,0.31733888191113657,-0.16994931459430462
2024-07-11,2.029271229033927,0.1986140875154526,-0.26348615224524713
2024-07-12,2.0465353437013736,0.1557600516302052,-0.28107827154762893
2024-07-15,2.0665217580177675,0.05356131382734828,-0.2217710642842995
2024-07-16,2.060644874192814,0.1483353342988147,-0.30072420726834276
2024-07-17,2.073113461631137,0.1419584520224105,-0.3202954208060578
2024-07-18,2.042227250502693,0.14704983334321794,-0.2627780680862443
2024-07-19,2.008797205686049,0.15450848527940506,-0.20597769327348725
2024-07-22,2.0168720152652577,0.12699162665248684,-0.18632324824700397
2024-07-23,2.045923388317203,0.05121620642394018,-0.19590822539154418
2024-07-24,2.0974608325991375,-0.10489319492277407,-0.15533523702378638
2024-07-25,2.0496782664367936,-0.002093532215112238,-0.17053205017398199
2024-07-26,2.1062741133427103,-0.03578547146115798,-0.2525717078241876
2024-07-29,2.1245107027692995,-0.012666841357789194,-0.29058665992276456
2024-07-30,2.1341796611325936,-0.0235736059620866,-0.30952747696694694
2024-07-31,2.1763770924923107,-0.048663346880815216,-0.38062097668691486
2024-08-01,2.293338716919995,-0.17330396993022748,-0.5097286483768838
2024-08-02,2.4100666030929907,-0.38876712238060873,-0.6920530394032697
2024-08-05,2.4052314668597665,-0.3074060041939588,-0.7349073477331768
2024-08-06,2.361765491183357,-0.3211500635155975,-0.5991918356864815
2024-08-07,2.3368389458138914,-0.37694112791671885,-0.5095579087182713
2024-08-08,2.322911913259124,-0.3429503138032085,-0.4828233700200587
2024-08-09,2.3168892382330384,-0.2702161426167473,-0.5363212424721789
2024-08-12,2.352864983698852,-0.2946789139468652,-0.5878850252581672
2024-08-13,2.380030839206965,-0.362170260561418,-0.630797132569423
2024-08-14,2.3767632259231153,-0.29537065866887136,-0.6688401316638851
2024-08-15,2.2791699139412227,-0.14649376490494073,-0.573000052308856
2024-08-16,2.282565066940369,-0.1462258684783543,-0.5976919480168783
2024-08-19,2.258844180785629,-0.10062682630570555,-0.6216069936327931
2024-08-20,2.2755174613139806,-0.13723595854885587,-0.6615428628428158
2024-08-21,2.2953625591877875,-0.212606009505134,-0.6837074770037089
2024-08-22,2.2803972065231903,-0.18770183055747805,-0.6185184724086586
2024-08-23,2.3416886569567827,-0.2953920001569137,-0.6690968400775987
2024-08-26,2.3187113852668295,-0.2848003498799492,-0.6481966459378301
2024-08-27,2.3370848871415832,-0.3712543493428264,-0.6275935313403666
2024-08-28,2.325207198496211,-0.3800111226804763,-0.6148843060105018
2024-08-29,2.268768725523153,-0.3338301124150457,-0.569584685650907
2024-08-30,2.242155676819027,-0.3431142823486887,-0.5118260862204793
2024-09-02,2.242155676819027,-0.3431142823486887,-0.5118260862204793
2024-09-03,2.230392052772289,-0.3143488363994633,-0.5720522515293847
2024-09-04,2.261479615404997,-0.382438473033088,-0.6415277075125828
2024-09-05,2.234299094587204,-0.34187235374664837,-0.6629672484990125
2024-09-06,2.27116259843214,-0.4729139126909493,-0.6647898747635886
2024-09-09,2.238517667611747,-0.4146624206650884,-0.6770102247479719
2024-09-10,2.260604131797618,-0.4994384203579081,-0.7099251157482102
2024-09-11,2.2791234314913646,-0.43865313417115703,-0.7379388653713317
2024-09-12,2.2278517778190303,-0.46379249381679666,-0.6686827273403809
2024-09-13,2.1972566267061326,-0.519228625374619,-0.658794095056792
2024-09-16,2.147209187651317,-0.4618234733428628,-0.6703418392489074
2024-09-17,2.087488222045712,-0.41601116991756415,-0.6272054069381502
2024-09-18,1.9473247672070493,-0.432738628918221,-0.48408061598838514
2024-09-19,1.918785391247567,-0.48271422835824107,-0.43118651471740765
2024-09-20,1.9010851860948486,-0.5097076595371095,-0.4155447906874097
2024-09-23,1.847751776970715,-0.4960067895492362,-0.36610244127633473
2024-09-24,1.8437577009864046,-0.5725456133783546,-0.350687542948387
2024-09-25,1.8114569614790574,-0.5729159649087,-0.28596254158536205
2024-09-26,1.815799935308192,-0.47628818834765413,-0.3157672359681495
2024-09-27,1.8646915747582842,-0.5498542055591196,-0.35595092604192957
2024-09-30,1.8180858005020197,-0.45018506457418817,-0.3039836632362075
2024-10-01,1.8774008561671365,-0.47710592861219003,-0.3887585499216135
2024-10-02,1.8367043534461556,-0.506903413736866,-0.31048020321930303
2024-10-03,1.7990851678380133,-0.45382829697554883,-0.253058972220361
2024-10-04,1.6315629004502101,-0.18537319624098467,-0.1086572672291155
2024-10-07,1.6005728975912832,-0.1569355824632022,-0.057678415103145635
2024-10-08,1.5825257515210367,-0.19428917832531103,-0.026641719940483918
2024-10-09,1.5436499986934824,-0.16586883866469068,0.014414374832258941
2024-10-10,1.5845543244578395,-0.2515918170055781,0.03407013544758109
2024-10-11,1.6111251470537802,-0.3221830246180394,0.030443382724523963
2024-10-14,1.6111251470537802,-0.3221830246180394,0.030443382724523963
2024-10-15,1.5599994138668927,-0.19992593317731447,-0.016474598511331925
2024-10-16,1.557294249316441,-0.20031631205012126,-0.0275021538729433
2024-10-17,1.5653324141963592,-0.2615696001111183,0.0508721274502092
2024-10-18,1.581134783662964,-0.2914669648792402,0.03943401823882165
2024-10-21,1.5239888774202042,-0.30401626308526264,0.17107521721512398
2024-10-22,1.4713024134566473,-0.2573019580763086,0.20227951244448383
2024-10-23,1.421766705716291,-0.2041889734516638,0.24902486129477336
2024-10-24,1.3966371196933312,-0.1495851560113601,0.22234066147814424
2024-10-25,1.407175622063705,-0.15811241619716834,0.2520554025069291
2024-10-28,1.335853368173252,-0.13069429973433855,0.3158176367427488
2024-10-29,1.3376951411690716,-0.13082519329047212,0.3104126461932104
2024-10-30,1.243350239128111,-0.0036813149433606814,0.33582934224601657
2024-10-31,1.1543012172202731,0.06607725362614511,0.3643141722665282
2024-11-01,1.098757954196738,0.016665587548321124,0.4938454042823104
2024-11-04,1.1385295465502685,0.032032221672084756,0.404231320612223
2024-11-05,1.0909444020097887,0.1515950966272524,0.36649203783393197
2024-11-06,1.0192819717084025,0.07421155694164101,0.5652146755376063
2024-11-07,1.1018941038326409,0.052264505897694026,0.4357027962736969
2024-11-08,1.0382095033085794,0.21525354248878742,0.4150320428594436
2024-11-11,1.0382095033085794,0.21525354248878742,0.4150320428594436
2024-11-12,0.9551224210657456,0.2301416845426064,0.5692998941643866
2024-11-13,0.9873835586713159,0.07718225132176798,0.6054930093323362
2024-11-14,0.9326798082680943,0.24332754675000598,0.5780597573791593
2024-11-15,0.9776324707793088,0.1588638616314374,0.5736836032466992
2024-11-18,1.0213026556672213,0.10410126093356903,0.5575682622926582
2024-11-19,1.009915607625813,0.14705471047785215,0.5232080669486094
2024-11-20,0.9875697965025101,0.18212930299281135,0.5426899220711352
2024-11-21,0.9914756213472736,0.19245010836148752,0.5562226160937367
2024-11-22,0.9854184791700573,0.2359711522865527,0.541342318943539
2024-11-25,1.081292275925463,0.2374350928882334,0.35443359430307125
2024-11-26,1.0800940152033367,0.19437310589222975,0.38901357866342945
2024-11-27,1.129877582948237,0.1664488814954994,0.32326424905862433
2024-11-28,1.129877582948237,0.1664488814954994,0.32326424905862433
2024-11-29,1.1587276355143483,0.1783185108313118,0.2378600725283606
2024-12-02,1.091128541152207,0.23623937951284477,0.2762729275428041
2024-12-03,1.0136676142677656,0.22386117674573863,0.3618484893985352
2024-12-04,1.0141406597147515,0.23864592178810123,0.3170444987180853
2024-12-05,0.9651613464435762,0.30207456951941924,0.3186418533662772
2024-12-06,0.9888345643716994,0.21411338226919133,0.3146316868763497
2024-12-09,0.9608291363263445,0.19830432600732045,0.3783249901573006
2024-12-10,0.9412490112082098,0.1947020300575177,0.4085299213379368
2024-12-11,0.904015161138039,0.128088585888515,0.4967365141722794
2024-12-12,0.838582748410822,0.10459131185942672,0.6000257691067259
2024-12-13,0.7708669706751771,0.13285929381555345,0.6977157356390826
2024-12-16,0.7718422772330955,0.14962155206182318,0.6855121248060688
2024-12-17,0.7746413638790111,0.1661509112962982,0.6799932103617728
2024-12-18,0.6092438137466759,0.31971300175636297,0.8203055044920573
2024-12-19,0.6142051915040087,0.18595953366219584,0.9127882162484376
2024-12-20,0.6735583875538289,0.14117707740717034,0.8546415859351922
2024-12-23,0.6472119316908754,0.11284780954374968,0.9330023571147009
2024-12-24,0.653729247255279,0.1256980428137341,0.91671022833956
2024-12-25,0.653729247255279,0.1256980428137341,0.91671022833956
2024-12-26,0.6586607726023693,0.11576172930043617,0.9082766901597962
2024-12-27,0.6344388840844316,0.04651711873829193,0.984449848372026
2024-12-30,0.7174306442951232,-0.01612433891858368,0.8949803765219704
2024-12-31,0.6948801678008873,-0.028783249181674766,0.9266740665140336
2025-01-01,0.6948801678008873,-0.028783249181674766,0.9266740665140336
2025-01-02,0.7248524756192194,-0.043115822624623004,0.9121987685083339
2025-01-03,0.6815110113403556,-0.021508788393853975,0.9595516705976282
2025-01-06,0.6958742478271883,-0.08170096336768609,0.9850003008724807
2025-01-07,0.6786076014504688,-0.12156004972568413,1.0536580594687015
2025-01-08,0.6960985247981021,-0.14950900009032334,1.0468864495336316
2025-01-09,0.7042003426503887,-0.17493636625265163,1.056099240449457
2025-01-10,0.5427988072537177,0.02710965170922869,1.1764140251864432
2025-01-13,0.5344505282052139,0.03782374129121969,1.190488598410581
2025-01-14,0.566086244187706,-0.03080732606522568,1.1873315734917087
2025-01-15,0.6691304914544206,-0.08785547120117332,1.0337342308177615
2025-01-16,0.7303876690379794,-0.12093792594940224,0.9634795856920488
2025-01-17,0.6955659995305965,-0.050246074109628745,0.974106697460029
2025-01-20,0.6955659995305965,-0.050246074109628745,0.974106697460029
2025-01-21,0.6924301427590828,0.010215918565470513,0.9302523970875555
2025-01-22,0.675453097110473,0.00250938865437556,0.962092273167732
2025-01-23,0.680688435090348,-0.05338274677965261,1.0068952209856759
2025-01-24,0.6887000562963991,-0.06301181052826374,0.9888401498326833
2025-01-27,0.757484437705721,-0.09273878156230816,0.8687541605403662
2025-01-28,0.7578399074227079,-0.10778631044600767,0.8870257929843376
2025-01-29,0.7432964379512603,-0.08461964985914475,0.8991768746111191
2025-01-30,0.7343210495985114,-0.07194430616543293,0.8720906629372339
2025-01-31,0.7217062888238793,-0.11782428754167484,0.9479473350385786
2025-02-03,0.6971824978126845,0.00860962001051913,0.8932849917653892
2025-02-04,0.7246922758165375,-0.03522000798509484,0.8681784138569957
2025-02-05,0.7416936589707173,0.05536517088762432,0.7454169158319156
2025-02-06,0.7117395263512362,0.11032074629638716,0.7666409014097109
2025-02-07,0.6594717944327751,0.17490523009388706,0.8271482973212159
2025-02-10,0.6810801239029792,0.13031721313780162,0.8349787634968372
2025-02-11,0.6877938388451235,0.07778604935501347,0.8736918437470428
2025-02-12,0.6121330826277595,0.10886542841907741,0.9950488859137644
2025-02-13,0.6438605625231025,0.16844997961309716,0.8689794479268735
2025-02-14,0.6961039492419174,0.11919837829042079,0.8109772210086134
2025-02-17,0.6961039492419174,0.11919837829042079,0.8109772210086134
2025-02-18,0.6653207300630962,0.08800771972649091,0.9063271031119003
2025-02-19,0.6855287504265333,0.07923154836631792,0.8750712557217001
2025-02-20,0.6988125941601963,0.07000567604787274,0.8479930170192337
2025-02-21,0.7477247110875928,0.04173417278502374,0.7555546976472668
2025-02-24,0.787427144378183,-0.013988450285249166,0.7318014184361582
2025-02-25,0.8370612752471707,0.0033610465319227254,0.6038069484547847
2025-02-26,0.8904572087295475,-0.011791103012898119,0.5347858976550514
2025-02-27,0.9070067562250614,-0.06243130822196582,0.5721652822167295
2025-02-28,0.9499301417909016,-0.1075740697316383,0.5125532287817415
2025-03-03,1.0339118034331298,-0.11901992706060355,0.4044715225368351
2025-03-04,1.032246376027088,-0.21975766938831162,0.4866750735559812
2025-03-05,0.9699382133810456,-0.17574222713258153,0.5619741994021931
2025-03-06,0.987470399687728,-0.24936244379982425,0.5752609387134082
2025-03-07,0.977962904789607,-0.25388511711292594,0.6119512559222046
2025-03-10,1.056639724949135,-0.32072739635947456,0.498514710511359
2025-03-11,1.0357204518672298,-0.32649165955648063,0.5589558584183006
2025-03-12,0.9879319608054613,-0.2791790122835798,0.6155859873901655
2025-03-13,1.0465282872296071,-0.3319040219216802,0.550616085066562
2025-03-14,0.9745876672206263,-0.2329019964112196,0.6043587066123813
2025-03-17,0.9349609773700462,-0.14846658144506159,0.6045231156732215
2025-03-18,0.963464345512817,-0.15459273667700987,0.5656036448820704
2025-03-19,1.0116849674128203,-0.2099041907805497,0.5204405599614313
2025-03-20,1.0228244081855182,-0.24393378151801232,0.5102877209022522
2025-03-21,1.0571172266385576,-0.3342399497491591,0.5296699082301701
2025-03-24,0.969404871685816,-0.27098535859797335,0.642770238314646
2025-03-25,1.0153352376768296,-0.33539164424841683,0.6132472116156188
2025-03-26,1.0095461871677025,-0.3659009544543209,0.6563105569021538
2025-03-27,1.0410440445904716,-0.4456988442341907,0.6826626518198665
2025-03-28,1.1314453837486396,-0.4801798072902629,0.5443357188465587
2025-03-31,1.114806362055779,-0.4305546322364247,0.5113097312397242
2025-04-01,1.1362546044701611,-0.3928107116044257,0.43424932816082495
2025-04-02,1.095245728632082,-0.34502776692770165,0.47204241706375677
2025-04-03,1.3263867665009437,-0.6576596751953508,0.3084667756988292
2025-04-04,1.2800059361127172,-0.5738256867641145,0.2628210133099653
2025-04-07,1.265125998633952,-0.7344036997792631,0.4440875488140311
2025-04-08,1.3070131883872957,-0.9544068829299964,0.5723852264476207
2025-04-09,1.107790811928249,-0.5798586902794137,0.6629269208224139
2025-04-10,1.2194510577881417,-0.9184047773026629,0.7496263209448967
2025-04-11,1.0554465108852251,-0.6620962309151802,0.8262795817084914
2025-04-14,1.1787004246629442,-0.7960345739732275,0.7092450890619243
2025-04-15,1.2261428408629491,-0.8285055600152587,0.6667979294257892
2025-04-16,1.2946633944485222,-0.8846496928004638,0.5867541838857225
2025-04-17,1.2846396163239966,-0.9011764795204272,0.6436232533984529
2025-04-18,1.2846396163239966,-0.9011764795204272,0.6436232533984529
2025-04-21,1.3449719927788069,-1.1440964859781575,0.74199194159927
2025-04-22,1.2835705039393974,-1.0275147811979233,0.7350031134422343
2025-04-23,1.211456339198106,-0.8653756417436893,0.72019084384758
2025-04-24,1.2849117620950665,-0.899460410572646,0.6183664451123785
2025-04-25,1.3159737404015712,-0.9118912378386854,0.5703454359042611
2025-04-28,1.3903674590210529,-0.9756363036290996,0.492585259934502
2025-04-29,1.3944252002876532,-0.9468953035521952,0.4420229532538712
2025-04-30,1.4793379463466358,-1.0983941507342911,0.4236930198383452
2025-05-01,1.4197832697106416,-1.042703534733646,0.5193486693978431
2025-05-02,1.315664338074148,-0.9012266403091462,0.6136409929643927
2025-05-05,1.3321528612026443,-0.9600144685443491,0.644563384202735
2025-05-06,1.3817788331753769,-1.0255770832995437,0.6000998241551312
2025-05-07,1.403306551842187,-0.9872335374245552,0.5438831853244667
2025-05-08,1.263270211952816,-0.853057643398957,0.6788665150377876
2025-05-09,1.2669312282374523,-0.8618093795721974,0.6783906796185575
2025-05-12,1.2055406391314476,-0.7763354732153921,0.7600236322650497
2025-05-13,1.195357060225788,-0.8092044604585704,0.8132839108777711
2025-05-14,1.150001256523033,-0.7692707122330268,0.864310162040248
2025-05-15,1.2259803491554355,-0.8423303314758337,0.7671406243479516
2025-05-16,1.223544070696597,-0.8067331570599943,0.7476615728429857
2025-05-19,1.2438939586828548,-0.8591835726608243,0.7703662570476303
2025-05-20,1.2603016968316885,-0.9294609025416056,0.8022725667081552
2025-05-21,1.2190340101300092,-1.0006086365123894,0.9338963001743553
2025-05-22,1.2630745458636654,-1.0000934405351982,0.876218613716382
2025-05-23,1.2918455462223417,-1.0147815080247833,0.8436960936150298
2025-05-26,1.2918455462223417,-1.0147815080247833,0.8436960936150298
2025-05-27,1.2942575685250548,-0.9403394405075408,0.7524291529975865
2025-05-28,1.278047346286272,-0.945667271502783,0.795130915243698
2025-05-29,1.3149445981546521,-0.9520730159741384,0.7288401092242857
2025-05-30,1.3565493294003652,-1.0144552767953823,0.7060617679627422
2025-06-02,1.3605885241687714,-1.0681482351291094,0.7701958110864301
2025-06-03,1.3220080471506177,-1.0130867458926152,0.7821442533837896
2025-06-04,1.387862785715855,-1.034187338773138,0.6618970234245988
2025-06-05,1.2721829415987571,-0.8950117204942452,0.7132105417789779
2025-06-06,1.1565876877530912,-0.8023550828815299,0.8552580607626428
2025-06-09,1.2053538918862126,-0.8434201505487253,0.8163558249945025
2025-06-10,1.21895742258622,-0.8409857305577286,0.7907393743861052
2025-06-11,1.2986744970006214,-0.9320044003660066,0.7277647090294364
2025-06-12,1.2573031275920978,-0.8679302839583478,0.6828227099559215
2025-06-13,1.2534854768185366,-0.891773596242588,0.7433420450595659
2025-06-16,1.2564618339675264,-0.94413671520752,0.7938940250388179
2025-06-17,1.2571165762972896,-0.8707507653405917,0.7123137567286926
2025-06-18,1.2588098682349038,-0.8766513477489716,0.7102919766208617
2025-06-19,1.2588098682349038,-0.8766513477489716,0.7102919766208617
2025-06-20,1.2717905433907428,-0.9471155611909254,0.7206639924526989
2025-06-23,1.3280879351545742,-1.0278281787955093,0.6736324386405745
2025-06-24,1.3784227179700086,-1.0685703119173229,0.614546956107864
2025-06-25,1.4014283225949125,-1.1007770566295036,0.6029831748645185
2025-06-26,1.41128888284377,-1.1429153117806214,0.581984120166365
2025-06-27,1.428280352194815,-1.165214343203666,0.6094925557244262
2025-06-30,1.498962635214811,-1.1343538130415118,0.5062330341941259
2025-07-01,1.431891919605307,-1.0210914333740355,0.5352430059604415
2025-07-02,1.4330168681927322,-1.0658139653807972,0.5805231102608476
2025-07-03,1.391128501207541,-0.9775784554546232,0.6260289028756685
2025-07-04,1.391128501207541,-0.9775784554546232,0.6260289028756685
2025-07-07,1.4052277397438497,-1.0528541297066139,0.6805351228303544
2025-07-08,1.392639730972793,-1.0523190959036057,0.7062746476938856
2025-07-09,1.4265758768484686,-1.0393483044481395,0.6162566057105529
2025-07-10,1.4025194385293975,-1.0050572385784389,0.6239696286001216
2025-07-11,1.3903913508075392,-1.0831287948400368,0.7257486513333854
2025-07-14,1.4068184601729858,-1.1120422369227123,0.7270172415191176
2025-07-15,1.3361910559907342,-1.0534414602666122,0.8058711308415245
2025-07-16,1.4155311383665847,-1.1802109009112653,0.7661072859202698
2025-07-17,1.385526250268865,-1.1299647757128346,0.7780096371515637
2025-07-18,1.430489636254792,-1.191469959952192,0.7431719000362396
2025-07-21,1.4558843898367222,-1.1617700833594244,0.669583299997741
2025-07-22,1.4889622533108815,-1.1641491424911075,0.618589568681351
2025-07-23,1.433063009444656,-1.1175431699814862,0.6843863015683346
2025-07-24,1.3989899260996608,-1.075029670691494,0.7147321309605076
2025-07-25,1.4009114485441707,-1.042741589859679,0.6771838161467795
2025-07-28,1.4105353433357952,-1.0928419021558213,0.7089442830358682
2025-07-29,1.4271610528323735,-1.0294657848259436,0.606444766150362
2025-07-30,1.3808379964304767,-0.9589950855077319,0.6551241312927942
2025-07-31,1.4221764629584883,-0.9779689262040836,0.6285633388228323
2025-08-01,1.5732696712422494,-1.258768077896203,0.49312108200436944
2025-08-04,1.575568019492981,-1.271614253895046,0.4842473161631239
2025-08-05,1.561933737795365,-1.2068198858668462,0.4721456734071324
2025-08-06,1.5754137157742791,-1.2781711183112243,0.49639622721153354
2025-08-07,1.5490714193697244,-1.2338654369306619,0.5108638824180844
2025-08-08,1.5054956040910192,-1.2125869104895106,0.5669460078580035
2025-08-11,1.4962934613494479,-1.1909503568250563,0.5618502778447332
2025-08-12,1.5145468745340662,-1.296649330770086,0.5989206743186428
2025-08-13,1.5271938684414827,-1.2999279629748495,0.5441649418137225
2025-08-14,1.517524864065286,-1.2832840058553343,0.5913083326820264
2025-08-15,1.5039912990799278,-1.3085438164356211,0.6426124189784892
2025-08-18,1.517872350025992,-1.3273618462826244,0.6489935062729105
2025-08-19,1.5164335420174968,-1.3168912373642023,0.6158550307146695
2025-08-20,1.5168662613460868,-1.305757657123811,0.5980943628953977
2025-08-21,1.5001251655916221,-1.2601882410437177,0.6302920867278073
2025-08-22,1.5670919994535033,-1.3857796665889774,0.5639420471807713
2025-08-25,1.5186841863856348,-1.3281702751360882,0.5987536362571246
2025-08-26,1.576948698619396,-1.4609456956059437,0.5845970539130482
2025-08-27,1.6326852157800542,-1.5615947699559425,0.5677866522098749
2025-08-28,1.6143644630496659,-1.4858487088358954,0.5374329076922288
2025-08-29,1.6327011205442865,-1.5836833604194918,0.568158633269089
2025-09-01,1.6327011205442865,-1.5836833604194918,0.568158633269089
2025-09-02,1.5590140898841396,-1.5632141482067992,0.6584431159305489
2025-09-03,1.5418882409212318,-1.5269052787672068,0.6028652868494344
2025-09-04,1.5485744000776296,-1.5152221413306326,0.5584139665563662
2025-09-05,1.4964662832547742,-1.4882302352286527,0.5151033326528721
2025-09-08,1.459505636655953,-1.366025746838738,0.45358867093597854
2025-09-09,1.4318294391601865,-1.346771563604352,0.4945033911331337
2025-09-10,1.419462268812293,-1.3173615482703125,0.4686956863608043
2025-09-11,1.3895167573631142,-1.258689687211819,0.44531005703306503
2025-09-12,1.3572791471200185,-1.2316550448680281,0.49458654774753485
2025-09-15,1.3449029637531564,-1.228340470136895,0.4852881771287495
2025-09-16,1.345232137771505,-1.2433913078413785,0.47586016207461523
2025-09-17,1.2786660043314115,-1.1984190041432183,0.5214684607946257
2025-09-18,1.273600053204787,-1.2262072718402177,0.5807891548712547
2025-09-19,1.2696226184321484,-1.2631482566213155,0.6155448443440628
2025-09-22,1.2231336403981192,-1.2315680903209782,0.6547972229782333
2025-09-23,1.2421598427563207,-1.236102675696182,0.6139848942726196
2025-09-24,1.2371688623584591,-1.2336947705323875,0.6451876465550235
2025-09-25,1.2083593033998643,-1.1220371222378474,0.6454822214555374
2025-09-26,1.1815867633436592,-1.1365770530705714,0.6795434097421374
2025-09-29,1.1908406085935686,-1.0808328659596937,0.6171111211907658
2025-09-30,1.195825546436224,-1.1272889863779438,0.6374492593551562
2025-10-01,1.2361682317583393,-1.2105170808801833,0.6072632000313046
2025-10-02,1.2649071197359554,-1.181768802851456,0.5605495067657301
2025-10-03,1.2355859098815918,-1.1515580558690435,0.5978277628879386
2025-10-06,1.195885196633768,-1.1597960813131134,0.6648860627108114
2025-10-07,1.234491182556527,-1.195997697922515,0.6173691955052152
2025-10-08,1.2145804658927934,-1.1497055737244963,0.6143336402268987
2025-10-09,1.205513663311737,-1.129541607752902,0.6219488360111003
2025-10-10,1.245099317319117,-1.1206431038577915,0.5130405741513709
2025-10-13,1.245099317319117,-1.1206431038577915,0.5130405741513709
2025-10-14,1.301364922570631,-1.1971594613323697,0.4784713398903312
2025-10-15,1.2873464509264145,-1.1728662914708372,0.5014970793603614
2025-10-16,1.352284922309067,-1.2465165326550647,0.4227326852389568
2025-10-17,1.283979855037269,-1.182922504346624,0.47435498193860237
2025-10-20,1.2494952251495088,-1.1452551293687434,0.4717748970207368
2025-10-21,1.2378049546392358,-1.1112513180417065,0.4473542397661109
2025-10-22,1.2327094967854029,-1.1029645501385212,0.44116060978880745
2025-10-23,1.1919511800119529,-1.0740591526722927,0.4948561462058714
2025-10-24,1.1781340669757958,-1.089433979923399,0.514081547831893
2025-10-27,1.1286513597033228,-1.0400476056799808,0.5240503404153074
2025-10-28,1.1184107471124476,-1.015652373756617,0.5082436325443205
2025-10-29,1.0303979949786293,-0.8973024472572818,0.6017902069497901
2025-10-30,1.0372033053573249,-0.9470438550693168,0.6425452105485681
2025-10-31,1.0584145762201123,-0.9972287392623849,0.6474326818309507
2025-11-03,1.0982038990216298,-1.0325657723533928,0.6463457473032025
2025-11-04,1.084624598571549,-1.0340311049131237,0.6353496096957986
2025-11-05,1.0326654237900568,-1.0307012132594375,0.7290277328488676
2025-11-06,1.0888799826114866,-1.086267826260491,0.6559422353640528
2025-11-07,1.1029907636956584,-1.13204695289002,0.6615273741905892
2025-11-10,1.1076507644259062,-1.1076857693321598,0.6673713428085191
2025-11-11,1.1076507644259062,-1.1076857693321598,0.6673713428085191
2025-11-12,1.1192137214972493,-1.0857713495627497,0.6189275885405602
2025-11-13,1.1262130838822648,-1.1020110941344743,0.6471538808926146
2025-11-14,1.0984453144280042,-1.1020530353609892,0.6971431673662803
2025-11-17,1.1243551105288314,-1.1141947786386162,0.6705797481260584
2025-11-18,1.1296654541528035,-1.1652466650552067,0.6802443254325464
2025-11-19,1.1206732127422674,-1.150551427058372,0.6862368400031272
2025-11-20,1.1552865638620822,-1.1759103449407158,0.6466606270070251
2025-11-21,1.1920637300838413,-1.251006641472722,0.6162818815692438
2025-11-24,1.2028462608672723,-1.2379076939546125,0.5837093242254595
2025-11-25,1.2520985966743825,-1.2924508101584424,0.5454349289462944
2025-11-26,1.2501721037926035,-1.2352656031840406,0.5170383650084923
2025-11-27,1.2501721037926035,-1.2352656031840406,0.5170383650084923
2025-11-28,1.20382754514235,-1.2273505734972425,0.5666659296895883
2025-12-01,1.0889656162042138,-1.20518676545643,0.7022973046486662
2025-12-02,1.0362387223741565,-1.2069621490446956,0.731191452247167
2025-12-03,1.0122025385559787,-1.2286224940400197,0.7324071768360251
2025-12-04,0.9585532958210013,-1.1884938982264304,0.7931947872176458
2025-12-05,0.9176692808800191,-1.1657467186890946,0.8412273348184925
2025-12-08,0.908960163627703,-1.175428592793072,0.8726483297346502
2025-12-09,0.85760796619211,-1.0887897235886526,0.8856903936956878
2025-12-10,0.885400670359508,-1.1592489593707729,0.854004896648581
2025-12-11,0.8670655601218108,-1.1909126322240453,0.8784284194838706
2025-12-12,0.8373241564797188,-1.259406842982448,0.9622919995159082
2025-12-15,0.8675808527254635,-1.2728765840310845,0.9341179054018215
2025-12-16,0.8996649416940438,-1.3014171144597855,0.8950777615976423
2025-12-17,0.8739044310575991,-1.2934832074092317,0.9183140173187662
2025-12-18,0.8833938686260007,-1.295173905893508,0.880508714443632
2025-12-19,0.8519406435949718,-1.2707330906966536,0.9212405407302199
2025-12-22,0.862688743280611,-1.2898604111361802,0.9317500460079101
2025-12-23,0.8265582480989074,-1.2387499895962366,0.9435470625386296
2025-12-24,0.8524533865736316,-1.220566346164932,0.8944252364811763
2025-12-25,0.8524533865736316,-1.220566346164932,0.8944252364811763
2025-12-26,0.8615930869623224,-1.2792082754008334,0.9055715642390723
2025-12-29,0.8924958761146964,-1.2976041877232494,0.8795384627538468
2025-12-30,0.857780725691702,-1.2999605742765015,0.9116690419144429
2025-12-31,0.8620051802051962,-1.291004529715794,0.9385990529312397
2026-01-01,0.8620051802051962,-1.291004529715794,0.9385990529312397
2026-01-02,0.8460042370383615,-1.314337079792208,0.9681019419943827
2026-01-05,0.8627932430688832,-1.3299720069197547,0.9449286384007366
2026-01-06,0.8437828063254204,-1.3234237333130803,0.9642619743619721
2026-01-07,0.8337246189257458,-1.270352656563243,0.9284808730302708
2026-01-08,0.8001752183802582,-1.2611605034182156,0.9770295185168418
2026-01-09,0.7592509863893021,-1.150631056259322,0.9610249925581943
2026-01-12,0.7799792873176791,-1.1653587517495123,0.964031422264444
2026-01-13,0.8119876346034822,-1.200015215980867,0.9442104717854704
2026-01-14,0.8146283592802688,-1.1686150978695786,0.9036923498159176
2026-01-15,0.7711099869699305,-1.0748377781309677,0.9236332084191837
2026-01-16,0.7166568801439028,-1.0577886042197424,0.9990813424272308
2026-01-19,0.7166568801439028,-1.0577886042197424,0.9990813424272308
2026-01-20,0.7350908588359865,-1.1619497924116984,1.0730071222153166
2026-01-21,0.7481873129519342,-1.1233298794282462,1.0192455392938826
2026-01-22,0.7208010667573594,-1.042256347662059,1.0039119366158267
2026-01-23,0.7207713187365662,-1.032462438765612,0.9873508196492924
2026-01-26,0.7145446592354067,-1.020811166262087,0.9692715191875407
2026-01-27,0.742994949988102,-1.1105101335640115,0.9939642902379008
2026-01-28,0.7356156450451686,-1.1059791674535073,1.0151944454148294
2026-01-29,0.7556822743577463,-1.1569156645957515,1.0022022954134602
2026-01-30,0.7800558162210168,-1.2255175697809872,1.0152959607477992
2026-02-02,0.7521333860738532,-1.1996759069508376,1.0555227980890718
2026-02-03,0.7588540726311106,-1.204775091586399,1.0500364762120897
2026-02-04,0.7607998716062921,-1.2196632063231778,1.060210644297568
2026-02-05,0.8262342135646389,-1.2843855855650244,0.9704083578948356
2026-02-06,0.8087238233913037,-1.251027257284079,0.9806311427293436
2026-02-09,0.8239375520618386,-1.2724616379623854,0.9714802255327543
2026-02-10,0.8460646933395063,-1.247764682370719,0.8973918458952143
2026-02-11,0.8143173052079697,-1.2007054366120629,0.9377233559631882
2026-02-12,0.8583017940006372,-1.1697435605347397,0.8241868650208485
2026-02-13,0.9205688401526756,-1.2334483812013064,0.7618312305597552
2026-02-16,0.9205688401526756,-1.2334483812013064,0.7618312305597552
2026-02-17,0.8863889507493591,-1.1518858264279792,0.7638853635867079
2026-02-18,0.8539409322506648,-1.1293983616309415,0.805752002547647
2026-02-19,0.858442942829388,-1.1193818184057975,0.7920761301692923
2026-02-20,0.8778558292492127,-1.15341798099775,0.7988782679318601
2026-02-23,0.9517742439510891,-1.221962257249419,0.7362875409341162
2026-02-24,0.9265318491990028,-1.186298696256158,0.748998271424305
2026-02-25,0.9052076208114973,-1.1570972608924546,0.7587746141006648
2026-02-26,0.9448902046651285,-1.176756284665812,0.7101702712185309
2026-02-27,1.005341411048393,-1.2436047102638994,0.65226042386756
2026-03-02,0.9455625962460713,-1.1609294808894215,0.7376026320285124
2026-03-03,0.9281508760610192,-1.133886165069604,0.7485030523542326
2026-03-04,0.8825450586436302,-1.0846199902951599,0.788985753941043
2026-03-05,0.8289169470146543,-1.0480138959469656,0.8452611300140384
2026-03-06,0.8336638766501164,-1.1116164046526635,0.8773053678773518
2026-03-09,0.8366006920647663,-1.0476926386431051,0.8274816652776323
2026-03-10,0.851452629975356,-1.1206930311185757,0.8716641789617335
2026-03-11,0.8270075806837315,-1.1480027432087299,0.9568555568870353
2026-03-12,0.7201532351441363,-0.9916365127471751,1.0297218186117287
2026-03-13,0.7423844390915522,-1.0566428115789295,1.0456416033796523
2026-03-16,0.8068491200865545,-1.0892821686102876,0.9655659067355638
2026-03-17,0.810461161255863,-1.08323211577108,0.9466599433783222
2026-03-18,0.7251209849789286,-0.9729727112025999,1.0144370682044561
2026-03-19,0.6790437874811933,-0.8490505447673178,0.9958972532438749
2026-03-20,0.6081117782742017,-0.8663932354229553,1.1666710376892855
2026-03-23,0.6459662176107953,-0.8911922556643559,1.10608492861991
2026-03-24,0.5661354679547236,-0.7852868026332905,1.1663562615196927
2026-03-25,0.6052009703738572,-0.8137862122396188,1.1002067699053768
2026-03-26,0.47530474061318373,-0.6617560571666948,1.2079627822428198
2026-03-27,0.5408837128237065,-0.8348121744171972,1.228756668754954
2026-03-30,0.6049004270588978,-0.8771858958207063,1.1296257288277796
2026-03-31,0.6422343283605056,-0.9031060493174936,1.0766422569523206
2026-04-01,0.6065533483087845,-0.8890532543811214,1.1245236248333352
2026-04-02,0.6128797090950855,-0.8762803021555009,1.0927476664956346
2026-04-03,0.5605042620872436,-0.8192947001164167,1.1446866615454454
2026-04-06,0.5665006789315908,-0.7940581400136908,1.1210194551147814
2026-04-07,0.5999768190199878,-0.8882434267886126,1.1193396652757701
2026-04-08,0.6274522003640121,-0.9105393416734002,1.0849482342046326
2026-04-09,0.6301886938543193,-0.9440022269941957,1.095544667037683
2026-04-10,0.6094675267185224,-0.9067606356791125,1.1131624907835185
2026-04-13,0.6539353765546773,-0.9341300111542835,1.0808947257064623
2026-04-14,0.6970848754269258,-0.9437965404506421,1.0233261939219818
2026-04-15,0.6780720028311743,-0.9501294560499635,1.0591367719831661
2026-04-16,0.6592472575629322,-0.9842893146388064,1.1057685789508063
2026-04-17,0.7186696921951532,-1.0395655038012521,1.0321897073346797
2026-04-20,0.7179662449550506,-1.018258950302763,1.0292249659502013
2026-04-21,0.6286554737943307,-0.9126673226637588,1.0849791253136398
2026-04-22,0.6268429650512671,-0.9126325526775775,1.0904097801273132
2026-04-23,0.589397836536229,-0.8815097110607955,1.1331857695342997
2026-04-24,0.6337450156158196,-0.9415934407467633,1.0999944333822032
2026-04-27,0.6217920681411137,-0.9580870181031376,1.1420747902463415
2026-04-28,0.5675680815095662,-0.880202903493626,1.1646588663776807
2026-04-29,0.48782777769418045,-0.8000300619641278,1.2439122978669848
2026-04-30,0.5481367147223964,-0.8801692225843378,1.2157841469348496
2026-05-01,0.5380072044198426,-0.8570391221802707,1.2098226330164537
2026-05-04,0.5037189244871887,-0.8165879630607238,1.2701857657483568
2026-05-05,0.4754240239830744,-0.7627980651454166,1.2516415552906817
2026-05-06,0.559917573701331,-0.8372157991144248,1.162710417324156
2026-05-07,0.518274461211237,-0.7998385420120683,1.2162019408238058
2026-05-08,0.5321607489178684,-0.7983718505850135,1.1843857211739175
2026-05-11,0.500519669427333,-0.763243497729473,1.230389163423446
2026-05-12,0.46395457793234934,-0.7578632774496038,1.2950860203575412
2026-05-13,0.47319525764899456,-0.7847022343507117,1.2965959159681415
2026-05-14,0.4346165339410657,-0.7166944976378451,1.3012735610481654
2026-05-15,0.33032615544920774,-0.6923830072626458,1.4661392961589215
2026-05-18,0.32085132431446706,-0.7136401371796331,1.4863156561256037
2026-05-19,0.24186363856754167,-0.6659178213132035,1.5701222626417264
2026-05-20,0.31806518587443433,-0.7149391371551892,1.4555435125712932
2026-05-21,0.3323148827596193,-0.6541219952135379,1.4316418923821972
2026-05-22,0.27880875141173067,-0.5282922900482632,1.4210655474793943
2026-05-25,0.27880875141173067,-0.5282922900482632,1.4210655474793943
2026-05-26,0.38185080112612585,-0.6463058183107437,1.3395948590508953
2026-05-27,0.38345021702951587,-0.6372135171031728,1.3200033189277065
2026-05-28,0.3997858514362379,-0.6211514416961863,1.2803954598830538
2026-05-29,0.42462298498792017,-0.6647866255646561,1.2744011368657255
2026-06-01,0.39870611522838567,-0.5791629239325626,1.2855909876267857
2026-06-02,0.3847227436805144,-0.5502144673471662,1.2736208107252136
2026-06-03,0.344463196825078,-0.5139003209407165,1.3152801440700728
2026-06-04,0.37197903539735067,-0.5406858184022467,1.28521886666112
2026-06-05,0.2514386226466356,-0.38978807106399177,1.3817880672666252
2026-06-08,0.2754209727864917,-0.4453025172795608,1.3925329027966544
2026-06-09,0.30319544287795835,-0.4543468090461829,1.3531842907372764
2026-06-10,0.30318068222702765,-0.4769068611445224,1.3741837428033667
2026-06-11,0.369214368814094,-0.503126285951382,1.2631071732855603
2026-06-12,0.33860396618867283,-0.47449293126014264,1.2969727654589673
2026-06-15,0.37035740165917896,-0.5179969711340995,1.2786692330115221
2026-06-16,0.3696645699117055,-0.47761148892764016,1.2335578572461965
2026-06-17,0.2590600536432228,-0.22936144867627709,1.2824904795308265
2026-06-18,0.2944231873304911,-0.2258129585766233,1.2296548966081726
2026-06-19,0.2944231873304911,-0.2258129585766233,1.2296548966081726
2026-06-22,0.26410209287345376,-0.20787785112460752,1.2923533102079754
2026-06-23,0.2828053542093051,-0.2590977768457246,1.2817633271267221
2026-06-24,0.35521247737750605,-0.2660993211960827,1.160200790443798
2026-06-25,0.3987996322001899,-0.3199870051470479,1.139977588417423
2026-06-26,0.44472382390832016,-0.39709101096892757,1.1231354797223596
2026-06-29,0.4554622635853425,-0.3463929693167189,1.1018424083327925
2026-06-30,0.4153887620041429,-0.35304665363465937,1.1803867357530728
2026-07-01,0.36378153565794574,-0.3547383703560232,1.2562108754959096
2026-07-02,0.38623879231795993,-0.4268350809772692,1.266650831670132
2026-07-03,0.38623879231795993,-0.4268350809772692,1.266650831670132
2026-07-06,0.4355497978739402,-0.4819387991679461,1.2461948495645685
2026-07-07,0.3972796980436087,-0.4620911449648779,1.3210539155462577
2026-07-08,0.3552881925778353,-0.4245347716885634,1.3544487808871186
2026-07-09,0.39803955952057,-0.4930742539920504,1.3284730796131035
2026-07-10,0.3751529370296923,-0.44301226412991535,1.3474567435760252
2026-07-13,0.3408927679624122,-0.3774175701050666,1.3945992419263729
2026-07-14,0.3636085712011814,-0.47604154105482893,1.3762448420328484
2026-07-15,0.421260113706727,-0.56999463842858,1.3427315677385079
2026-07-16,0.42147930364884034,-0.5565821656627336,1.3543975238374808
2026-07-17,0.39760123440838435,-0.4875243499106368,1.335947441413551
2026-07-20,0.3775688302886059,-0.49382442737789056,1.393983102912586
2026-07-21,0.34732713719133435,-0.4310518684174494,1.4231111502190015
2026-07-22,0.33163944808438994,-0.4011884251983666,1.4520177709094813
2026-07-23,0.3355714790001631,-0.35123111227568077,1.4672998960135426
2026-07-24,0.36711133341107244,-0.3935872554382685,1.440240354788198
2026-07-27,0.38498731465799585,-0.3697999768362221,1.3929564727173889
2026-07-28,0.3754266928585893,-0.3906111696898196,1.3695265575949556
2026-07-29,0.3632173226435085,-0.587879535112563,1.4939481121742582
2026-07-30,0.38367885382080286,-0.5994373728331673,1.4926600738722644
2026-07-31,0.3361229869312142,-0.590893897784167,1.5763788133467858
2026-08-03,0.4162565054140685,-0.5978577967306944,1.4870632938072645
2026-08-04,0.46406264269687036,-0.63522273549014,1.4146640785638522
2026-08-05,0.4536991508599628,-0.6365862741479829,1.4180605079785285
2026-08-06,0.4088505201931383,-0.5906532119081193,1.4818638176317487
2026-08-07,0.4368639706008668,-0.6496926706447201,1.449098165876444
2026-08-10,0.4020167864604455,-0.629625955212398,1.5195989915822001
2026-08-11,0.4345367495880395,-0.6765276815189032,1.4996890416225483
2026-08-12,0.4383869786739458,-0.7045066669586745,1.4950382559000697
2026-08-13,0.4906596296455154,-0.7538543918513009,1.437061693245946
2026-08-14,0.46254124348056497,-0.7629997709120662,1.496198487114045
2026-08-17,0.4785505232012578,-0.8307945575287836,1.5428082552796496
2026-08-18,0.45041698085206033,-0.7817937267193109,1.5323423312568705
2026-08-19,0.4114340156363603,-0.6257096114110381,1.4509883346458519
2026-08-20,0.4079673132892919,-0.6544920126133804,1.4926840889824828
2026-08-21,0.38197412107462003,-0.642345582492151,1.546128256243696
2026-08-24,0.36990466802733923,-0.5806836650103179,1.508393284010217
2026-08-25,0.4169934166255006,-0.6062390885890891,1.4328298527939767
2026-08-26,0.3799912912636565,-0.567845787730715,1.4609285359158806
2026-08-27,0.3747665860608411,-0.5642855047822464,1.472301472013303
2026-08-28,0.31946286444237154,-0.4057920696787317,1.5125927015180063
2026-08-31,0.3278422402175187,-0.45253676334023063,1.5409001823136554
