{
  "maturities": [
    0.25,
    0.5,
    0.75,
    1.0,
    1.5,
    2.0,
    3.0,
    4.0,
    5.0,
    6.0,
    7.0,
    8.0,
    9.0,
    10.0,
    12.0,
    15.0,
    20.0,
    25.0,
    30.0
  ],
  "ns_sensitivities": {
    "b0_level": [
      1.0,
      1.0,
      1.0,
      1.0,
      1.0,
      1.0,
      1.0,
      1.0,
      1.0,
      1.0,
      1.0,
      1.0,
      1.0,
      1.0,
      1.0,
      1.0,
      1.0,
      1.0,
      1.0
    ],
    "b1_slope": [
      0.7133892975598631,
      0.508924289872955,
      0.3630611416636195,
      0.2590039328226915,
      0.13181339258609082,
      0.0670830372176213,
      0.0173747704650549,
      0.004500133882340764,
      0.0011655523737549062,
      0.00030188264871334406,
      7.818879326768722e-05,
      2.0251204958991354e-05,
      5.245141728777159e-06,
      1.3585123359656965e-06,
      9.11331335941843e-08,
      1.5834172779601401e-09,
      1.8455557669709735e-12,
      2.1510919050900667e-15,
      2.5072102761426994e-18
    ],
    "b2_curvature": [
      0.24093154652793713,
      0.34375597347515313,
      0.36784774867416964,
      0.3498915293808573,
      0.26710244718407244,
      0.18124656434197672,
      0.07041535946275945,
      0.024317140042637634,
      0.00787279363255413,
      0.002446901415759554,
      0.000739383271562993,
      0.00021886077165499788,
      6.377152567416024e-05,
      1.8352306613011954e-05,
      1.4773541610598516e-06,
      3.208586180501092e-08,
      4.986366985440314e-11,
      7.264839845366291e-14,
      1.0161061592059122e-16
    ],
    "lambda": [
      -0.005132660706235826,
      -0.005460011208425757,
      -0.003848933566703828,
      -0.0017646367154548885,
      0.0015482936668248745,
      0.003015333711688646,
      0.0026980814416759334,
      0.0014589477247104422,
      0.0006430238332599389,
      0.0002529037173383402,
      9.245007887050157e-05,
      3.2110545110086894e-05,
      1.0738920199366024e-05,
      3.4883479194715127e-06,
      3.4486890789830496e-07,
      9.5768891646583e-09,
      2.028838170266235e-11,
      3.743405851568494e-14,
      6.337222859959703e-17
    ]
  },
  "pc_sensitivities": {
    "PC1": [
      0.01685746939785401,
      0.08269739883619133,
      0.09569231035440198,
      0.08046842641169123,
      0.018878397138480073,
      -0.04387361005461616,
      -0.12513885414481743,
      -0.15940282000108488,
      -0.17183218189506547,
      -0.17600631500669384,
      -0.17734359618520493,
      -0.17775859616807632,
      -0.1778844540066311,
      -0.17792196360775295,
      -0.1779361969674339,
      -0.177937459907949,
      -0.1779374893221214,
      -0.1779374893714596,
      -0.17793748937153675
    ],
    "PC2": [
      1.1884033545640456,
      1.043871450642095,
      0.9420903761956645,
      0.8703630793320921,
      0.784073734995682,
      0.7410242631582419,
      0.7086490381790219,
      0.7004280923163039,
      0.6983085734097919,
      0.6977536281614056,
      0.6976061434056023,
      0.6975664020940058,
      0.697555561755785,
      0.6975525740749636,
      0.6975515114512012,
      0.6975514225623275,
      0.6975514205157566,
      0.6975514205120963,
      0.6975514205120901
    ],
    "PC3": [
      -0.010187256876994039,
      -0.11946359529745304,
      -0.21068810971968063,
      -0.28506160399589053,
      -0.39167950700664705,
      -0.4568860836956721,
      -0.5176560536120717,
      -0.5372717235359471,
      -0.5432688389358683,
      -0.5450368964901916,
      -0.5455446016860033,
      -0.5456874731046596,
      -0.5457270302571564,
      -0.5457378351465161,
      -0.5457415315880824,
      -0.545741806058144,
      -0.5457418109251888,
      -0.5457418109299331,
      -0.5457418109299361
    ],
    "PC4": [
      0.39282076902191715,
      0.5161626662241665,
      0.5710161103871265,
      0.5867223005021277,
      0.5658445307436369,
      0.5268517794240573,
      0.46846184814827174,
      0.44265565238888976,
      0.43331461904764207,
      0.43023548824993746,
      0.4292744652250448,
      0.42898511302359416,
      0.42890018878834996,
      0.42887573597461687,
      0.4288668550763924,
      0.4288661263881498,
      0.428866111319472,
      0.4288661112989176,
      0.4288661112988919
    ]
  },
  "mean_parameters": {
    "b0_level": 0.033938435352905034,
    "b1_slope": -0.007902047108647123,
    "b2_curvature": -0.011879702595464567,
    "lambda": 0.7402406490977536
  }
}